JvmtiExport can_access_local_variables 0
JvmtiExport can_hotswap_or_post_breakpoint 0
JvmtiExport can_post_on_exceptions 0
# 630 ciObject found
ciInstanceKlass java/lang/Cloneable 1 0 7 100 1 100 1 1 1
instanceKlass org/springframework/boot/autoconfigure/sql/init/SettingsCreator
instanceKlass org/springframework/boot/web/servlet/context/WebServerStartStopLifecycle
instanceKlass org/springframework/boot/web/context/WebServerGracefulShutdownLifecycle
instanceKlass org/apache/naming/ContextAccessController
instanceKlass org/apache/naming/StringManager
instanceKlass org/apache/naming/ContextBindings
instanceKlass org/apache/catalina/mapper/WrapperMappingInfo
instanceKlass org/apache/catalina/mapper/Mapper$ContextList
instanceKlass org/apache/tomcat/util/threads/Constants
instanceKlass org/apache/tomcat/util/threads/TaskThread$WrappingRunnable
instanceKlass org/apache/catalina/core/ContainerBase$ContainerBackgroundProcessorMonitor
instanceKlass jdk/internal/vm/annotation/IntrinsicCandidate
instanceKlass org/apache/catalina/util/Introspection
instanceKlass org/apache/catalina/core/ApplicationFilterConfig
instanceKlass jakarta/servlet/HttpConstraintElement
instanceKlass org/apache/catalina/core/StandardContext$NoPluggabilityServletContext
instanceKlass org/apache/tomcat/websocket/server/WsContextListener
instanceKlass org/apache/tomcat/websocket/server/WsSessionListener
instanceKlass jakarta/servlet/GenericFilter
instanceKlass java/nio/channels/CompletionHandler
instanceKlass jakarta/websocket/SendHandler
instanceKlass org/apache/tomcat/websocket/server/WsWriteTimeout
instanceKlass org/apache/tomcat/websocket/WsExtension
instanceKlass jakarta/websocket/Extension
instanceKlass org/apache/tomcat/websocket/Constants
instanceKlass jakarta/websocket/CloseReason
instanceKlass jakarta/websocket/Session
instanceKlass jakarta/websocket/EndpointConfig
instanceKlass org/apache/tomcat/websocket/WsRemoteEndpointImplBase
instanceKlass jakarta/websocket/RemoteEndpoint
instanceKlass org/apache/tomcat/websocket/AsyncChannelWrapper
instanceKlass jakarta/websocket/HandshakeResponse
instanceKlass org/apache/tomcat/websocket/ClientEndpointHolder
instanceKlass jakarta/websocket/CloseReason$CloseCode
instanceKlass org/apache/tomcat/websocket/WsWebSocketContainer
instanceKlass org/apache/tomcat/websocket/BackgroundProcess
instanceKlass org/apache/catalina/core/ApplicationFilterRegistration
instanceKlass org/apache/tomcat/util/descriptor/web/Constants
instanceKlass org/apache/catalina/core/ApplicationServletRegistration
instanceKlass org/apache/tomcat/util/modeler/Util
instanceKlass org/apache/catalina/core/StandardWrapperFacade
instanceKlass org/springframework/boot/web/servlet/ServletContextInitializerBeans$ServletListenerRegistrationBeanAdapter
instanceKlass jakarta/servlet/ServletContextListener
instanceKlass jakarta/servlet/http/HttpSessionListener
instanceKlass jakarta/servlet/http/HttpSessionIdListener
instanceKlass jakarta/servlet/http/HttpSessionAttributeListener
instanceKlass jakarta/servlet/ServletRequestAttributeListener
instanceKlass jakarta/servlet/ServletContextAttributeListener
instanceKlass org/apache/catalina/loader/WebappClassLoaderBase$CombinedEnumeration
instanceKlass jakarta/servlet/FilterChain
instanceKlass jakarta/servlet/FilterConfig
instanceKlass org/springframework/boot/web/servlet/ServletContextInitializerBeans$FilterRegistrationBeanAdapter
instanceKlass org/springframework/boot/web/servlet/ServletContextInitializerBeans$ServletRegistrationBeanAdapter
instanceKlass java/sql/ShardingKey
instanceKlass java/sql/Struct
instanceKlass com/zaxxer/hikari/pool/ProxyConnection$ClosedConnection
instanceKlass com/zaxxer/hikari/pool/ProxyDatabaseMetaData
instanceKlass org/h2/jdbc/JdbcDatabaseMetaDataBackwardsCompat
instanceKlass java/sql/ResultSet
instanceKlass com/zaxxer/hikari/pool/ProxyConnection
instanceKlass com/zaxxer/hikari/pool/ProxyFactory
instanceKlass com/zaxxer/hikari/pool/ProxyLeakTask
instanceKlass java/util/concurrent/TimeUnit$1
instanceKlass com/zaxxer/hikari/pool/HikariPool$HouseKeeper
instanceKlass com/zaxxer/hikari/pool/ProxyLeakTaskFactory
instanceKlass java/util/concurrent/ThreadPoolExecutor$CallerRunsPolicy
instanceKlass com/zaxxer/hikari/pool/HikariPool$CustomDiscardPolicy
instanceKlass com/zaxxer/hikari/pool/PoolBase$NopMetricsTrackerDelegate
instanceKlass java/util/concurrent/Executors$RunnableAdapter
instanceKlass com/zaxxer/hikari/pool/HikariPool$MaxLifetimeTask
instanceKlass org/h2/result/LocalResult
instanceKlass org/h2/expression/aggregate/AggregateData
instanceKlass org/h2/engine/SessionLocal$1
instanceKlass org/h2/engine/SessionLocal$Savepoint
instanceKlass org/h2/result/ResultWithGeneratedKeys
instanceKlass org/h2/result/ResultInterface
instanceKlass org/h2/command/Token
instanceKlass org/h2/command/Tokenizer
instanceKlass org/h2/expression/function/table/TableFunction
instanceKlass org/h2/expression/ExpressionWithFlags
instanceKlass org/h2/expression/ParameterInterface
instanceKlass org/h2/expression/ExpressionWithVariableParameters
instanceKlass org/h2/command/Command
instanceKlass org/h2/result/ResultTarget
instanceKlass org/h2/expression/function/NamedExpression
instanceKlass org/h2/command/dml/MergeUsing$When
instanceKlass org/h2/command/ParserBase
instanceKlass org/h2/mvstore/StreamStore
instanceKlass org/h2/mvstore/db/LobStorageMap$BlobReference
instanceKlass org/h2/mvstore/db/NullValueDataType
instanceKlass org/h2/mvstore/db/LobStorageMap$BlobMeta
instanceKlass org/h2/mvstore/db/LobStorageMap
instanceKlass org/h2/index/SingleRowCursor
instanceKlass org/h2/command/Prepared
instanceKlass org/h2/engine/MetaRecord
instanceKlass org/h2/mvstore/tx/Snapshot
instanceKlass org/h2/mvstore/tx/TransactionMap$2
instanceKlass org/h2/mvstore/db/MVPrimaryIndex$MVStoreCursor
instanceKlass org/h2/result/SortOrder
instanceKlass org/h2/util/ParserUtil
instanceKlass org/h2/mvstore/tx/TransactionMap$TMIterator
instanceKlass org/h2/mvstore/tx/VersionedValueType$Factory
instanceKlass org/h2/mvstore/tx/Record
instanceKlass org/h2/mvstore/tx/Transaction
instanceKlass org/h2/index/IndexType
instanceKlass org/h2/table/IndexColumn
instanceKlass org/h2/index/Cursor
instanceKlass org/h2/index/SpatialIndex
instanceKlass org/h2/value/ExtTypeInfo
instanceKlass org/h2/table/ColumnResolver
instanceKlass org/h2/expression/Expression
instanceKlass org/h2/table/Column
instanceKlass org/h2/command/ddl/CreateTableData
instanceKlass org/h2/mvstore/Cursor
instanceKlass org/h2/util/TimeZoneProvider
instanceKlass org/h2/util/DateTimeUtils
instanceKlass org/h2/table/ColumnTemplate
instanceKlass org/h2/mvstore/MVMap$4
instanceKlass org/h2/mvstore/CursorPos
instanceKlass org/h2/mvstore/MVMap$IntValueHolder
instanceKlass org/h2/mvstore/MVMap$BasicBuilder
instanceKlass org/h2/mvstore/tx/TransactionStore
instanceKlass org/h2/mvstore/RootReference
instanceKlass org/h2/mvstore/Page$PageReference
instanceKlass java/util/concurrent/atomic/AtomicLongFieldUpdater$CASUpdater$1
instanceKlass java/util/concurrent/atomic/AtomicLongFieldUpdater
instanceKlass org/h2/mvstore/Page
instanceKlass org/h2/mvstore/MVMap$DecisionMaker
instanceKlass org/h2/mvstore/DataUtils
instanceKlass org/h2/mvstore/MVStore$TxCounter
instanceKlass org/h2/compress/Compressor
instanceKlass org/h2/mvstore/MVMap$MapBuilder
instanceKlass org/h2/mvstore/FileStore
instanceKlass org/h2/mvstore/MVStore
instanceKlass org/h2/mvstore/MVStore$Builder
instanceKlass org/h2/mvstore/db/Store
instanceKlass org/h2/message/Trace
instanceKlass org/h2/message/TraceSystem
instanceKlass org/h2/message/TraceWriter
instanceKlass org/h2/mvstore/db/ValueDataType$Factory
instanceKlass org/h2/value/lob/LobData
instanceKlass org/h2/mvstore/db/RowDataType$Factory
instanceKlass org/h2/mvstore/type/StatefulDataType$Factory
instanceKlass org/h2/mvstore/type/BasicDataType
instanceKlass org/h2/mvstore/type/DataType
instanceKlass org/h2/mvstore/type/StatefulDataType
instanceKlass org/h2/result/RowFactory$Holder
instanceKlass org/h2/result/RowFactory
instanceKlass org/h2/util/TempFileDeleter
instanceKlass org/h2/api/IntervalQualifier$1
instanceKlass org/h2/value/DataType
instanceKlass org/h2/engine/Mode
instanceKlass org/h2/engine/DbObject
instanceKlass org/h2/engine/Database
instanceKlass org/h2/engine/Engine$DatabaseHolder
instanceKlass org/h2/engine/Engine
instanceKlass java/text/Collator
instanceKlass org/h2/value/CompareMode
instanceKlass org/h2/jdbc/meta/DatabaseMeta
instanceKlass org/h2/store/LobStorageInterface
instanceKlass org/h2/command/CommandInterface
instanceKlass org/h2/mvstore/tx/TransactionStore$RollbackListener
instanceKlass org/h2/engine/Session
instanceKlass org/h2/store/DataHandler
instanceKlass org/h2/security/SHA256
instanceKlass org/h2/engine/SettingsBase
instanceKlass org/h2/util/StringUtils
instanceKlass org/h2/util/MathUtils
instanceKlass org/h2/engine/SysProperties
instanceKlass org/h2/command/dml/SetTypes
instanceKlass org/h2/engine/ConnectionInfo
instanceKlass org/h2/util/IOUtils
instanceKlass org/h2/util/Utils
instanceKlass java/util/concurrent/atomic/AtomicReferenceFieldUpdater$AtomicReferenceFieldUpdaterImpl$1
instanceKlass java/util/concurrent/atomic/AtomicReferenceFieldUpdater
instanceKlass org/h2/jdbc/JdbcException
instanceKlass java/util/concurrent/atomic/AtomicIntegerArray
instanceKlass java/sql/Blob
instanceKlass java/sql/NClob
instanceKlass java/sql/SQLXML
instanceKlass java/sql/Array
instanceKlass java/sql/Savepoint
instanceKlass java/sql/CallableStatement
instanceKlass java/sql/PreparedStatement
instanceKlass java/sql/Statement
instanceKlass java/sql/Clob
instanceKlass org/h2/value/VersionedValue
instanceKlass org/h2/value/Typed
instanceKlass org/h2/util/HasSQL
instanceKlass java/sql/DatabaseMetaData
instanceKlass org/h2/message/TraceObject
instanceKlass org/h2/engine/CastDataProvider
instanceKlass org/h2/jdbc/JdbcConnectionBackwardsCompat
instanceKlass sun/reflect/misc/ReflectUtil
instanceKlass com/zaxxer/hikari/util/FastList
instanceKlass java/util/concurrent/atomic/AtomicIntegerFieldUpdater$AtomicIntegerFieldUpdaterImpl$1
instanceKlass java/util/concurrent/atomic/AtomicIntegerFieldUpdater
instanceKlass com/zaxxer/hikari/pool/PoolEntry
instanceKlass com/zaxxer/hikari/util/ClockSource$NanosecondClockSource
instanceKlass com/zaxxer/hikari/util/ClockSource$Factory
instanceKlass com/zaxxer/hikari/util/ClockSource
instanceKlass java/util/concurrent/ThreadPoolExecutor$DiscardPolicy
instanceKlass com/zaxxer/hikari/util/SuspendResumeLock
instanceKlass java/util/concurrent/SynchronousQueue$TransferQueue$QNode
instanceKlass com/zaxxer/hikari/util/ConcurrentBag
instanceKlass com/zaxxer/hikari/pool/HikariPool$PoolEntryCreator
instanceKlass com/zaxxer/hikari/util/UtilityElf$DefaultThreadFactory
instanceKlass java/sql/DriverManager$2
instanceKlass java/sql/DriverManager$1
instanceKlass com/zaxxer/hikari/util/DriverDataSource
instanceKlass com/zaxxer/hikari/SQLExceptionOverride
instanceKlass com/zaxxer/hikari/metrics/PoolStats
instanceKlass com/zaxxer/hikari/util/ConcurrentBag$IConcurrentBagEntry
instanceKlass com/zaxxer/hikari/pool/PoolBase$IMetricsTrackerDelegate
instanceKlass org/slf4j/helpers/FormattingTuple
instanceKlass org/slf4j/helpers/NormalizedParameters
instanceKlass org/slf4j/helpers/MessageFormatter
instanceKlass com/zaxxer/hikari/util/UtilityElf
instanceKlass java/sql/ShardingKeyBuilder
instanceKlass java/sql/ConnectionBuilder
instanceKlass com/zaxxer/hikari/metrics/MetricsTrackerFactory
instanceKlass com/zaxxer/hikari/pool/PoolBase
instanceKlass com/zaxxer/hikari/util/ConcurrentBag$IBagStateListener
instanceKlass java/sql/DriverInfo
instanceKlass java/sql/DriverManager
instanceKlass java/sql/Connection
instanceKlass com/zaxxer/hikari/HikariPoolMXBean
instanceKlass org/springframework/boot/autoconfigure/jdbc/DataSourceConfiguration
instanceKlass org/h2/Driver
instanceKlass org/h2/JdbcDriverBackwardsCompat
instanceKlass java/sql/Driver
instanceKlass org/springframework/boot/jdbc/EmbeddedDatabaseConnection$1
instanceKlass org/springframework/jdbc/core/ConnectionCallback
instanceKlass org/springframework/boot/web/servlet/ServletContextInitializerBeans$RegistrationBeanAdapter
instanceKlass org/springframework/web/context/support/ServletContextScope
instanceKlass org/apache/tomcat/InstanceManagerBindings
instanceKlass org/apache/catalina/core/DefaultInstanceManager$AnnotationCacheEntry
instanceKlass org/apache/catalina/core/DefaultInstanceManager
instanceKlass org/apache/tomcat/util/descriptor/web/FilterDef
instanceKlass org/apache/catalina/startup/WebAnnotationSet
instanceKlass org/apache/catalina/webresources/EmptyResource
instanceKlass org/apache/tomcat/util/compat/JrePlatform
instanceKlass org/apache/catalina/webresources/CachedResource
instanceKlass org/apache/catalina/security/SecurityUtil
instanceKlass org/apache/tomcat/util/http/RequestUtil
instanceKlass org/apache/catalina/webresources/TomcatURLStreamHandlerFactory
instanceKlass org/apache/catalina/WebResource
instanceKlass org/apache/catalina/webresources/Cache
instanceKlass org/apache/catalina/core/ApplicationSessionCookieConfig
instanceKlass org/apache/catalina/core/ApplicationContextFacade
instanceKlass jakarta/servlet/RequestDispatcher
instanceKlass jakarta/servlet/FilterRegistration$Dynamic
instanceKlass jakarta/servlet/FilterRegistration
instanceKlass jakarta/servlet/SessionCookieConfig
instanceKlass org/apache/catalina/core/ApplicationContext
instanceKlass org/apache/catalina/util/ContextName
instanceKlass org/apache/catalina/core/ContainerBase$StartChild
instanceKlass org/apache/catalina/realm/X509SubjectDnRetriever
instanceKlass java/util/logging/LogRecord
instanceKlass org/apache/tomcat/util/threads/ScheduledThreadPoolExecutor
instanceKlass java/util/concurrent/RunnableScheduledFuture
instanceKlass java/util/concurrent/ScheduledFuture
instanceKlass java/util/concurrent/Delayed
instanceKlass org/apache/tomcat/util/threads/TaskThreadFactory
instanceKlass org/apache/tomcat/util/buf/StringUtils
instanceKlass org/apache/catalina/util/ServerInfo
instanceKlass org/apache/catalina/connector/CoyoteAdapter
instanceKlass org/apache/catalina/Executor
instanceKlass org/apache/catalina/mbeans/MBeanUtils
instanceKlass org/apache/catalina/mbeans/MBeanFactory
instanceKlass org/apache/tomcat/util/buf/StringCache
instanceKlass com/sun/jmx/mbeanserver/Util
instanceKlass javax/management/ObjectName$Property
instanceKlass com/sun/jmx/mbeanserver/GetPropertyAction
instanceKlass org/apache/tomcat/util/net/SocketWrapperBase
instanceKlass org/apache/tomcat/util/net/SSLImplementation
instanceKlass org/springframework/boot/web/embedded/tomcat/DisableReferenceClearingContextCustomizer
instanceKlass java/util/Base64$Encoder
instanceKlass java/util/Base64$Decoder
instanceKlass java/util/Base64
instanceKlass javax/crypto/SecretKey
instanceKlass sun/security/util/Length
instanceKlass sun/security/util/KeyUtil
instanceKlass java/security/interfaces/XECKey
instanceKlass java/security/interfaces/ECKey
instanceKlass sun/security/util/JarConstraintsParameters
instanceKlass sun/security/util/ConstraintsParameters
instanceKlass java/security/spec/DSAParameterSpec
instanceKlass java/security/interfaces/DSAParams
instanceKlass java/security/interfaces/DSAPrivateKey
instanceKlass java/security/Timestamp
instanceKlass sun/security/timestamp/TimestampToken
instanceKlass java/security/cert/CertPath
instanceKlass java/math/MutableBigInteger
instanceKlass sun/security/rsa/RSAPadding
instanceKlass sun/security/rsa/RSACore
instanceKlass java/security/interfaces/RSAPrivateCrtKey
instanceKlass sun/security/pkcs/PKCS8Key
instanceKlass java/security/interfaces/RSAPrivateKey
instanceKlass java/security/PrivateKey
instanceKlass javax/security/auth/Destroyable
instanceKlass sun/security/jca/ServiceId
instanceKlass java/security/Signature$1
instanceKlass jdk/internal/access/JavaSecuritySignatureAccess
instanceKlass java/security/SignatureSpi
instanceKlass jdk/internal/icu/util/CodePointTrie$Data
instanceKlass jdk/internal/icu/util/CodePointTrie$1
instanceKlass jdk/internal/icu/util/CodePointMap
instanceKlass jdk/internal/icu/util/VersionInfo
instanceKlass jdk/internal/icu/impl/ICUBinary$1
instanceKlass jdk/internal/icu/impl/ICUBinary
instanceKlass jdk/internal/icu/impl/NormalizerImpl$IsAcceptable
instanceKlass jdk/internal/icu/impl/ICUBinary$Authenticate
instanceKlass jdk/internal/icu/impl/NormalizerImpl
instanceKlass jdk/internal/icu/impl/Norm2AllModes$Norm2AllModesSingleton
instanceKlass jdk/internal/icu/impl/Norm2AllModes$NFKCSingleton
instanceKlass jdk/internal/icu/impl/Norm2AllModes
instanceKlass jdk/internal/icu/text/Normalizer2
instanceKlass jdk/internal/icu/text/NormalizerBase$ModeImpl
instanceKlass jdk/internal/icu/text/NormalizerBase$NFKDModeImpl
instanceKlass jdk/internal/icu/text/NormalizerBase$1
instanceKlass jdk/internal/icu/text/NormalizerBase$Mode
instanceKlass jdk/internal/icu/text/NormalizerBase
instanceKlass java/text/Normalizer
instanceKlass sun/security/x509/AVAKeyword
instanceKlass sun/security/util/SignatureUtil
instanceKlass sun/security/pkcs/ESSCertId
instanceKlass sun/security/pkcs/SigningCertificateInfo
instanceKlass sun/security/x509/AccessDescription
instanceKlass sun/security/x509/DNSName
instanceKlass sun/security/x509/URIName
instanceKlass sun/security/x509/GeneralName
instanceKlass sun/security/x509/DistributionPoint
instanceKlass sun/security/x509/CertificatePolicyId
instanceKlass sun/security/x509/PolicyInformation
instanceKlass sun/security/pkcs/PKCS9Attribute
instanceKlass sun/security/pkcs/PKCS9Attributes
instanceKlass sun/security/util/DisabledAlgorithmConstraints$Constraints$Holder
instanceKlass sun/security/util/DisabledAlgorithmConstraints$1
instanceKlass sun/security/util/DisabledAlgorithmConstraints$Constraint
instanceKlass sun/security/util/DisabledAlgorithmConstraints$Constraints
instanceKlass sun/security/util/AbstractAlgorithmConstraints$1
instanceKlass sun/security/util/AlgorithmDecomposer
instanceKlass sun/security/util/DisabledAlgorithmConstraints$JarHolder
instanceKlass sun/security/util/AbstractAlgorithmConstraints
instanceKlass java/security/AlgorithmConstraints
instanceKlass sun/security/pkcs/SignerInfo
instanceKlass java/security/interfaces/DSAPublicKey
instanceKlass java/security/interfaces/DSAKey
instanceKlass java/security/spec/DSAPublicKeySpec
instanceKlass java/security/AlgorithmParametersSpi
instanceKlass java/security/AlgorithmParameters
instanceKlass jdk/internal/misc/ThreadTracker
instanceKlass jdk/internal/event/EventHelper$ThreadTrackHolder
instanceKlass jdk/internal/event/EventHelper
instanceKlass sun/security/jca/JCAUtil
instanceKlass sun/security/util/MemoryCache$CacheEntry
instanceKlass sun/security/x509/X509AttributeName
instanceKlass sun/security/x509/GeneralNames
instanceKlass sun/security/x509/KeyIdentifier
instanceKlass sun/security/x509/OIDMap$OIDInfo
instanceKlass sun/security/x509/PKIXExtensions
instanceKlass sun/security/x509/OIDMap
instanceKlass sun/security/x509/Extension
instanceKlass java/security/cert/Extension
instanceKlass sun/security/x509/CertificateExtensions
instanceKlass sun/security/rsa/RSAUtil
instanceKlass sun/security/util/IOUtils
instanceKlass java/security/interfaces/RSAPublicKey
instanceKlass java/security/interfaces/RSAKey
instanceKlass java/security/spec/PSSParameterSpec
instanceKlass java/security/spec/RSAPrivateKeySpec
instanceKlass java/security/spec/RSAPublicKeySpec
instanceKlass java/security/KeyFactorySpi
instanceKlass sun/security/jca/ProviderList$ServiceList$1
instanceKlass java/security/KeyFactory
instanceKlass java/security/spec/EncodedKeySpec$1
instanceKlass jdk/internal/access/JavaSecuritySpecAccess
instanceKlass java/security/spec/EncodedKeySpec
instanceKlass java/security/spec/KeySpec
instanceKlass sun/security/util/BitArray
instanceKlass sun/security/x509/X509Key
instanceKlass java/security/PublicKey
instanceKlass java/security/Key
instanceKlass sun/security/x509/CertificateX509Key
instanceKlass sun/security/x509/CertificateValidity
instanceKlass sun/security/x509/AVA
instanceKlass sun/security/x509/RDN
instanceKlass javax/security/auth/x500/X500Principal
instanceKlass sun/security/x509/X500Name$1
instanceKlass sun/security/x509/X500Name
instanceKlass sun/security/x509/GeneralNameInterface
instanceKlass sun/security/x509/CertificateAlgorithmId
instanceKlass sun/security/x509/SerialNumber
instanceKlass sun/security/x509/CertificateSerialNumber
instanceKlass sun/security/x509/CertificateVersion
instanceKlass sun/security/x509/X509CertInfo
instanceKlass sun/security/x509/CertAttrSet
instanceKlass sun/security/util/Cache$EqualByteArray
instanceKlass java/security/cert/X509Extension
instanceKlass sun/security/util/Cache
instanceKlass java/security/cert/CertificateFactorySpi
instanceKlass java/security/cert/CertificateFactory
instanceKlass sun/security/x509/AlgorithmId
instanceKlass sun/security/util/DerValue
instanceKlass sun/security/pkcs/ContentInfo
instanceKlass sun/security/util/DerInputStream
instanceKlass sun/security/pkcs/PKCS7
instanceKlass sun/security/util/ManifestDigester$Section
instanceKlass sun/security/util/ManifestDigester$Entry
instanceKlass sun/security/util/ManifestDigester$Position
instanceKlass sun/security/util/ManifestDigester
instanceKlass sun/security/util/ManifestEntryVerifier
instanceKlass org/springframework/boot/system/ApplicationTemp
instanceKlass org/apache/catalina/Session
instanceKlass org/apache/tomcat/util/buf/UDecoder
instanceKlass org/springframework/boot/web/embedded/tomcat/TomcatStarter
instanceKlass org/apache/catalina/core/StandardHost$MemoryLeakTrackingListener
instanceKlass org/springframework/boot/web/servlet/server/AbstractServletWebServerFactory$SessionConfiguringInitializer
instanceKlass org/apache/catalina/WebResourceSet
instanceKlass org/springframework/boot/web/embedded/tomcat/TomcatServletWebServerFactory$StaticResourceConfigurer
instanceKlass org/apache/tomcat/util/scan/StandardJarScanner
instanceKlass org/apache/tomcat/util/scan/StandardJarScanFilter
instanceKlass org/apache/catalina/util/CharsetMapper
instanceKlass org/apache/catalina/startup/Tomcat$FixContextListener
instanceKlass org/apache/catalina/util/URLEncoder
instanceKlass jdk/internal/logger/LoggerFinderLoader
instanceKlass jdk/internal/logger/LazyLoggers$LazyLoggerFactories
instanceKlass jdk/internal/logger/LazyLoggers$1
instanceKlass jdk/internal/logger/LazyLoggers
instanceKlass com/sun/jmx/remote/util/ClassLogger
instanceKlass javax/management/NotificationBroadcasterSupport$1
instanceKlass javax/management/NotificationBroadcasterSupport
instanceKlass org/apache/catalina/core/StandardContext$ContextFilterMaps
instanceKlass org/apache/catalina/util/ErrorPageSupport
instanceKlass org/apache/tomcat/util/descriptor/web/XmlEncodingBase
instanceKlass org/apache/tomcat/util/descriptor/web/ApplicationParameter
instanceKlass org/apache/catalina/core/StandardContext$1
instanceKlass org/apache/tomcat/JarScanner
instanceKlass org/apache/tomcat/InstanceManager
instanceKlass org/apache/catalina/ThreadBindingListener
instanceKlass org/apache/catalina/Globals
instanceKlass org/apache/catalina/realm/RealmBase$AllRolesMode
instanceKlass org/apache/catalina/realm/DigestCredentialHandlerBase
instanceKlass org/apache/catalina/realm/X509UsernameRetriever
instanceKlass org/apache/catalina/CredentialHandler
instanceKlass org/apache/catalina/AccessLog
instanceKlass org/apache/catalina/Pipeline
instanceKlass org/apache/tomcat/util/threads/LimitLatch
instanceKlass org/springframework/boot/web/embedded/tomcat/CompressionConnectorCustomizer
instanceKlass jdk/internal/access/foreign/MemorySegmentProxy
instanceKlass org/apache/tomcat/util/buf/CharsetUtil
instanceKlass org/apache/tomcat/util/buf/CharsetCache
instanceKlass org/apache/tomcat/util/buf/B2CConverter
instanceKlass org/apache/tomcat/util/net/SSLHostConfig
instanceKlass org/apache/coyote/Response
instanceKlass org/apache/coyote/Request
instanceKlass javax/management/ObjectName
instanceKlass javax/management/QueryExp
instanceKlass org/apache/tomcat/util/XReflectionIntrospectionUtils
instanceKlass org/apache/tomcat/util/IntrospectionUtils
instanceKlass org/apache/catalina/ContainerListener
instanceKlass org/apache/catalina/mapper/Mapper$MapElement
instanceKlass org/apache/catalina/mapper/Mapper
instanceKlass org/apache/tomcat/util/file/ConfigFileLoader
instanceKlass org/apache/tomcat/util/file/ConfigurationSource$1
instanceKlass org/apache/catalina/startup/CatalinaBaseConfigurationSource
instanceKlass org/apache/tomcat/util/descriptor/web/ResourceBase
instanceKlass org/apache/tomcat/util/descriptor/web/Injectable
instanceKlass org/apache/tomcat/util/descriptor/web/NamingResources
instanceKlass java/beans/PropertyChangeListener
instanceKlass java/beans/ChangeListenerMap
instanceKlass java/beans/PropertyChangeSupport
instanceKlass org/apache/coyote/CompressionConfig
instanceKlass org/apache/tomcat/util/collections/SynchronizedStack
instanceKlass javax/management/NotificationFilter
instanceKlass org/apache/tomcat/util/modeler/BaseModelMBean
instanceKlass javax/management/modelmbean/ModelMBeanNotificationBroadcaster
instanceKlass org/apache/coyote/AbstractProtocol$ConnectionHandler
instanceKlass org/apache/tomcat/util/net/SocketProperties
instanceKlass org/apache/tomcat/util/net/SocketProcessorBase
instanceKlass org/apache/tomcat/util/net/NioChannel
instanceKlass org/apache/tomcat/util/net/AbstractEndpoint
instanceKlass org/apache/coyote/Adapter
instanceKlass java/io/DeleteOnExitHook$1
instanceKlass java/io/DeleteOnExitHook
instanceKlass sun/nio/fs/WindowsPath$1
instanceKlass sun/security/provider/AbstractDrbg$NonceProvider
instanceKlass sun/security/provider/ByteArrayAccess$BE
instanceKlass sun/security/provider/SeedGenerator$1
instanceKlass sun/security/provider/SeedGenerator
instanceKlass sun/security/provider/AbstractDrbg$SeederHolder
instanceKlass java/security/DrbgParameters$NextBytes
instanceKlass sun/security/provider/EntropySource
instanceKlass sun/security/provider/AbstractDrbg
instanceKlass java/security/DrbgParameters$Instantiation
instanceKlass java/security/DrbgParameters
instanceKlass sun/security/provider/MoreDrbgParameters
instanceKlass java/security/SecureRandomSpi
instanceKlass java/security/SecureRandomParameters
instanceKlass java/nio/file/TempFileHelper
instanceKlass org/apache/tomcat/util/ExceptionUtils
instanceKlass java/net/Socket
instanceKlass java/net/ServerSocket
instanceKlass java/net/SocketOption
instanceKlass java/net/ProtocolFamily
instanceKlass java/nio/channels/NetworkChannel
instanceKlass java/net/SocketAddress
instanceKlass org/apache/tomcat/util/compat/JreCompat
instanceKlass org/apache/catalina/Realm
instanceKlass org/apache/catalina/Service
instanceKlass org/apache/tomcat/util/file/ConfigurationSource
instanceKlass org/apache/catalina/Server
instanceKlass org/apache/catalina/Wrapper
instanceKlass javax/management/MBeanFeatureInfo
instanceKlass javax/management/DescriptorRead
instanceKlass org/apache/tomcat/util/modeler/FeatureInfo
instanceKlass java/util/concurrent/locks/ReentrantReadWriteLock$WriteLock
instanceKlass java/util/concurrent/locks/ReentrantReadWriteLock$ReadLock
instanceKlass java/util/concurrent/locks/ReentrantReadWriteLock
instanceKlass java/util/concurrent/locks/ReadWriteLock
instanceKlass org/apache/tomcat/util/modeler/NoDescriptorRegistry$NoJmxMBeanServer
instanceKlass org/apache/tomcat/util/modeler/ManagedBean
instanceKlass javax/management/MBeanServer
instanceKlass javax/management/MBeanServerConnection
instanceKlass org/apache/tomcat/util/modeler/Registry
instanceKlass org/apache/tomcat/util/modeler/RegistryMBean
instanceKlass jakarta/servlet/ServletRegistration$Dynamic
instanceKlass org/springframework/boot/web/servlet/MultipartConfigFactory
instanceKlass org/springframework/boot/context/properties/source/UnboundElementsSourceFilter
instanceKlass jakarta/servlet/Registration$Dynamic
instanceKlass org/springframework/web/context/request/AbstractRequestAttributes
instanceKlass org/springframework/web/context/request/async/WebAsyncManager
instanceKlass org/springframework/web/servlet/ModelAndView
instanceKlass org/springframework/web/servlet/HandlerExecutionChain
instanceKlass org/springframework/web/context/request/async/CallableProcessingInterceptor
instanceKlass org/springframework/context/i18n/LocaleContext
instanceKlass jakarta/servlet/AsyncListener
instanceKlass org/apache/coyote/Processor
instanceKlass org/apache/tomcat/util/net/AbstractEndpoint$Handler
instanceKlass org/springframework/boot/context/properties/PropertyMapper$NullPointerExceptionSafeSupplier
instanceKlass org/springframework/util/function/SingletonSupplier
instanceKlass org/springframework/boot/context/properties/PropertyMapper$Source
instanceKlass org/springframework/boot/context/properties/PropertyMapper$SourceOperator
instanceKlass org/springframework/boot/context/properties/PropertyMapper
instanceKlass org/springframework/boot/util/LambdaSafe$InvocationResult
instanceKlass org/springframework/boot/util/LambdaSafe$GenericTypeFilter
instanceKlass org/springframework/boot/util/LambdaSafe$Filter
instanceKlass org/springframework/boot/util/LambdaSafe$LambdaSafeCallback
instanceKlass org/springframework/boot/util/LambdaSafe
instanceKlass java/util/function/ObjIntConsumer
instanceKlass org/springframework/boot/ssl/DefaultSslBundleRegistry$RegisteredSslBundle
instanceKlass org/springframework/boot/ssl/SslStoreBundle
instanceKlass org/springframework/boot/autoconfigure/ssl/PropertiesSslBundle
instanceKlass org/springframework/boot/autoconfigure/ssl/SslBundleProperties
instanceKlass org/springframework/boot/autoconfigure/ssl/SslProperties$Bundles$Watch$File
instanceKlass org/springframework/boot/autoconfigure/ssl/SslProperties$Bundles$Watch
instanceKlass org/springframework/boot/convert/DurationUnit
instanceKlass org/springframework/core/convert/support/StringToNumberConverterFactory$StringToNumber
instanceKlass java/util/function/IntUnaryOperator
instanceKlass org/springframework/boot/convert/LenientObjectToEnumConverterFactory$LenientToEnumConverter
instanceKlass org/springframework/beans/factory/annotation/BeanFactoryAnnotationUtils
instanceKlass org/springframework/boot/context/properties/ConversionServiceDeducer$ConverterBeans
instanceKlass org/springframework/boot/context/properties/ConversionServiceDeducer
instanceKlass org/springframework/beans/factory/support/DefaultListableBeanFactory$1
instanceKlass org/springframework/validation/annotation/Validated
instanceKlass org/springframework/core/annotation/SynthesizedMergedAnnotationInvocationHandler
instanceKlass org/springframework/boot/context/properties/bind/Nested
instanceKlass org/springframework/boot/context/properties/NestedConfigurationProperty
instanceKlass org/springframework/boot/autoconfigure/web/ServerProperties$Undertow$Options
instanceKlass org/springframework/boot/autoconfigure/web/ServerProperties$Undertow$Threads
instanceKlass org/springframework/boot/autoconfigure/web/ServerProperties$Undertow$Accesslog
instanceKlass org/springframework/boot/autoconfigure/web/ServerProperties$Jetty$Threads
instanceKlass org/springframework/boot/autoconfigure/web/ServerProperties$Jetty$Accesslog
instanceKlass org/springframework/boot/autoconfigure/web/ServerProperties$Tomcat$Remoteip
instanceKlass org/springframework/boot/autoconfigure/web/ServerProperties$Tomcat$Mbeanregistry
instanceKlass org/springframework/boot/autoconfigure/web/ServerProperties$Tomcat$Resource
instanceKlass org/springframework/boot/autoconfigure/web/ServerProperties$Tomcat$Threads
instanceKlass org/springframework/boot/autoconfigure/web/ServerProperties$Tomcat$Accesslog
instanceKlass org/springframework/boot/autoconfigure/web/ServerProperties$Reactive$Session
instanceKlass org/springframework/boot/web/servlet/server/Encoding
instanceKlass org/springframework/boot/autoconfigure/web/ErrorProperties$Whitelabel
instanceKlass org/springframework/boot/web/servlet/WebListenerRegistrar
instanceKlass org/springframework/boot/ssl/SslBundle
instanceKlass org/springframework/boot/web/servlet/server/CookieSameSiteSupplier
instanceKlass org/springframework/boot/web/server/ErrorPage
instanceKlass org/springframework/boot/web/server/SslStoreProvider
instanceKlass org/apache/coyote/AbstractProtocol
instanceKlass org/apache/catalina/Engine
instanceKlass org/springframework/boot/web/embedded/tomcat/TomcatWebServer
instanceKlass org/apache/coyote/ProtocolHandler
instanceKlass org/apache/catalina/Host
instanceKlass org/springframework/beans/factory/support/DefaultListableBeanFactory$FactoryAwareOrderSourceProvider
instanceKlass org/springframework/boot/web/embedded/tomcat/TldPatterns
instanceKlass org/apache/tomcat/jni/Library
instanceKlass org/apache/catalina/core/AprStatus
instanceKlass org/apache/catalina/core/AprLifecycleListener
instanceKlass org/springframework/boot/web/servlet/server/StaticResourceJars
instanceKlass org/springframework/boot/web/servlet/server/DocumentRoot
instanceKlass org/springframework/boot/web/servlet/server/Jsp
instanceKlass org/springframework/boot/web/server/MimeMappings$Mapping
instanceKlass org/springframework/boot/web/server/MimeMappings
instanceKlass org/springframework/boot/web/servlet/server/SessionStoreDirectory
instanceKlass org/springframework/boot/web/server/Cookie
instanceKlass org/springframework/boot/web/servlet/server/Session
instanceKlass org/apache/catalina/Manager
instanceKlass org/apache/tomcat/JarScanFilter
instanceKlass org/apache/catalina/Context
instanceKlass org/apache/tomcat/ContextBind
instanceKlass org/apache/catalina/Loader
instanceKlass org/apache/tomcat/util/security/PermissionCheck
instanceKlass org/apache/juli/WebappProperties
instanceKlass org/apache/tomcat/InstrumentableClassLoader
instanceKlass org/apache/catalina/LifecycleListener
instanceKlass org/apache/catalina/WebResourceRoot
instanceKlass org/springframework/boot/web/embedded/tomcat/TomcatProtocolHandlerCustomizer
instanceKlass org/springframework/boot/web/embedded/tomcat/TomcatContextCustomizer
instanceKlass org/springframework/boot/web/embedded/tomcat/TomcatConnectorCustomizer
instanceKlass org/springframework/ui/context/Theme
instanceKlass org/springframework/ui/context/support/ResourceBundleThemeSource
instanceKlass org/springframework/ui/context/HierarchicalThemeSource
instanceKlass org/springframework/ui/context/support/UiApplicationContextUtils
instanceKlass org/springframework/context/support/MessageSourceSupport
instanceKlass org/springframework/context/HierarchicalMessageSource
instanceKlass org/springframework/http/client/ClientHttpResponse
instanceKlass org/springframework/http/client/ClientHttpRequestExecution
instanceKlass org/springframework/core/MethodClassKey
instanceKlass org/springframework/aop/IntroductionAwareMethodMatcher
instanceKlass org/springframework/transaction/annotation/Transactional
instanceKlass org/springframework/transaction/interceptor/TransactionalProxy
instanceKlass org/springframework/data/projection/MethodInterceptorFactory
instanceKlass org/springframework/data/projection/DefaultMethodInvokingMethodInterceptor
instanceKlass org/springframework/data/util/NullableWrapper
instanceKlass org/springframework/data/util/NullableWrapperConverters$WrapperType
instanceKlass org/springframework/data/util/NullableWrapperConverters$AbstractWrapperTypeConverter
instanceKlass com/google/common/base/Optional
instanceKlass org/springframework/data/util/NullableWrapperConverters
instanceKlass org/springframework/data/convert/Jsr310Converters
instanceKlass org/springframework/data/projection/ProjectionInformation
instanceKlass org/springframework/data/projection/ProxyProjectionFactory
instanceKlass org/springframework/data/projection/ProjectionFactory
instanceKlass org/springframework/validation/BindingResult
instanceKlass org/springframework/web/ErrorResponse
instanceKlass org/springframework/web/method/annotation/ModelAttributeMethodProcessor
instanceKlass org/springframework/web/method/support/HandlerMethodReturnValueHandler
instanceKlass org/springframework/aop/aspectj/AspectJPointcutAdvisor
instanceKlass org/springframework/transaction/interceptor/TransactionAttributeSourcePointcut$TransactionAttributeSourceClassFilter
instanceKlass org/springframework/aop/TrueClassFilter
instanceKlass org/springframework/aop/support/StaticMethodMatcher
instanceKlass org/springframework/transaction/interceptor/TransactionAspectSupport$ReactiveTransactionSupport
instanceKlass org/springframework/transaction/interceptor/TransactionAspectSupport$CoroutinesInvocationCallback
instanceKlass org/springframework/transaction/interceptor/TransactionAspectSupport$ThrowableHolder
instanceKlass org/springframework/transaction/TransactionStatus
instanceKlass org/springframework/transaction/SavepointManager
instanceKlass org/springframework/transaction/TransactionExecution
instanceKlass org/springframework/transaction/interceptor/TransactionAspectSupport$TransactionInfo
instanceKlass java/io/ObjectOutput
instanceKlass java/io/ObjectStreamConstants
instanceKlass java/io/ObjectInput
instanceKlass org/aopalliance/intercept/MethodInvocation
instanceKlass org/aopalliance/intercept/Invocation
instanceKlass org/aopalliance/intercept/Joinpoint
instanceKlass org/springframework/transaction/interceptor/TransactionAspectSupport$InvocationCallback
instanceKlass org/springframework/transaction/annotation/JtaTransactionAnnotationParser
instanceKlass org/springframework/transaction/annotation/SpringTransactionAnnotationParser
instanceKlass org/springframework/transaction/annotation/TransactionAnnotationParser
instanceKlass jakarta/transaction/Transactional
instanceKlass org/springframework/transaction/interceptor/TransactionAttribute
instanceKlass org/springframework/transaction/interceptor/AbstractFallbackTransactionAttributeSource
instanceKlass org/springframework/aop/IntroductionAdvisor
instanceKlass org/springframework/aop/IntroductionInfo
instanceKlass org/springframework/aop/aspectj/AspectJProxyUtils
instanceKlass org/springframework/aop/framework/autoproxy/ProxyCreationContext
instanceKlass org/springframework/transaction/annotation/TransactionManagementConfigurer
instanceKlass org/springframework/beans/factory/annotation/InjectionMetadata$InjectedElement
instanceKlass org/aspectj/lang/annotation/Aspect
instanceKlass org/springframework/aop/TrueMethodMatcher
instanceKlass org/springframework/aop/support/annotation/AnnotationClassFilter
instanceKlass org/springframework/aop/MethodMatcher
instanceKlass org/springframework/aop/ClassFilter
instanceKlass org/springframework/aop/support/annotation/AnnotationMatchingPointcut
instanceKlass org/springframework/dao/support/PersistenceExceptionTranslationInterceptor
instanceKlass org/springframework/aop/Advisor$1
instanceKlass org/springframework/aop/Pointcut
instanceKlass org/springframework/data/jpa/repository/query/EscapeCharacter
instanceKlass java/lang/reflect/AnnotatedType
instanceKlass java/lang/Class$EnclosingMethodInfo
instanceKlass org/springframework/data/mapping/PersistentEntity
instanceKlass org/springframework/data/repository/core/support/RepositoryFactoryCustomizer
instanceKlass org/springframework/data/repository/core/RepositoryInformation
instanceKlass org/springframework/data/repository/core/EntityInformation
instanceKlass org/springframework/data/repository/core/EntityMetadata
instanceKlass org/springframework/data/repository/query/QueryMethodEvaluationContextProvider
instanceKlass org/springframework/data/jpa/repository/query/JpaQueryMethodFactory
instanceKlass org/springframework/data/querydsl/EntityPathResolver
instanceKlass org/springframework/data/repository/core/support/RepositoryProxyPostProcessor
instanceKlass org/springframework/data/repository/core/support/RepositoryComposition
instanceKlass org/springframework/data/repository/core/support/RepositoryInvocationMulticaster
instanceKlass org/springframework/core/annotation/AnnotatedElementUtils$AnnotatedElementForAnnotations
instanceKlass org/springframework/aop/aspectj/annotation/AbstractAspectJAdvisorFactory$AspectJAnnotationParameterNameDiscoverer
instanceKlass org/springframework/util/comparator/Comparators
instanceKlass org/springframework/util/comparator/InstanceComparator
instanceKlass org/springframework/core/convert/converter/ConvertingComparator
instanceKlass org/aspectj/lang/annotation/AfterThrowing
instanceKlass org/aspectj/lang/annotation/AfterReturning
instanceKlass org/aspectj/lang/annotation/After
instanceKlass org/aspectj/lang/annotation/Before
instanceKlass org/aspectj/lang/annotation/Around
instanceKlass org/aspectj/lang/annotation/Pointcut
instanceKlass org/springframework/aop/AfterReturningAdvice
instanceKlass org/springframework/aop/AfterAdvice
instanceKlass org/springframework/aop/MethodBeforeAdvice
instanceKlass org/springframework/aop/BeforeAdvice
instanceKlass org/springframework/aop/aspectj/AbstractAspectJAdvice
instanceKlass org/springframework/aop/aspectj/AspectJPrecedenceInformation
instanceKlass org/springframework/aop/aspectj/annotation/MetadataAwareAspectInstanceFactory
instanceKlass org/springframework/aop/aspectj/AspectInstanceFactory
instanceKlass org/springframework/aop/aspectj/annotation/AbstractAspectJAdvisorFactory
instanceKlass org/springframework/core/convert/support/NumberToNumberConverterFactory$NumberToNumber
instanceKlass org/springframework/util/ReflectionUtils$FieldCallback
instanceKlass jakarta/persistence/PersistenceUnit
instanceKlass org/springframework/beans/factory/annotation/InjectionMetadata
instanceKlass org/springframework/aop/framework/adapter/ThrowsAdviceAdapter
instanceKlass org/springframework/aop/framework/adapter/AfterReturningAdviceAdapter
instanceKlass org/springframework/aop/framework/adapter/MethodBeforeAdviceAdapter
instanceKlass org/springframework/aop/framework/adapter/AdvisorAdapter
instanceKlass org/springframework/aop/framework/adapter/DefaultAdvisorAdapterRegistry
instanceKlass org/springframework/aop/framework/adapter/GlobalAdvisorAdapterRegistry
instanceKlass org/springframework/aop/aspectj/autoproxy/AspectJPrecedenceComparator
instanceKlass org/springframework/aop/framework/autoproxy/TargetSourceCreator
instanceKlass org/springframework/aop/framework/adapter/AdvisorAdapterRegistry
instanceKlass org/springframework/aop/aspectj/annotation/BeanFactoryAspectJAdvisorsBuilder
instanceKlass org/springframework/aop/aspectj/annotation/AspectJAdvisorFactory
instanceKlass org/springframework/aop/framework/autoproxy/BeanFactoryAdvisorRetrievalHelper
instanceKlass org/springframework/beans/factory/support/DefaultListableBeanFactory$DependencyObjectProvider
instanceKlass org/springframework/beans/factory/support/DefaultListableBeanFactory$BeanObjectProvider
instanceKlass org/springframework/validation/Errors
instanceKlass org/springframework/boot/context/properties/ConfigurationPropertiesJsr303Validator
instanceKlass org/springframework/boot/context/properties/PropertySourcesDeducer
instanceKlass org/springframework/jndi/JndiTemplate
instanceKlass jakarta/annotation/PreDestroy
instanceKlass jakarta/annotation/Resource
instanceKlass org/springframework/beans/factory/annotation/InitDestroyAnnotationBeanPostProcessor$LifecycleMetadata
instanceKlass jakarta/inject/Inject
instanceKlass org/springframework/beans/factory/support/MethodOverride
instanceKlass org/springframework/context/support/PostProcessorRegistrationDelegate$BeanPostProcessorChecker
instanceKlass org/springframework/context/expression/CachedExpressionEvaluator
instanceKlass jakarta/inject/Scope
instanceKlass jakarta/inject/Singleton
instanceKlass org/springframework/boot/autoconfigure/sql/init/SqlInitializationScriptsRuntimeHints
instanceKlass org/springframework/jmx/export/annotation/ManagedResource
instanceKlass org/springframework/web/bind/annotation/ControllerMappingReflectiveProcessor
instanceKlass org/springframework/aot/hint/annotation/SimpleReflectiveProcessor
instanceKlass org/springframework/aot/hint/annotation/ReflectiveProcessor
instanceKlass org/springframework/aot/hint/annotation/Reflective
instanceKlass org/springframework/web/bind/annotation/Mapping
instanceKlass org/springframework/web/bind/annotation/RequestMapping
instanceKlass org/springframework/stereotype/Controller
instanceKlass org/springframework/boot/sql/init/dependency/DependsOnDatabaseInitialization
instanceKlass org/springframework/boot/sql/init/dependency/AbstractBeansOfTypeDependsOnDatabaseInitializationDetector
instanceKlass org/springframework/boot/sql/init/dependency/AnnotationDependsOnDatabaseInitializationDetector
instanceKlass org/springframework/boot/sql/init/dependency/DependsOnDatabaseInitializationDetector
instanceKlass org/springframework/boot/autoconfigure/flyway/FlywayMigrationInitializer
instanceKlass org/springframework/boot/sql/init/dependency/BeansOfTypeDetector
instanceKlass org/springframework/boot/sql/init/dependency/DatabaseInitializationDependencyConfigurer$DependsOnDatabaseInitializationPostProcessor$InitializerBeanNames
instanceKlass org/springframework/boot/sql/init/dependency/AbstractBeansOfTypeDatabaseInitializerDetector
instanceKlass org/springframework/boot/sql/init/dependency/DatabaseInitializerDetector
instanceKlass org/springframework/data/jpa/util/BeanDefinitionUtils$EntityManagerFactoryBeanDefinition
instanceKlass org/springframework/data/jpa/util/BeanDefinitionUtils
instanceKlass org/springframework/beans/factory/config/BeanDefinitionVisitor
instanceKlass org/springframework/util/DefaultPropertiesPersister
instanceKlass sun/security/provider/ByteArrayAccess
instanceKlass java/lang/constant/DynamicConstantDesc
instanceKlass java/lang/constant/DirectMethodHandleDesc$1
instanceKlass java/lang/constant/DirectMethodHandleDescImpl$1
instanceKlass java/lang/constant/DirectMethodHandleDescImpl
instanceKlass java/lang/constant/DirectMethodHandleDesc
instanceKlass java/lang/constant/MethodHandleDesc$1
instanceKlass java/lang/constant/MethodHandleDesc
instanceKlass java/lang/constant/MethodTypeDescImpl
instanceKlass java/lang/constant/MethodTypeDesc
instanceKlass java/lang/constant/ReferenceClassDescImpl
instanceKlass java/lang/constant/ConstantUtils
instanceKlass java/lang/constant/ClassDesc
instanceKlass java/lang/constant/ConstantDescs
instanceKlass java/lang/invoke/VarHandle$2
instanceKlass java/lang/invoke/VarHandle$TypesAndInvokers
instanceKlass java/lang/invoke/VarHandleByteArrayBase
instanceKlass sun/security/provider/ByteArrayAccess$LE
instanceKlass sun/security/util/MessageDigestSpi2
instanceKlass sun/security/jca/GetInstance$Instance
instanceKlass jdk/internal/event/Event
instanceKlass sun/security/jca/GetInstance
instanceKlass java/security/MessageDigestSpi
instanceKlass org/springframework/context/annotation/ConfigurationClassPostProcessor$ImportAwareBeanPostProcessor
instanceKlass org/springframework/cglib/proxy/Enhancer$EnhancerFactoryData
instanceKlass org/springframework/cglib/proxy/MethodProxy$CreateInfo
instanceKlass org/springframework/cglib/proxy/MethodProxy
instanceKlass org/springframework/asm/Handler
instanceKlass org/springframework/cglib/core/Local
instanceKlass java/util/LinkedList$ListItr
instanceKlass org/springframework/cglib/core/EmitUtils$3
instanceKlass java/util/DualPivotQuicksort
instanceKlass org/springframework/cglib/proxy/MethodInterceptorGenerator$1
instanceKlass org/springframework/asm/Edge
instanceKlass org/springframework/cglib/core/EmitUtils$ArrayDelimiters
instanceKlass org/springframework/cglib/core/ProcessArrayCallback
instanceKlass org/springframework/cglib/core/EmitUtils
instanceKlass org/springframework/cglib/proxy/Enhancer$4
instanceKlass org/springframework/cglib/core/LocalVariablesSorter$State
instanceKlass org/springframework/asm/Label
instanceKlass org/springframework/asm/Frame
instanceKlass org/springframework/cglib/proxy/BridgeMethodResolver
instanceKlass org/springframework/cglib/core/ClassEmitter$FieldInfo
instanceKlass org/springframework/cglib/core/MethodInfoTransformer
instanceKlass java/util/AbstractList$SubList$1
instanceKlass org/springframework/cglib/core/DuplicatesPredicate
instanceKlass org/springframework/cglib/core/RejectModifierPredicate
instanceKlass org/springframework/cglib/core/MethodWrapper
instanceKlass org/springframework/cglib/proxy/Factory
instanceKlass org/springframework/cglib/core/VisibilityPredicate
instanceKlass org/springframework/cglib/transform/TransformingClassGenerator
instanceKlass org/springframework/asm/ByteVector
instanceKlass org/springframework/asm/Symbol
instanceKlass org/springframework/asm/SymbolTable
instanceKlass org/springframework/asm/RecordComponentVisitor
instanceKlass org/springframework/asm/ModuleVisitor
instanceKlass org/springframework/asm/FieldVisitor
instanceKlass java/lang/invoke/DirectMethodHandle$1
instanceKlass java/lang/runtime/ObjectMethods$1
instanceKlass sun/invoke/util/ValueConversions$WrapperCache
instanceKlass java/lang/invoke/MethodHandleImpl$Makers$2
instanceKlass java/lang/invoke/MethodHandleImpl$Makers$1
instanceKlass java/lang/invoke/MethodHandleImpl$Makers
instanceKlass java/lang/runtime/ObjectMethods
instanceKlass org/springframework/cglib/core/internal/LoadingCache
instanceKlass org/springframework/cglib/core/internal/Function
instanceKlass org/springframework/cglib/core/AbstractClassGenerator$ClassLoaderData
instanceKlass org/springframework/cglib/core/MethodInfo
instanceKlass org/springframework/cglib/core/ClassInfo
instanceKlass org/springframework/cglib/core/ReflectUtils
instanceKlass org/springframework/cglib/proxy/ProxyRefDispatcher
instanceKlass org/springframework/cglib/proxy/FixedValueGenerator
instanceKlass org/springframework/cglib/proxy/FixedValue
instanceKlass org/springframework/cglib/proxy/DispatcherGenerator
instanceKlass org/springframework/cglib/proxy/Dispatcher
instanceKlass org/springframework/cglib/proxy/LazyLoaderGenerator
instanceKlass org/springframework/cglib/proxy/LazyLoader
instanceKlass org/springframework/cglib/proxy/InvocationHandlerGenerator
instanceKlass org/springframework/cglib/proxy/InvocationHandler
instanceKlass org/springframework/cglib/proxy/MethodInterceptorGenerator
instanceKlass org/springframework/cglib/proxy/NoOpGenerator
instanceKlass org/springframework/cglib/proxy/CallbackGenerator
instanceKlass org/springframework/cglib/proxy/CallbackInfo
instanceKlass org/springframework/cglib/core/SpringNamingPolicy
instanceKlass org/springframework/cglib/core/DefaultNamingPolicy
instanceKlass org/springframework/cglib/core/DefaultGeneratorStrategy
instanceKlass org/springframework/cglib/core/AsmApi
instanceKlass org/springframework/cglib/core/Constants
instanceKlass org/springframework/cglib/core/Signature
instanceKlass org/springframework/cglib/core/CollectionUtils
instanceKlass org/springframework/cglib/core/TypeUtils
instanceKlass org/springframework/cglib/core/AbstractClassGenerator$Source
instanceKlass org/springframework/cglib/core/ObjectSwitchCallback
instanceKlass org/springframework/cglib/core/Transformer
instanceKlass org/springframework/cglib/proxy/CallbackGenerator$Context
instanceKlass org/springframework/cglib/core/ProcessSwitchCallback
instanceKlass org/springframework/cglib/core/Predicate
instanceKlass org/springframework/cglib/core/AbstractClassGenerator
instanceKlass org/springframework/cglib/core/ClassGenerator
instanceKlass org/springframework/context/annotation/ConfigurationClassEnhancer$EnhancedConfiguration
instanceKlass org/springframework/objenesis/instantiator/ObjectInstantiator
instanceKlass org/springframework/objenesis/strategy/BaseInstantiatorStrategy
instanceKlass org/springframework/objenesis/strategy/InstantiatorStrategy
instanceKlass org/springframework/objenesis/SpringObjenesis
instanceKlass org/springframework/objenesis/Objenesis
instanceKlass org/springframework/context/annotation/ConfigurationClassEnhancer$ConditionalCallbackFilter
instanceKlass org/springframework/cglib/proxy/NoOp$1
instanceKlass org/springframework/cglib/proxy/NoOp
instanceKlass org/springframework/context/annotation/ConfigurationClassEnhancer$BeanFactoryAwareMethodInterceptor
instanceKlass org/springframework/context/annotation/ConfigurationClassEnhancer$BeanMethodInterceptor
instanceKlass org/springframework/context/annotation/ConfigurationClassEnhancer$ConditionalCallback
instanceKlass org/springframework/cglib/proxy/MethodInterceptor
instanceKlass org/springframework/cglib/proxy/Callback
instanceKlass org/springframework/cglib/proxy/CallbackFilter
instanceKlass org/springframework/cglib/core/GeneratorStrategy
instanceKlass org/springframework/cglib/core/NamingPolicy
instanceKlass org/springframework/context/annotation/ConfigurationClassEnhancer
instanceKlass org/springframework/cloud/context/scope/StandardScopeCache
instanceKlass org/springframework/cloud/context/scope/GenericScope$BeanLifecycleWrapperCache
instanceKlass org/springframework/cloud/context/scope/ScopeCache
instanceKlass org/springframework/aot/generate/GenerationContext
instanceKlass org/springframework/data/repository/config/AotRepositoryContext
instanceKlass org/springframework/data/aot/AotContext
instanceKlass jakarta/persistence/PersistenceContexts
instanceKlass jakarta/persistence/PersistenceProperty
instanceKlass jakarta/persistence/PersistenceContext
instanceKlass org/springframework/lang/NonNull
instanceKlass org/springframework/data/repository/core/support/RepositoryFragment
instanceKlass org/springframework/boot/autoconfigure/orm/jpa/HibernatePropertiesCustomizer
instanceKlass org/springframework/boot/autoconfigure/orm/jpa/HibernateSettings
instanceKlass org/springframework/boot/context/properties/DeprecatedConfigurationProperty
instanceKlass org/springframework/cloud/netflix/eureka/loadbalancer/LoadBalancerEurekaAutoConfiguration
instanceKlass org/springframework/cloud/loadbalancer/config/LoadBalancerCacheAutoConfiguration
instanceKlass org/springframework/cloud/loadbalancer/config/LoadBalancerCacheAutoConfiguration$LoadBalancerCaffeineWarnLogger
instanceKlass org/springframework/cloud/loadbalancer/config/LoadBalancerCacheAutoConfiguration$LoadBalancerCacheManagerWarnConfiguration
instanceKlass org/springframework/cloud/netflix/eureka/loadbalancer/EurekaLoadBalancerProperties
instanceKlass org/springframework/cloud/netflix/eureka/loadbalancer/EurekaLoadBalancerClientConfiguration
instanceKlass org/springframework/cloud/loadbalancer/cache/LoadBalancerCacheProperties$Caffeine
instanceKlass org/springframework/cloud/loadbalancer/cache/LoadBalancerCacheProperties
instanceKlass org/springframework/cloud/loadbalancer/config/LoadBalancerCacheAutoConfiguration$DefaultLoadBalancerCacheManagerConfiguration
instanceKlass org/springframework/cloud/configuration/SpringBootVersionVerifier
instanceKlass org/springframework/cloud/configuration/SleuthPresentVerifier
instanceKlass org/springframework/cloud/configuration/CompatibilityVerifier
instanceKlass org/springframework/cloud/configuration/CompositeCompatibilityVerifier
instanceKlass org/springframework/cloud/configuration/CompatibilityVerifierAutoConfiguration
instanceKlass org/springframework/cloud/loadbalancer/cache/LoadBalancerCacheManager
instanceKlass org/springframework/cloud/configuration/CompatibilityVerifierProperties
instanceKlass org/springframework/cloud/commons/util/UtilAutoConfiguration
instanceKlass org/springframework/cloud/commons/security/ResourceServerTokenRelayAutoConfiguration
instanceKlass org/springframework/cloud/commons/security/ResourceServerTokenRelayAutoConfiguration$ResourceServerTokenRelayRegistrationAutoConfiguration
instanceKlass org/springframework/cloud/commons/config/DefaultsBindHandlerAdvisor
instanceKlass org/springframework/boot/context/properties/ConfigurationPropertiesBindHandlerAdvisor
instanceKlass org/springframework/cloud/commons/config/CommonsConfigAutoConfiguration
instanceKlass org/springframework/cloud/commons/config/DefaultsBindHandlerAdvisor$MappingsProvider
instanceKlass org/springframework/cloud/client/loadbalancer/LoadBalancerDefaultMappingsProviderAutoConfiguration
instanceKlass org/springframework/cloud/client/loadbalancer/LoadBalancerRestClientBuilderBeanPostProcessor
instanceKlass org/springframework/cloud/client/loadbalancer/LoadBalancerAutoConfiguration$DeferringLoadBalancerInterceptorConfig
instanceKlass org/springframework/cloud/client/loadbalancer/DeferringLoadBalancerInterceptor
instanceKlass org/springframework/cloud/client/loadbalancer/LoadBalancerRequestFactory
instanceKlass org/springframework/cloud/client/loadbalancer/LoadBalancerInterceptor
instanceKlass org/springframework/cloud/client/loadbalancer/BlockingLoadBalancerInterceptor
instanceKlass org/springframework/http/client/ClientHttpRequestInterceptor
instanceKlass org/springframework/cloud/client/loadbalancer/LoadBalancerAutoConfiguration$LoadBalancerInterceptorConfig
instanceKlass org/springframework/cloud/client/loadbalancer/RestTemplateCustomizer
instanceKlass org/springframework/cloud/loadbalancer/blocking/XForwardedHeadersTransformer
instanceKlass org/springframework/cloud/loadbalancer/core/LoadBalancerServiceInstanceCookieTransformer
instanceKlass org/springframework/cloud/client/loadbalancer/LoadBalancerRequestTransformer
instanceKlass org/springframework/cloud/client/loadbalancer/LoadBalancerClient
instanceKlass org/springframework/cloud/client/loadbalancer/ServiceInstanceChooser
instanceKlass org/springframework/cloud/loadbalancer/config/BlockingLoadBalancerClientAutoConfiguration
instanceKlass org/springframework/cloud/client/loadbalancer/LoadBalancerAutoConfiguration
instanceKlass org/springframework/cloud/loadbalancer/annotation/LoadBalancerClientSpecification
instanceKlass org/springframework/cloud/context/named/NamedContextFactory$Specification
instanceKlass org/springframework/cloud/loadbalancer/aot/LoadBalancerChildContextInitializer
instanceKlass org/springframework/cloud/loadbalancer/support/LoadBalancerEagerContextInitializer
instanceKlass org/springframework/cloud/context/named/NamedContextFactory
instanceKlass org/springframework/cloud/client/loadbalancer/reactive/ReactiveLoadBalancer$Factory
instanceKlass org/springframework/cloud/loadbalancer/config/LoadBalancerAutoConfiguration
instanceKlass org/springframework/cloud/client/ReactiveCommonsClientAutoConfiguration
instanceKlass org/springframework/cloud/loadbalancer/config/LoadBalancerZoneConfig
instanceKlass org/springframework/cloud/client/loadbalancer/reactive/LoadBalancerBeanPostProcessorAutoConfiguration
instanceKlass org/springframework/cloud/client/loadbalancer/reactive/ReactorLoadBalancerClientAutoConfiguration
instanceKlass org/springframework/cloud/client/loadbalancer/LoadBalancerEagerLoadProperties
instanceKlass org/springframework/cloud/client/loadbalancer/LoadBalancerProperties
instanceKlass org/springframework/cloud/netflix/eureka/EurekaClientConfigBean
instanceKlass org/springframework/cloud/netflix/eureka/metadata/ManagementMetadata
instanceKlass org/springframework/cloud/netflix/eureka/serviceregistry/EurekaAutoServiceRegistration
instanceKlass org/springframework/cloud/client/serviceregistry/AutoServiceRegistration
instanceKlass org/springframework/cloud/netflix/eureka/serviceregistry/EurekaServiceRegistry
instanceKlass org/springframework/cloud/client/serviceregistry/ServiceRegistry
instanceKlass org/springframework/cloud/client/actuator/HasFeatures
instanceKlass org/springframework/cloud/netflix/eureka/EurekaInstanceConfigBean
instanceKlass org/springframework/cloud/netflix/eureka/metadata/ManagementMetadataProvider
instanceKlass org/springframework/cloud/netflix/eureka/EurekaClientAutoConfiguration
instanceKlass org/springframework/cloud/client/serviceregistry/ServiceRegistryAutoConfiguration
instanceKlass org/springframework/cloud/netflix/eureka/serviceregistry/EurekaRegistration
instanceKlass org/springframework/cloud/client/serviceregistry/Registration
instanceKlass org/springframework/cloud/client/ServiceInstance
instanceKlass org/springframework/cloud/netflix/eureka/CloudEurekaInstanceConfig
instanceKlass com/netflix/appinfo/HealthCheckHandler
instanceKlass com/netflix/appinfo/EurekaInstanceConfig
instanceKlass com/netflix/appinfo/ApplicationInfoManager
instanceKlass org/springframework/aop/framework/autoproxy/AutoProxyUtils
instanceKlass org/springframework/context/annotation/ScopedProxyCreator
instanceKlass org/springframework/cloud/netflix/eureka/EurekaClientAutoConfiguration$RefreshableEurekaClientConfiguration
instanceKlass org/springframework/cloud/netflix/eureka/http/RestTemplateTransportClientFactories
instanceKlass com/netflix/discovery/shared/transport/jersey/TransportClientFactories
instanceKlass org/springframework/cloud/configuration/TlsProperties
instanceKlass org/springframework/cloud/netflix/eureka/http/EurekaClientHttpRequestFactorySupplier
instanceKlass org/springframework/cloud/netflix/eureka/config/DiscoveryClientOptionalArgsConfiguration
instanceKlass com/netflix/discovery/AbstractDiscoveryClientOptionalArgs
instanceKlass org/springframework/cloud/netflix/eureka/RestTemplateTimeoutProperties
instanceKlass org/springframework/cloud/netflix/eureka/EurekaDiscoveryClientConfiguration
instanceKlass org/springframework/cloud/netflix/eureka/EurekaDiscoveryClientConfiguration$EurekaClientConfigurationRefresher
instanceKlass org/springframework/cloud/client/serviceregistry/AutoServiceRegistrationAutoConfiguration
instanceKlass org/springframework/cloud/netflix/eureka/EurekaDiscoveryClient
instanceKlass org/springframework/cloud/client/discovery/composite/CompositeDiscoveryClient
instanceKlass org/springframework/cloud/client/discovery/DiscoveryClient
instanceKlass org/springframework/cloud/client/discovery/composite/CompositeDiscoveryClientAutoConfiguration
instanceKlass org/springframework/cloud/client/discovery/simple/SimpleDiscoveryProperties
instanceKlass org/springframework/cloud/client/CommonsClientAutoConfiguration
instanceKlass org/springframework/cloud/client/discovery/simple/SimpleDiscoveryClientAutoConfiguration
instanceKlass org/springframework/cloud/autoconfigure/LifecycleMvcEndpointAutoConfiguration
instanceKlass org/springframework/cloud/context/environment/EnvironmentManager
instanceKlass org/springframework/cloud/context/properties/ConfigurationPropertiesRebinder
instanceKlass org/springframework/cloud/autoconfigure/ConfigurationPropertiesRebinderAutoConfiguration
instanceKlass org/springframework/cloud/context/properties/ConfigurationPropertiesBeans
instanceKlass org/springframework/boot/devtools/autoconfigure/LocalDevToolsAutoConfiguration
instanceKlass org/springframework/boot/devtools/autoconfigure/LocalDevToolsAutoConfiguration$LiveReloadServerEventListener
instanceKlass org/springframework/boot/devtools/autoconfigure/OptionalLiveReloadServer
instanceKlass org/springframework/boot/devtools/autoconfigure/RemoteDevToolsProperties
instanceKlass org/springframework/boot/devtools/autoconfigure/DevToolsProperties$Livereload
instanceKlass org/springframework/boot/devtools/autoconfigure/DevToolsProperties$Restart
instanceKlass org/springframework/boot/devtools/autoconfigure/DevToolsProperties
instanceKlass org/springframework/boot/devtools/autoconfigure/LocalDevToolsAutoConfiguration$LiveReloadConfiguration
instanceKlass org/springframework/boot/devtools/livereload/LiveReloadServer
instanceKlass org/springframework/boot/devtools/autoconfigure/LocalDevToolsAutoConfiguration$RestartingClassPathChangeChangedEventListener
instanceKlass org/springframework/boot/devtools/autoconfigure/ConditionEvaluationDeltaLoggingListener
instanceKlass org/springframework/boot/devtools/filewatch/FileSystemWatcher
instanceKlass org/springframework/boot/devtools/filewatch/FileSystemWatcherFactory
instanceKlass java/io/FileFilter
instanceKlass org/springframework/boot/devtools/classpath/ClassPathRestartStrategy
instanceKlass org/springframework/boot/devtools/autoconfigure/LocalDevToolsAutoConfiguration$RestartConfiguration
instanceKlass org/springframework/boot/devtools/autoconfigure/DevToolsDataSourceAutoConfiguration$NonEmbeddedInMemoryDatabaseShutdownExecutor
instanceKlass org/springframework/boot/devtools/autoconfigure/DevToolsDataSourceAutoConfiguration
instanceKlass org/springframework/boot/devtools/classpath/ClassPathFileSystemWatcher
instanceKlass org/springframework/boot/autoconfigure/AbstractDependsOnBeanFactoryPostProcessor
instanceKlass org/springframework/boot/autoconfigure/web/servlet/MultipartAutoConfiguration
instanceKlass org/springframework/boot/autoconfigure/web/servlet/HttpEncodingAutoConfiguration$LocaleCharsetMappingsCustomizer
instanceKlass org/springframework/boot/autoconfigure/web/servlet/MultipartProperties
instanceKlass org/springframework/boot/autoconfigure/web/servlet/HttpEncodingAutoConfiguration
instanceKlass org/springframework/boot/autoconfigure/web/embedded/EmbeddedWebServerFactoryCustomizerAutoConfiguration
instanceKlass org/springframework/boot/autoconfigure/web/embedded/TomcatVirtualThreadsWebServerFactoryCustomizer
instanceKlass org/springframework/boot/autoconfigure/web/embedded/TomcatWebServerFactoryCustomizer
instanceKlass org/springframework/boot/autoconfigure/web/embedded/EmbeddedWebServerFactoryCustomizerAutoConfiguration$TomcatWebServerFactoryCustomizerConfiguration
instanceKlass org/springframework/boot/autoconfigure/web/client/RestTemplateBuilderConfigurer
instanceKlass org/springframework/boot/autoconfigure/web/client/RestTemplateAutoConfiguration
instanceKlass org/springframework/boot/web/client/RestTemplateBuilder
instanceKlass org/springframework/boot/autoconfigure/web/client/AutoConfiguredRestClientSsl
instanceKlass org/springframework/boot/autoconfigure/web/client/RestClientSsl
instanceKlass org/springframework/web/client/RestClient$Builder
instanceKlass org/springframework/boot/autoconfigure/web/client/RestClientBuilderConfigurer
instanceKlass org/springframework/boot/autoconfigure/web/client/RestClientAutoConfiguration
instanceKlass org/springframework/boot/autoconfigure/web/client/HttpMessageConvertersRestClientCustomizer
instanceKlass org/springframework/boot/web/client/RestClientCustomizer
instanceKlass org/springframework/transaction/support/DefaultTransactionDefinition
instanceKlass org/springframework/transaction/TransactionDefinition
instanceKlass org/springframework/transaction/ReactiveTransactionManager
instanceKlass org/springframework/boot/autoconfigure/transaction/TransactionAutoConfiguration$TransactionTemplateConfiguration
instanceKlass org/springframework/transaction/support/TransactionOperations
instanceKlass org/springframework/boot/autoconfigure/transaction/TransactionAutoConfiguration$EnableTransactionManagementConfiguration
instanceKlass org/springframework/boot/autoconfigure/transaction/TransactionAutoConfiguration$EnableTransactionManagementConfiguration$CglibAutoProxyConfiguration
instanceKlass org/springframework/aop/support/AbstractPointcutAdvisor
instanceKlass org/springframework/aop/PointcutAdvisor
instanceKlass org/springframework/aop/Advisor
instanceKlass org/aopalliance/intercept/MethodInterceptor
instanceKlass org/aopalliance/intercept/Interceptor
instanceKlass org/aopalliance/aop/Advice
instanceKlass org/springframework/transaction/interceptor/TransactionAttributeSource
instanceKlass org/springframework/transaction/event/TransactionalEventListenerFactory
instanceKlass org/springframework/transaction/annotation/TransactionRuntimeHints
instanceKlass org/springframework/boot/autoconfigure/jdbc/DataSourceTransactionManagerAutoConfiguration$JdbcTransactionManagerConfiguration
instanceKlass org/springframework/boot/autoconfigure/task/TaskSchedulingAutoConfiguration
instanceKlass org/springframework/boot/autoconfigure/task/TaskSchedulingProperties$Shutdown
instanceKlass org/springframework/boot/autoconfigure/task/TaskSchedulingProperties$Simple
instanceKlass org/springframework/boot/autoconfigure/task/TaskSchedulingProperties$Pool
instanceKlass org/springframework/boot/autoconfigure/task/TaskSchedulingConfigurations$TaskSchedulerConfiguration
instanceKlass org/springframework/boot/autoconfigure/task/TaskSchedulingConfigurations$SimpleAsyncTaskSchedulerBuilderConfiguration
instanceKlass org/springframework/boot/task/SimpleAsyncTaskSchedulerBuilder
instanceKlass org/springframework/boot/autoconfigure/task/TaskSchedulingConfigurations$TaskSchedulerBuilderConfiguration
instanceKlass org/springframework/boot/autoconfigure/task/TaskSchedulingProperties
instanceKlass org/springframework/boot/task/ThreadPoolTaskSchedulerCustomizer
instanceKlass org/springframework/boot/task/TaskSchedulerCustomizer
instanceKlass org/springframework/boot/task/ThreadPoolTaskSchedulerBuilder
instanceKlass org/springframework/boot/autoconfigure/task/TaskSchedulingConfigurations$ThreadPoolTaskSchedulerBuilderConfiguration
instanceKlass org/springframework/boot/task/TaskSchedulerBuilder
instanceKlass org/springframework/boot/autoconfigure/sql/init/DataSourceInitializationConfiguration
instanceKlass org/springframework/boot/autoconfigure/sql/init/R2dbcInitializationConfiguration
instanceKlass org/springframework/boot/autoconfigure/sql/init/SqlInitializationProperties
instanceKlass org/springframework/boot/sql/init/AbstractScriptDatabaseInitializer
instanceKlass org/springframework/boot/autoconfigure/reactor/ReactorAutoConfiguration
instanceKlass org/springframework/boot/autoconfigure/jdbc/JdbcClientAutoConfiguration
instanceKlass org/springframework/boot/autoconfigure/reactor/ReactorProperties
instanceKlass org/springframework/jdbc/core/simple/JdbcClient
instanceKlass org/springframework/boot/autoconfigure/jdbc/JdbcTemplateAutoConfiguration
instanceKlass org/springframework/boot/sql/init/dependency/DatabaseInitializationDependencyConfigurer$DependsOnDatabaseInitializationPostProcessor
instanceKlass org/springframework/boot/autoconfigure/jdbc/JdbcProperties$Template
instanceKlass org/springframework/boot/autoconfigure/jdbc/NamedParameterJdbcTemplateConfiguration
instanceKlass org/springframework/boot/autoconfigure/jdbc/JdbcProperties
instanceKlass org/springframework/boot/autoconfigure/jdbc/JdbcTemplateConfiguration
instanceKlass org/springframework/boot/autoconfigure/info/ProjectInfoAutoConfiguration
instanceKlass org/springframework/boot/autoconfigure/h2/H2ConsoleAutoConfiguration
instanceKlass org/springframework/boot/autoconfigure/info/ProjectInfoProperties$Git
instanceKlass org/springframework/boot/autoconfigure/info/ProjectInfoProperties$Build
instanceKlass org/springframework/boot/autoconfigure/info/ProjectInfoProperties
instanceKlass org/springframework/boot/autoconfigure/h2/H2ConsoleProperties$Settings
instanceKlass org/springframework/boot/autoconfigure/h2/H2ConsoleProperties
instanceKlass org/springframework/boot/autoconfigure/data/web/SpringDataWebProperties$Sort
instanceKlass org/springframework/boot/autoconfigure/data/web/SpringDataWebProperties$Pageable
instanceKlass org/springframework/boot/autoconfigure/data/web/SpringDataWebAutoConfiguration
instanceKlass org/springframework/data/web/config/SpringDataJacksonConfiguration
instanceKlass org/springframework/data/web/config/SortHandlerMethodArgumentResolverCustomizer
instanceKlass org/springframework/data/web/config/OffsetScrollPositionHandlerMethodArgumentResolverCustomizer
instanceKlass org/springframework/data/web/OffsetScrollPositionHandlerMethodArgumentResolverSupport
instanceKlass org/springframework/data/web/OffsetScrollPositionArgumentResolver
instanceKlass org/springframework/data/web/SortHandlerMethodArgumentResolverSupport
instanceKlass org/springframework/data/web/SortArgumentResolver
instanceKlass org/springframework/data/web/config/ProjectingArgumentResolverRegistrar$ProjectingArgumentResolverBeanPostProcessor
instanceKlass org/springframework/data/web/config/PageableHandlerMethodArgumentResolverCustomizer
instanceKlass org/springframework/boot/autoconfigure/data/web/SpringDataWebProperties
instanceKlass org/springframework/boot/autoconfigure/data/rest/RepositoryRestMvcAutoConfiguration
instanceKlass org/springframework/boot/autoconfigure/http/HttpMessageConvertersAutoConfiguration
instanceKlass org/springframework/boot/context/properties/bind/BindableRuntimeHintsRegistrar
instanceKlass org/springframework/boot/autoconfigure/http/JsonbHttpMessageConvertersConfiguration
instanceKlass org/springframework/boot/autoconfigure/http/GsonHttpMessageConvertersConfiguration
instanceKlass org/springframework/boot/autoconfigure/jsonb/JsonbAutoConfiguration
instanceKlass org/springframework/boot/autoconfigure/http/JacksonHttpMessageConvertersConfiguration
instanceKlass org/springframework/boot/autoconfigure/http/JacksonHttpMessageConvertersConfiguration$MappingJackson2HttpMessageConverterConfiguration
instanceKlass org/springframework/boot/autoconfigure/http/HttpMessageConvertersAutoConfiguration$StringHttpMessageConverterConfiguration
instanceKlass com/google/gson/FieldNamingStrategy
instanceKlass org/springframework/boot/autoconfigure/gson/GsonAutoConfiguration$StandardGsonBuilderCustomizer
instanceKlass org/springframework/boot/autoconfigure/gson/GsonBuilderCustomizer
instanceKlass org/springframework/boot/autoconfigure/gson/GsonAutoConfiguration
instanceKlass org/springframework/data/repository/core/support/RepositoryComposition$RepositoryFragments
instanceKlass org/springframework/data/repository/core/support/PropertiesBasedNamedQueries
instanceKlass org/springframework/data/repository/core/NamedQueries
instanceKlass org/springframework/data/jpa/util/JpaMetamodelCacheCleanup
instanceKlass org/springframework/data/mapping/context/AbstractMappingContext
instanceKlass org/springframework/data/mapping/context/MappingContext
instanceKlass sun/reflect/generics/tree/BooleanSignature
instanceKlass org/springframework/orm/jpa/SharedEntityManagerCreator
instanceKlass org/springframework/boot/autoconfigure/data/jpa/JpaRepositoriesAutoConfiguration
instanceKlass com/google/gson/GsonBuilder
instanceKlass org/springframework/boot/autoconfigure/gson/GsonProperties
instanceKlass org/springframework/data/repository/config/RepositoryRegistrationAotProcessor
instanceKlass org/springframework/util/StopWatch$TaskInfo
instanceKlass org/springframework/beans/factory/parsing/ComponentDefinition
instanceKlass org/springframework/data/repository/config/RepositoryConfigurationAdapter
instanceKlass org/springframework/data/repository/config/RepositoryFragmentConfigurationProvider
instanceKlass org/springframework/data/repository/config/RepositoryFragmentConfiguration
instanceKlass org/springframework/data/repository/core/support/RepositoryFragmentsFactoryBean
instanceKlass org/springframework/data/repository/config/SelectionSet
instanceKlass org/springframework/data/util/StreamUtils
instanceKlass org/springframework/data/repository/config/DefaultImplementationLookupConfiguration
instanceKlass org/springframework/data/repository/config/NamedQueriesBeanDefinitionBuilder
instanceKlass java/util/concurrent/CompletableFuture
instanceKlass org/springframework/core/ReactiveTypeDescriptor
instanceKlass java/util/concurrent/CompletionStage
instanceKlass reactor/adapter/JdkFlowAdapter$PublisherAsFlowPublisher
instanceKlass java/util/concurrent/Flow$Publisher
instanceKlass reactor/adapter/JdkFlowAdapter
instanceKlass reactor/util/function/Tuple2
instanceKlass reactor/util/function/Tuples
instanceKlass reactor/core/observability/SignalListenerFactory
instanceKlass org/reactivestreams/Subscription
instanceKlass org/reactivestreams/Processor
instanceKlass reactor/core/Disposable
instanceKlass reactor/util/context/ContextView
instanceKlass reactor/core/publisher/AssemblyOp
instanceKlass reactor/core/publisher/FluxOnAssembly$AssemblySnapshot
instanceKlass reactor/core/CoreSubscriber
instanceKlass org/reactivestreams/Subscriber
instanceKlass reactor/core/publisher/SourceProducer
instanceKlass reactor/core/Fuseable$ScalarCallable
instanceKlass reactor/core/publisher/SignalPeek
instanceKlass reactor/core/publisher/OptimizableOperator
instanceKlass reactor/core/Scannable
instanceKlass reactor/core/Fuseable
instanceKlass org/springframework/core/ReactiveAdapterRegistry$ReactorRegistrar
instanceKlass org/springframework/core/ReactiveAdapter
instanceKlass org/springframework/core/ReactiveAdapterRegistry
instanceKlass org/springframework/data/util/ReactiveWrappers$RegistryHolder
instanceKlass org/hibernate/proxy/HibernateProxy
instanceKlass org/hibernate/engine/spi/PrimeAmongSecondarySupertypes
instanceKlass org/springframework/data/jpa/util/HibernateProxyDetector
instanceKlass org/springframework/data/util/ProxyUtils$ProxyDetector
instanceKlass org/springframework/data/util/ProxyUtils
instanceKlass java/util/stream/Streams$2
instanceKlass java/util/stream/Streams$ConcatSpliterator
instanceKlass org/springframework/data/util/ReflectionUtils$DescribedFieldFilter
instanceKlass org/springframework/data/util/ReflectionUtils
instanceKlass org/springframework/data/domain/Page
instanceKlass org/springframework/data/domain/Slice
instanceKlass org/springframework/data/domain/Pageable
instanceKlass org/springframework/data/domain/Sort
instanceKlass org/springframework/data/domain/Example
instanceKlass org/springframework/data/util/ReactiveWrappers$1
instanceKlass org/springframework/data/util/ReactiveWrappers
instanceKlass jasmineorder/order/model/order
instanceKlass org/springframework/util/ConcurrentLruCache$AddTask
instanceKlass org/springframework/util/ConcurrentLruCache$WriteOperations
instanceKlass org/springframework/util/ConcurrentLruCache$ReadOperations
instanceKlass org/springframework/util/ConcurrentLruCache$EvictionQueue
instanceKlass org/springframework/util/ConcurrentLruCache
instanceKlass org/springframework/data/util/TypeDiscoverer
instanceKlass org/springframework/data/util/TypeInformation
instanceKlass org/springframework/data/repository/core/CrudMethods
instanceKlass org/springframework/data/repository/core/support/AbstractRepositoryMetadata
instanceKlass org/springframework/data/repository/core/RepositoryMetadata
instanceKlass jasmineorder/order/repository/OrderRepository
instanceKlass org/springframework/data/jpa/repository/config/JpaRepositoryConfigExtension$LazyJvmAgent
instanceKlass org/springframework/data/repository/config/DefaultRepositoryConfiguration
instanceKlass org/springframework/data/repository/util/ClassUtils
instanceKlass org/springframework/util/MethodInvoker
instanceKlass org/springframework/beans/factory/support/ConstructorResolver$ArgumentsHolder
instanceKlass org/springframework/beans/factory/support/AutowireUtils
instanceKlass org/springframework/beans/Mergeable
instanceKlass org/springframework/beans/factory/config/RuntimeBeanNameReference
instanceKlass java/util/Collections$UnmodifiableMap$UnmodifiableEntrySet$UnmodifiableEntry
instanceKlass java/util/Collections$UnmodifiableMap$UnmodifiableEntrySet$1
instanceKlass org/springframework/beans/factory/support/ConstructorResolver
instanceKlass org/springframework/data/repository/NoRepositoryBean
instanceKlass org/springframework/data/repository/RepositoryDefinition
instanceKlass org/springframework/data/util/LazyStreamable
instanceKlass org/springframework/data/util/Streamable
instanceKlass org/springframework/util/StopWatch
instanceKlass org/springframework/data/util/Lazy
instanceKlass org/springframework/data/repository/config/ImplementationLookupConfiguration
instanceKlass org/springframework/data/repository/config/RepositoryConfigurationSourceSupport$SpringImplementationDetectionConfiguration
instanceKlass org/springframework/data/repository/config/CustomRepositoryImplementationDetector
instanceKlass org/springframework/data/repository/config/FragmentMetadata
instanceKlass org/springframework/data/repository/config/RepositoryBeanDefinitionBuilder
instanceKlass org/springframework/data/jpa/repository/support/JpaEvaluationContextExtension
instanceKlass org/springframework/data/spel/spi/EvaluationContextExtension
instanceKlass org/springframework/data/spel/spi/ExtensionIdAware
instanceKlass org/springframework/data/jpa/repository/support/DefaultJpaContext
instanceKlass org/springframework/data/jpa/repository/JpaContext
instanceKlass org/springframework/beans/factory/config/AbstractFactoryBean
instanceKlass org/springframework/data/jpa/repository/support/EntityManagerBeanDefinitionRegistrarPostProcessor
instanceKlass org/springframework/data/repository/config/RepositoryConfiguration
instanceKlass org/springframework/data/repository/core/support/RepositoryFactorySupport
instanceKlass org/springframework/data/repository/config/RepositoryBeanDefinitionRegistrarSupport
instanceKlass org/springframework/data/repository/config/RepositoryBeanNameGenerator
instanceKlass org/springframework/data/config/ConfigurationUtils
instanceKlass org/springframework/data/repository/config/ImplementationDetectionConfiguration
instanceKlass org/springframework/data/repository/config/DefaultRepositoryBaseClass
instanceKlass org/springframework/data/jpa/repository/config/EnableJpaRepositories
instanceKlass org/springframework/boot/autoconfigure/data/jpa/JpaRepositoriesRegistrar$EnableJpaRepositoriesConfiguration
instanceKlass org/springframework/data/repository/config/RepositoryConfigurationDelegate
instanceKlass org/springframework/data/repository/config/RepositoryConfigurationExtensionSupport
instanceKlass org/springframework/data/repository/core/support/RepositoryFactoryBeanSupport
instanceKlass org/springframework/data/repository/core/support/RepositoryFactoryInformation
instanceKlass org/springframework/boot/autoconfigure/dao/PersistenceExceptionTranslationAutoConfiguration
instanceKlass org/springframework/context/support/DefaultLifecycleProcessor
instanceKlass org/springframework/boot/autoconfigure/context/LifecycleAutoConfiguration
instanceKlass org/springframework/boot/autoconfigure/context/ConfigurationPropertiesAutoConfiguration
instanceKlass org/springframework/boot/autoconfigure/context/LifecycleProperties
instanceKlass org/springframework/boot/autoconfigure/jackson/JacksonAutoConfiguration
instanceKlass org/springframework/boot/jackson/JsonMixinModuleEntries
instanceKlass org/springframework/boot/autoconfigure/jackson/JacksonAutoConfiguration$JacksonMixinConfiguration
instanceKlass org/springframework/boot/autoconfigure/jackson/JacksonAutoConfiguration$JacksonObjectMapperConfiguration
instanceKlass org/springframework/boot/autoconfigure/jackson/JacksonAutoConfiguration$ParameterNamesModuleConfiguration
instanceKlass org/springframework/boot/autoconfigure/jackson/JacksonAutoConfiguration$JacksonObjectMapperBuilderConfiguration
instanceKlass org/springframework/boot/autoconfigure/jackson/JacksonAutoConfiguration$Jackson2ObjectMapperBuilderCustomizerConfiguration$StandardJackson2ObjectMapperBuilderCustomizer
instanceKlass org/springframework/boot/autoconfigure/jackson/Jackson2ObjectMapperBuilderCustomizer
instanceKlass org/springframework/boot/autoconfigure/jackson/JacksonAutoConfiguration$Jackson2ObjectMapperBuilderCustomizerConfiguration
instanceKlass org/springframework/beans/factory/support/AbstractAutowireCapableBeanFactory$FactoryBeanMethodTypeFinder
instanceKlass org/springframework/boot/autoconfigure/jackson/JacksonProperties$Datatype
instanceKlass org/springframework/boot/autoconfigure/jackson/JacksonProperties
instanceKlass org/springframework/boot/autoconfigure/jdbc/DataSourceTransactionManagerAutoConfiguration
instanceKlass org/springframework/boot/autoconfigure/orm/jpa/HibernateProperties$Naming
instanceKlass org/springframework/boot/autoconfigure/orm/jpa/EntityManagerFactoryBuilderCustomizer
instanceKlass org/springframework/transaction/support/ResourceTransactionManager
instanceKlass org/springframework/boot/orm/jpa/EntityManagerFactoryBuilder
instanceKlass org/springframework/boot/autoconfigure/orm/jpa/JpaProperties
instanceKlass org/hibernate/boot/model/naming/ImplicitNamingStrategy
instanceKlass org/hibernate/boot/model/naming/PhysicalNamingStrategy
instanceKlass org/springframework/orm/jpa/vendor/AbstractJpaVendorAdapter
instanceKlass org/springframework/orm/jpa/JpaVendorAdapter
instanceKlass org/springframework/boot/autoconfigure/orm/jpa/JpaBaseConfiguration
instanceKlass org/springframework/boot/autoconfigure/orm/jpa/HibernateJpaConfiguration$HibernateRuntimeHints
instanceKlass org/springframework/boot/autoconfigure/orm/jpa/HibernateProperties
instanceKlass org/springframework/boot/autoconfigure/orm/jpa/JpaBaseConfiguration$PersistenceManagedTypesConfiguration
instanceKlass org/springframework/orm/jpa/persistenceunit/PersistenceManagedTypes
instanceKlass org/springframework/boot/autoconfigure/orm/jpa/JpaBaseConfiguration$JpaWebConfiguration
instanceKlass org/springframework/orm/jpa/EntityManagerFactoryAccessor
instanceKlass org/springframework/web/context/request/AsyncWebRequestInterceptor
instanceKlass org/springframework/web/context/request/WebRequestInterceptor
instanceKlass org/springframework/cloud/context/refresh/RefreshScopeLifecycle
instanceKlass org/springframework/cloud/endpoint/event/RefreshEventListener
instanceKlass org/springframework/cloud/context/refresh/ContextRefresher
instanceKlass org/springframework/cloud/logging/LoggingRebinder
instanceKlass org/springframework/cloud/autoconfigure/RefreshAutoConfiguration$RefreshScopeBeanDefinitionEnhancer
instanceKlass org/springframework/boot/autoconfigure/transaction/ExecutionListenersTransactionManagerCustomizer
instanceKlass org/springframework/cloud/autoconfigure/RefreshAutoConfiguration$RefreshProperties
instanceKlass org/springframework/boot/autoconfigure/jdbc/DataSourceAutoConfiguration
instanceKlass org/springframework/boot/jdbc/metadata/DataSourcePoolMetadataProvider
instanceKlass org/springframework/boot/jdbc/metadata/DataSourcePoolMetadata
instanceKlass org/springframework/boot/autoconfigure/jdbc/metadata/DataSourcePoolMetadataProvidersConfiguration$HikariPoolDataSourceMetadataProviderConfiguration
instanceKlass org/springframework/boot/autoconfigure/jdbc/PropertiesJdbcConnectionDetails
instanceKlass org/springframework/boot/autoconfigure/transaction/TransactionManagerCustomizers
instanceKlass org/springframework/boot/autoconfigure/transaction/TransactionProperties
instanceKlass org/springframework/boot/autoconfigure/transaction/TransactionManagerCustomizer
instanceKlass org/springframework/boot/autoconfigure/jdbc/DataSourceProperties$Xa
instanceKlass org/springframework/boot/autoconfigure/jdbc/DataSourceCheckpointRestoreConfiguration
instanceKlass org/springframework/boot/autoconfigure/jdbc/metadata/DataSourcePoolMetadataProvidersConfiguration
instanceKlass org/springframework/boot/autoconfigure/sql/init/SqlInitializationAutoConfiguration
instanceKlass org/springframework/boot/autoconfigure/jdbc/DataSourceAutoConfiguration$PooledDataSourceConfiguration
instanceKlass org/springframework/boot/autoconfigure/jdbc/DataSourceJmxConfiguration$Hikari
instanceKlass org/springframework/boot/autoconfigure/jdbc/DataSourceJmxConfiguration
instanceKlass org/springframework/boot/autoconfigure/jdbc/DataSourceConfiguration$Generic
instanceKlass org/springframework/boot/autoconfigure/jdbc/DataSourceConfiguration$OracleUcp
instanceKlass org/springframework/boot/autoconfigure/jdbc/DataSourceConfiguration$Dbcp2
instanceKlass org/springframework/boot/autoconfigure/jdbc/DataSourceConfiguration$Tomcat
instanceKlass org/springframework/boot/autoconfigure/jdbc/JdbcConnectionDetails
instanceKlass org/springframework/boot/autoconfigure/service/connection/ConnectionDetails
instanceKlass org/springframework/boot/autoconfigure/jdbc/DataSourceProperties
instanceKlass org/springframework/boot/autoconfigure/jdbc/JdbcConnectionDetailsBeanPostProcessor
instanceKlass org/springframework/boot/autoconfigure/jdbc/DataSourceConfiguration$Hikari
instanceKlass javax/sql/XADataSource
instanceKlass org/springframework/boot/autoconfigure/transaction/jta/JtaAutoConfiguration
instanceKlass org/springframework/boot/availability/ApplicationAvailabilityBean
instanceKlass org/springframework/boot/autoconfigure/transaction/jta/JndiJtaConfiguration
instanceKlass org/springframework/boot/autoconfigure/transaction/TransactionManagerCustomizationAutoConfiguration
instanceKlass org/springframework/boot/autoconfigure/transaction/TransactionAutoConfiguration
instanceKlass org/springframework/boot/autoconfigure/orm/jpa/HibernateJpaAutoConfiguration
instanceKlass org/springframework/boot/autoconfigure/jms/artemis/ArtemisAutoConfiguration
instanceKlass org/springframework/boot/autoconfigure/jms/activemq/ActiveMQAutoConfiguration
instanceKlass org/springframework/boot/autoconfigure/jdbc/XADataSourceAutoConfiguration
instanceKlass org/springframework/boot/autoconfigure/availability/ApplicationAvailabilityAutoConfiguration
instanceKlass org/springframework/boot/autoconfigure/aop/AopAutoConfiguration
instanceKlass org/springframework/boot/autoconfigure/aop/AopAutoConfiguration$AspectJAutoProxyingConfiguration
instanceKlass org/springframework/boot/autoconfigure/aop/AopAutoConfiguration$AspectJAutoProxyingConfiguration$CglibAutoProxyConfiguration
instanceKlass org/springframework/boot/availability/ApplicationAvailability
instanceKlass org/springframework/aop/config/AopConfigUtils
instanceKlass org/springframework/boot/autoconfigure/web/WebResourcesRuntimeHints
instanceKlass org/springframework/aot/hint/RuntimeHintsRegistrar
instanceKlass org/springframework/boot/autoconfigure/validation/ValidationAutoConfiguration
instanceKlass org/springframework/web/context/request/RequestContextListener
instanceKlass jakarta/servlet/ServletRequestListener
instanceKlass org/springframework/boot/autoconfigure/http/HttpMessageConverters
instanceKlass org/springframework/web/servlet/config/annotation/ResourceHandlerRegistration
instanceKlass org/springframework/boot/web/servlet/filter/OrderedFilter
instanceKlass org/springframework/boot/autoconfigure/web/servlet/WebMvcAutoConfiguration$WebMvcAutoConfigurationAdapter
instanceKlass org/springframework/lang/Nullable
instanceKlass org/springframework/web/util/pattern/PathPatternParser
instanceKlass org/springframework/web/util/UrlPathHelper
instanceKlass org/springframework/web/servlet/handler/HandlerMappingIntrospector
instanceKlass org/springframework/web/cors/CorsConfigurationSource
instanceKlass org/springframework/web/method/support/CompositeUriComponentsContributor
instanceKlass org/springframework/web/method/support/UriComponentsContributor
instanceKlass org/springframework/web/servlet/mvc/SimpleControllerHandlerAdapter
instanceKlass org/springframework/web/servlet/mvc/HttpRequestHandlerAdapter
instanceKlass org/springframework/web/servlet/function/support/HandlerFunctionAdapter
instanceKlass org/springframework/web/servlet/config/annotation/DefaultServletHandlerConfigurer
instanceKlass org/springframework/web/servlet/config/annotation/ContentNegotiationConfigurer
instanceKlass org/springframework/web/servlet/config/annotation/AsyncSupportConfigurer
instanceKlass org/springframework/web/servlet/config/annotation/ViewResolverRegistry
instanceKlass org/springframework/web/servlet/config/annotation/ResourceHandlerRegistry
instanceKlass org/springframework/web/servlet/config/annotation/PathMatchConfigurer
instanceKlass org/springframework/web/servlet/config/annotation/CorsRegistry
instanceKlass org/springframework/web/servlet/config/annotation/ViewControllerRegistry
instanceKlass org/springframework/web/servlet/config/annotation/InterceptorRegistry
instanceKlass org/springframework/validation/MessageCodesResolver
instanceKlass org/springframework/web/bind/support/ConfigurableWebBindingInitializer
instanceKlass org/springframework/web/servlet/handler/AbstractHandlerExceptionResolver
instanceKlass org/springframework/boot/autoconfigure/web/servlet/WebMvcAutoConfiguration$WelcomePageHandlerMappingFactory
instanceKlass org/springframework/web/servlet/resource/ResourceUrlProvider
instanceKlass org/springframework/web/servlet/HandlerAdapter
instanceKlass org/springframework/web/accept/ContentNegotiationManager
instanceKlass org/springframework/web/accept/MediaTypeFileExtensionResolver
instanceKlass org/springframework/web/accept/ContentNegotiationStrategy
instanceKlass org/springframework/web/servlet/ThemeResolver
instanceKlass org/springframework/web/servlet/RequestToViewNameTranslator
instanceKlass org/springframework/web/servlet/LocaleResolver
instanceKlass org/springframework/web/servlet/FlashMapManager
instanceKlass org/springframework/web/servlet/HandlerInterceptor
instanceKlass org/springframework/web/bind/support/WebBindingInitializer
instanceKlass org/springframework/web/servlet/handler/MatchableHandlerMapping
instanceKlass org/springframework/web/servlet/HandlerMapping
instanceKlass org/springframework/web/servlet/config/annotation/WebMvcConfigurationSupport
instanceKlass org/springframework/boot/web/servlet/error/DefaultErrorAttributes
instanceKlass org/springframework/web/servlet/HandlerExceptionResolver
instanceKlass org/springframework/boot/autoconfigure/web/servlet/error/ErrorMvcAutoConfiguration$PreserveErrorControllerTargetClassPostProcessor
instanceKlass org/springframework/boot/autoconfigure/web/servlet/error/ErrorMvcAutoConfiguration$ErrorPageCustomizer
instanceKlass org/springframework/boot/web/server/ErrorPageRegistrar
instanceKlass org/springframework/boot/autoconfigure/web/servlet/error/AbstractErrorController
instanceKlass org/springframework/boot/web/servlet/error/ErrorController
instanceKlass org/springframework/boot/autoconfigure/web/servlet/error/ErrorMvcAutoConfiguration
instanceKlass org/springframework/boot/autoconfigure/web/servlet/error/DefaultErrorViewResolver
instanceKlass org/springframework/boot/web/servlet/error/ErrorAttributes
instanceKlass org/springframework/boot/autoconfigure/web/servlet/WebMvcAutoConfiguration
instanceKlass org/springframework/boot/autoconfigure/web/WebProperties$Resources
instanceKlass org/springframework/boot/autoconfigure/web/servlet/error/ErrorViewResolver
instanceKlass org/springframework/boot/autoconfigure/web/servlet/error/ErrorMvcAutoConfiguration$DefaultErrorViewResolverConfiguration
instanceKlass org/springframework/boot/autoconfigure/web/WebProperties
instanceKlass org/springframework/web/servlet/View
instanceKlass org/springframework/boot/autoconfigure/web/servlet/error/ErrorMvcAutoConfiguration$WhitelabelErrorViewConfiguration
instanceKlass org/springframework/boot/autoconfigure/task/TaskExecutionAutoConfiguration
instanceKlass org/springframework/context/support/ApplicationObjectSupport
instanceKlass org/springframework/web/servlet/ViewResolver
instanceKlass org/springframework/boot/autoconfigure/task/TaskExecutionProperties$Shutdown
instanceKlass org/springframework/boot/autoconfigure/task/TaskExecutionProperties$Simple
instanceKlass org/springframework/boot/autoconfigure/task/TaskExecutionProperties$Pool
instanceKlass org/springframework/boot/autoconfigure/task/TaskExecutorConfigurations$TaskExecutorConfiguration
instanceKlass org/springframework/boot/autoconfigure/task/TaskExecutorConfigurations$SimpleAsyncTaskExecutorBuilderConfiguration
instanceKlass org/springframework/boot/task/SimpleAsyncTaskExecutorBuilder
instanceKlass org/springframework/boot/autoconfigure/task/TaskExecutorConfigurations$TaskExecutorBuilderConfiguration
instanceKlass org/springframework/boot/autoconfigure/task/TaskExecutionProperties
instanceKlass org/springframework/boot/task/ThreadPoolTaskExecutorCustomizer
instanceKlass org/springframework/boot/task/TaskExecutorCustomizer
instanceKlass org/springframework/boot/task/ThreadPoolTaskExecutorBuilder
instanceKlass org/springframework/boot/autoconfigure/task/TaskExecutorConfigurations$ThreadPoolTaskExecutorBuilderConfiguration
instanceKlass org/springframework/boot/autoconfigure/web/servlet/DispatcherServletAutoConfiguration
instanceKlass org/springframework/boot/autoconfigure/web/servlet/DispatcherServletPath
instanceKlass org/springframework/boot/task/TaskExecutorBuilder
instanceKlass org/springframework/aop/scope/ScopedProxyUtils
instanceKlass org/springframework/boot/autoconfigure/web/servlet/DispatcherServletAutoConfiguration$DispatcherServletRegistrationConfiguration
instanceKlass org/springframework/boot/autoconfigure/web/servlet/WebMvcProperties$Problemdetails
instanceKlass org/springframework/boot/autoconfigure/web/servlet/WebMvcProperties$Pathmatch
instanceKlass org/springframework/boot/autoconfigure/web/servlet/WebMvcProperties$Contentnegotiation
instanceKlass org/springframework/boot/autoconfigure/web/servlet/WebMvcProperties$View
instanceKlass org/springframework/boot/autoconfigure/web/servlet/WebMvcProperties$Servlet
instanceKlass org/springframework/boot/autoconfigure/web/servlet/WebMvcProperties$Async
instanceKlass org/springframework/boot/autoconfigure/web/servlet/WebMvcProperties$Format
instanceKlass org/springframework/validation/MessageCodeFormatter
instanceKlass org/springframework/boot/autoconfigure/web/servlet/DispatcherServletAutoConfiguration$DispatcherServletConfiguration
instanceKlass org/springframework/boot/autoconfigure/web/servlet/WebMvcProperties
instanceKlass org/springframework/boot/web/server/ErrorPageRegistrarBeanPostProcessor
instanceKlass org/springframework/boot/autoconfigure/web/servlet/ServletWebServerFactoryCustomizer
instanceKlass org/springframework/boot/autoconfigure/web/servlet/TomcatServletWebServerFactoryCustomizer
instanceKlass org/springframework/boot/web/server/AbstractConfigurableWebServerFactory
instanceKlass org/springframework/boot/web/servlet/server/ConfigurableServletWebServerFactory
instanceKlass org/springframework/boot/web/servlet/WebListenerRegistry
instanceKlass org/springframework/boot/web/embedded/tomcat/ConfigurableTomcatWebServerFactory
instanceKlass org/springframework/boot/web/server/ConfigurableWebServerFactory
instanceKlass org/springframework/boot/web/server/ErrorPageRegistry
instanceKlass org/springframework/boot/web/server/WebServerFactoryCustomizerBeanPostProcessor
instanceKlass org/springframework/boot/autoconfigure/web/ServerProperties$Undertow
instanceKlass org/springframework/boot/autoconfigure/web/ServerProperties$Netty
instanceKlass org/springframework/boot/autoconfigure/web/ServerProperties$Jetty
instanceKlass org/springframework/boot/autoconfigure/web/ServerProperties$Tomcat
instanceKlass org/springframework/boot/autoconfigure/web/ServerProperties$Reactive
instanceKlass org/springframework/boot/autoconfigure/web/ServerProperties$Servlet
instanceKlass org/springframework/boot/web/server/Http2
instanceKlass org/springframework/boot/web/server/Compression
instanceKlass org/springframework/boot/web/server/Ssl
instanceKlass org/springframework/boot/autoconfigure/web/ErrorProperties
instanceKlass org/springframework/boot/autoconfigure/web/servlet/ServletWebServerFactoryConfiguration$EmbeddedUndertow
instanceKlass org/springframework/boot/autoconfigure/web/servlet/ServletWebServerFactoryConfiguration$EmbeddedJetty
instanceKlass org/springframework/boot/autoconfigure/web/servlet/ServletWebServerFactoryConfiguration$EmbeddedTomcat
instanceKlass org/springframework/boot/autoconfigure/web/ServerProperties
instanceKlass org/springframework/boot/autoconfigure/websocket/servlet/WebSocketServletAutoConfiguration
instanceKlass org/springframework/boot/autoconfigure/websocket/servlet/TomcatWebSocketServletWebServerCustomizer
instanceKlass org/springframework/boot/web/server/WebServerFactoryCustomizer
instanceKlass org/springframework/boot/autoconfigure/websocket/servlet/WebSocketServletAutoConfiguration$TomcatWebSocketConfiguration
instanceKlass org/springframework/boot/web/servlet/server/ServletWebServerFactory
instanceKlass org/springframework/boot/web/server/WebServerFactory
instanceKlass org/springframework/boot/autoconfigure/web/servlet/ServletWebServerFactoryAutoConfiguration
instanceKlass org/springframework/boot/autoconfigure/ssl/SslProperties$Bundles
instanceKlass org/springframework/boot/ssl/DefaultSslBundleRegistry
instanceKlass org/springframework/boot/ssl/SslBundles
instanceKlass org/springframework/boot/autoconfigure/ssl/SslPropertiesBundleRegistrar
instanceKlass org/springframework/boot/autoconfigure/ssl/SslBundleRegistrar
instanceKlass org/springframework/boot/autoconfigure/ssl/FileWatcher
instanceKlass org/springframework/boot/autoconfigure/ssl/SslAutoConfiguration
instanceKlass org/springframework/core/annotation/AnnotatedElementUtils
instanceKlass org/springframework/context/annotation/BeanAnnotationHelper
instanceKlass org/springframework/boot/ssl/SslBundleRegistry
instanceKlass org/springframework/boot/autoconfigure/ssl/SslProperties
instanceKlass org/springframework/core/type/StandardMethodMetadata
instanceKlass org/springframework/boot/autoconfigure/context/PropertyPlaceholderAutoConfiguration
instanceKlass org/springframework/cloud/client/serviceregistry/AutoServiceRegistrationConfiguration
instanceKlass org/springframework/boot/autoconfigure/condition/OnBeanCondition$MatchResult
instanceKlass org/springframework/core/io/support/PropertiesLoaderSupport
instanceKlass org/springframework/boot/context/properties/BindMethodAttribute
instanceKlass org/springframework/boot/context/properties/ConfigurationPropertiesBean
instanceKlass org/springframework/boot/context/properties/ConfigurationPropertiesBeanRegistrar
instanceKlass org/springframework/boot/validation/beanvalidation/MethodValidationExcludeFilter
instanceKlass org/springframework/boot/context/properties/BoundConfigurationProperties
instanceKlass org/springframework/boot/context/properties/ConfigurationPropertiesBinder$ConfigurationPropertiesBinderFactory
instanceKlass org/springframework/validation/Validator
instanceKlass org/springframework/boot/context/properties/ConfigurationPropertiesBinder
instanceKlass org/springframework/cloud/client/serviceregistry/AutoServiceRegistrationProperties
instanceKlass org/springframework/beans/factory/config/ConstructorArgumentValues$ValueHolder
instanceKlass org/springframework/beans/factory/config/ConstructorArgumentValues
instanceKlass org/springframework/boot/autoconfigure/AutoConfigurationPackages$BasePackages
instanceKlass org/springframework/boot/autoconfigure/AutoConfigurationPackages
instanceKlass org/springframework/boot/autoconfigure/AutoConfigurationPackages$PackageImports
instanceKlass org/springframework/context/annotation/ConfigurationClassBeanDefinitionReader$TrackedConditionEvaluator
instanceKlass org/springframework/cache/caffeine/CaffeineCacheManager
instanceKlass com/stoyanr/evictor/ConcurrentMapWithTimedEviction
instanceKlass org/springframework/cloud/loadbalancer/annotation/LoadBalancerClient
instanceKlass org/springframework/cloud/loadbalancer/annotation/LoadBalancerClients
instanceKlass org/springframework/boot/autoconfigure/ImportAutoConfiguration
instanceKlass org/springframework/cloud/client/ConditionalOnDiscoveryHealthIndicatorEnabled
instanceKlass org/springframework/cloud/netflix/eureka/EurekaClientAutoConfiguration$ConditionalOnMissingRefreshScope
instanceKlass org/springframework/cloud/context/config/annotation/RefreshScope
instanceKlass org/springframework/cloud/autoconfigure/RefreshAutoConfiguration
instanceKlass org/springframework/cloud/netflix/eureka/EurekaClientAutoConfiguration$ConditionalOnRefreshScope
instanceKlass org/springframework/cloud/client/ConditionalOnBlockingDiscoveryEnabled
instanceKlass org/springframework/boot/devtools/restart/RestartScope
instanceKlass org/springframework/boot/devtools/restart/ConditionalOnInitializedRestarter
instanceKlass org/springframework/boot/autoconfigure/condition/ConditionalOnWarDeployment
instanceKlass org/springframework/transaction/annotation/AbstractTransactionManagementConfiguration
instanceKlass org/springframework/context/annotation/ImportAware
instanceKlass org/springframework/context/annotation/AutoProxyRegistrar
instanceKlass org/springframework/transaction/annotation/TransactionManagementConfigurationSelector$1
instanceKlass org/springframework/context/annotation/AdviceModeImportSelector
instanceKlass org/springframework/transaction/annotation/EnableTransactionManagement
instanceKlass org/springframework/transaction/interceptor/TransactionAspectSupport
instanceKlass org/springframework/jdbc/datasource/init/DatabasePopulator
instanceKlass org/springframework/boot/sql/init/dependency/DatabaseInitializationDependencyConfigurer
instanceKlass org/springframework/boot/autoconfigure/condition/ConditionalOnResource
instanceKlass org/springframework/data/querydsl/QuerydslUtils
instanceKlass org/springframework/data/web/config/SpringDataJacksonModules
instanceKlass org/springframework/data/web/config/SpringDataWebConfiguration
instanceKlass org/springframework/data/web/config/ProjectingArgumentResolverRegistrar
instanceKlass org/springframework/data/web/config/EnableSpringDataWebSupport$QuerydslActivator
instanceKlass org/springframework/data/web/config/EnableSpringDataWebSupport$SpringDataWebConfigurationImportSelector
instanceKlass org/springframework/data/web/config/EnableSpringDataWebSupport
instanceKlass org/springframework/data/repository/config/RepositoryConfigurationExtension
instanceKlass org/springframework/data/repository/config/RepositoryConfigurationSourceSupport
instanceKlass org/springframework/data/repository/config/RepositoryConfigurationSource
instanceKlass org/springframework/boot/autoconfigure/data/AbstractRepositoryConfigurationSourceSupport
instanceKlass org/springframework/boot/autoconfigure/data/jpa/JpaRepositoriesAutoConfiguration$JpaRepositoriesImportSelector
instanceKlass org/springframework/cache/Cache
instanceKlass org/springframework/boot/autoconfigure/cache/NoOpCacheConfiguration
instanceKlass org/springframework/boot/autoconfigure/cache/SimpleCacheConfiguration
instanceKlass org/springframework/boot/autoconfigure/cache/Cache2kCacheConfiguration
instanceKlass org/springframework/boot/autoconfigure/cache/CaffeineCacheConfiguration
instanceKlass org/springframework/boot/autoconfigure/cache/RedisCacheConfiguration
instanceKlass org/springframework/boot/autoconfigure/cache/CouchbaseCacheConfiguration
instanceKlass org/springframework/boot/autoconfigure/cache/JCacheCacheConfiguration
instanceKlass org/springframework/boot/autoconfigure/cache/InfinispanCacheConfiguration
instanceKlass org/springframework/boot/autoconfigure/cache/HazelcastCacheConfiguration
instanceKlass org/springframework/boot/autoconfigure/cache/GenericCacheConfiguration
instanceKlass org/springframework/boot/autoconfigure/cache/CacheConfigurations
instanceKlass org/springframework/boot/autoconfigure/cache/CacheAutoConfiguration$CacheConfigurationImportSelector
instanceKlass org/springframework/cloud/util/ConditionalOnBootstrapDisabled
instanceKlass org/springframework/cloud/util/ConditionalOnBootstrapEnabled
instanceKlass org/springframework/boot/autoconfigure/condition/ConditionalOnCheckpointRestore
instanceKlass org/springframework/boot/jdbc/DataSourceBuilder$MappedDataSourceProperty
instanceKlass org/springframework/boot/jdbc/DataSourceBuilder$Setter
instanceKlass org/springframework/boot/jdbc/DataSourceBuilder$Getter
instanceKlass com/zaxxer/hikari/HikariConfig
instanceKlass com/zaxxer/hikari/HikariConfigMXBean
instanceKlass org/springframework/boot/jdbc/DataSourceBuilder$MappedDataSourceProperties
instanceKlass org/springframework/boot/jdbc/DataSourceBuilder$DataSourceProperties
instanceKlass org/springframework/boot/jdbc/DataSourceBuilder
instanceKlass org/springframework/boot/autoconfigure/condition/AbstractNestedCondition$MemberOutcomes
instanceKlass org/springframework/boot/autoconfigure/condition/AbstractNestedCondition$MemberMatchOutcomes
instanceKlass org/springframework/boot/autoconfigure/condition/AbstractNestedCondition$MemberConditions
instanceKlass org/springframework/transaction/support/AbstractPlatformTransactionManager
instanceKlass org/springframework/transaction/ConfigurableTransactionManager
instanceKlass org/springframework/transaction/jta/TransactionFactory
instanceKlass org/springframework/boot/autoconfigure/condition/ConditionalOnJndi
instanceKlass org/springframework/context/annotation/AspectJAutoProxyRegistrar
instanceKlass org/springframework/context/annotation/EnableAspectJAutoProxy
instanceKlass org/aspectj/weaver/ShadowMunger
instanceKlass org/aspectj/weaver/IHasPosition
instanceKlass org/aspectj/util/PartialOrder$PartialComparable
instanceKlass org/springframework/boot/autoconfigure/web/WebProperties$Resources$Chain
instanceKlass org/springframework/boot/autoconfigure/web/ConditionalOnEnabledResourceChain
instanceKlass org/springframework/boot/autoconfigure/web/servlet/JspTemplateAvailabilityProvider
instanceKlass org/springframework/boot/autoconfigure/thymeleaf/ThymeleafTemplateAvailabilityProvider
instanceKlass org/springframework/boot/autoconfigure/mustache/MustacheTemplateAvailabilityProvider
instanceKlass org/springframework/boot/autoconfigure/template/PathBasedTemplateAvailabilityProvider$TemplateAvailabilityProperties
instanceKlass org/springframework/boot/autoconfigure/template/PathBasedTemplateAvailabilityProvider
instanceKlass org/springframework/boot/autoconfigure/template/TemplateAvailabilityProviders$NoTemplateAvailabilityProvider
instanceKlass org/springframework/boot/autoconfigure/template/TemplateAvailabilityProvider
instanceKlass org/springframework/boot/autoconfigure/template/TemplateAvailabilityProviders
instanceKlass org/springframework/boot/autoconfigure/condition/ConditionalOnThreading
instanceKlass jasmineorder/order/service/OrderService
instanceKlass org/apache/coyote/UpgradeProtocol
instanceKlass org/springframework/boot/autoconfigure/web/servlet/ServletWebServerFactoryAutoConfiguration$BeanPostProcessorsRegistrar
instanceKlass org/springframework/boot/web/servlet/RegistrationBean
instanceKlass org/springframework/boot/web/servlet/ServletContextInitializer
instanceKlass org/springframework/boot/autoconfigure/web/servlet/ConditionalOnMissingFilterBean
instanceKlass org/apache/tomcat/websocket/server/WsSci
instanceKlass jakarta/servlet/ServletContainerInitializer
instanceKlass org/apache/catalina/startup/Tomcat
instanceKlass org/springframework/boot/autoconfigure/condition/ConditionalOnNotWarDeployment
instanceKlass org/springframework/boot/autoconfigure/condition/OnWebApplicationCondition$1
instanceKlass org/springframework/context/annotation/ConfigurationMethod
instanceKlass org/springframework/context/annotation/ImportRuntimeHints
instanceKlass org/springframework/boot/autoconfigure/condition/ConditionalOnMissingClass
instanceKlass org/springframework/boot/context/properties/ConfigurationProperties
instanceKlass org/springframework/boot/autoconfigure/AutoConfigureOrder
instanceKlass org/springframework/cloud/client/ConditionalOnReactiveDiscoveryEnabled
instanceKlass org/springframework/cloud/client/ConditionalOnDiscoveryEnabled
instanceKlass org/springframework/boot/autoconfigure/condition/ConditionalOnMissingBean
instanceKlass org/springframework/boot/autoconfigure/AutoConfigureAfter
instanceKlass org/springframework/boot/autoconfigure/AutoConfigureBefore
instanceKlass org/springframework/boot/autoconfigure/AutoConfigurationSorter$AutoConfigurationClass
instanceKlass org/springframework/boot/autoconfigure/AutoConfigurationSorter$AutoConfigurationClasses
instanceKlass org/springframework/boot/autoconfigure/AutoConfigurationSorter
instanceKlass org/springframework/boot/autoconfigure/condition/ConditionEvaluationReportAutoConfigurationImportListener
instanceKlass org/springframework/boot/autoconfigure/AutoConfigurationImportListener
instanceKlass org/springframework/mail/javamail/JavaMailSenderImpl
instanceKlass org/springframework/mail/javamail/JavaMailSender
instanceKlass org/springframework/mail/MailSender
instanceKlass org/springframework/boot/jdbc/XADataSourceWrapper
instanceKlass org/springframework/jdbc/core/namedparam/NamedParameterJdbcTemplate
instanceKlass org/springframework/jdbc/core/namedparam/NamedParameterJdbcOperations
instanceKlass org/springframework/cache/interceptor/AbstractCacheInvoker
instanceKlass org/springframework/boot/autoconfigure/condition/ConditionalOnSingleCandidate
instanceKlass org/springframework/boot/context/properties/ConfigurationPropertiesBindingPostProcessor
instanceKlass org/springframework/boot/autoconfigure/condition/ConditionalOnBean
instanceKlass org/springframework/boot/autoconfigure/condition/ConditionalOnWebApplication
instanceKlass jakarta/websocket/server/ServerContainer
instanceKlass jakarta/websocket/WebSocketContainer
instanceKlass org/springframework/web/multipart/support/StandardServletMultipartResolver
instanceKlass org/springframework/web/multipart/MultipartResolver
instanceKlass jakarta/servlet/MultipartConfigElement
instanceKlass org/springframework/web/filter/GenericFilterBean
instanceKlass org/springframework/web/server/session/WebSessionManager
instanceKlass reactor/core/publisher/Mono
instanceKlass org/springframework/http/ReactiveHttpInputMessage
instanceKlass org/springframework/http/codec/LoggingCodecSupport
instanceKlass org/springframework/http/codec/HttpMessageReader
instanceKlass org/springframework/http/server/reactive/HttpHandler
instanceKlass org/springframework/http/client/support/HttpAccessor
instanceKlass org/springframework/web/client/RestOperations
instanceKlass org/springframework/web/client/RestClient
instanceKlass jakarta/transaction/Transaction
instanceKlass org/springframework/transaction/PlatformTransactionManager
instanceKlass org/springframework/scheduling/TaskScheduler
instanceKlass org/springframework/util/CustomizableThreadCreator
instanceKlass org/springframework/scheduling/SchedulingTaskExecutor
instanceKlass org/springframework/core/task/AsyncListenableTaskExecutor
instanceKlass org/springframework/core/task/AsyncTaskExecutor
instanceKlass org/springframework/core/task/TaskExecutor
instanceKlass org/springframework/web/servlet/config/annotation/WebMvcConfigurer
instanceKlass org/springframework/data/web/PageableHandlerMethodArgumentResolverSupport
instanceKlass org/springframework/data/web/PageableArgumentResolver
instanceKlass org/springframework/web/method/support/HandlerMethodArgumentResolver
instanceKlass reactor/core/publisher/Flux
instanceKlass reactor/core/CorePublisher
instanceKlass javax/naming/ldap/LdapContext
instanceKlass javax/naming/directory/DirContext
instanceKlass reactor/core/publisher/Hooks
instanceKlass org/springframework/data/jpa/repository/JpaRepository
instanceKlass org/springframework/data/repository/query/QueryByExampleExecutor
instanceKlass org/springframework/data/repository/ListPagingAndSortingRepository
instanceKlass org/springframework/data/repository/PagingAndSortingRepository
instanceKlass org/springframework/data/repository/ListCrudRepository
instanceKlass org/springframework/data/repository/CrudRepository
instanceKlass org/springframework/data/repository/Repository
instanceKlass org/springframework/orm/jpa/AbstractEntityManagerFactoryBean
instanceKlass org/springframework/dao/support/PersistenceExceptionTranslator
instanceKlass org/springframework/orm/jpa/EntityManagerFactoryInfo
instanceKlass org/springframework/context/weaving/LoadTimeWeaverAware
instanceKlass org/hibernate/engine/spi/SessionImplementor
instanceKlass org/hibernate/engine/spi/SharedSessionContractImplementor
instanceKlass org/hibernate/type/descriptor/java/JavaType$CoercionContext
instanceKlass org/hibernate/query/spi/QueryProducerImplementor
instanceKlass org/hibernate/type/descriptor/WrapperOptions
instanceKlass org/hibernate/engine/jdbc/LobCreationContext
instanceKlass org/hibernate/resource/transaction/spi/TransactionCoordinatorBuilder$Options
instanceKlass org/hibernate/resource/jdbc/spi/JdbcSessionOwner
instanceKlass org/hibernate/Session
instanceKlass org/hibernate/SharedSessionContract
instanceKlass org/hibernate/query/QueryProducer
instanceKlass jakarta/persistence/EntityManager
instanceKlass jakarta/activation/MimeType
instanceKlass org/springframework/aop/framework/ProxyConfig
instanceKlass org/springframework/jmx/support/MBeanRegistrationSupport
instanceKlass org/springframework/jmx/export/MBeanExportOperations
instanceKlass jakarta/servlet/ServletRegistration
instanceKlass jakarta/servlet/Registration
instanceKlass org/springframework/transaction/TransactionManager
instanceKlass jakarta/transaction/TransactionManager
instanceKlass org/springframework/boot/autoconfigure/BackgroundPreinitializer$JdkInitializer
instanceKlass org/springframework/jdbc/support/JdbcAccessor
instanceKlass org/springframework/jdbc/core/JdbcOperations
instanceKlass com/sun/security/sasl/Provider$1
instanceKlass javax/sql/DataSource
instanceKlass java/sql/Wrapper
instanceKlass javax/sql/CommonDataSource
instanceKlass com/sun/security/sasl/gsskerb/JdkSASL$1
instanceKlass org/springframework/http/server/ServerHttpRequest
instanceKlass org/springframework/http/HttpInputMessage
instanceKlass org/springframework/http/HttpRequest
instanceKlass sun/security/smartcardio/SunPCSC$1
instanceKlass jakarta/servlet/Filter
instanceKlass sun/security/jgss/SunProvider$1
instanceKlass org/springframework/http/codec/CodecConfigurer
instanceKlass sun/security/mscapi/SunMSCAPI$2
instanceKlass org/springframework/cache/CacheManager
instanceKlass org/springframework/boot/autoconfigure/cache/CacheAutoConfiguration
instanceKlass org/springframework/cloud/loadbalancer/annotation/LoadBalancerClientConfigurationRegistrar
instanceKlass sun/security/mscapi/SunMSCAPI$1
instanceKlass com/netflix/discovery/EurekaClient
instanceKlass com/netflix/discovery/shared/LookupService
instanceKlass org/jcp/xml/dsig/internal/dom/XMLDSigRI$2
instanceKlass org/jcp/xml/dsig/internal/dom/XMLDSigRI$1
instanceKlass jakarta/servlet/GenericServlet
instanceKlass org/springframework/cloud/context/scope/GenericScope
instanceKlass org/springframework/boot/autoconfigure/condition/ConditionMessage$ItemsBuilder
instanceKlass org/springframework/boot/autoconfigure/condition/ConditionalOnClass
instanceKlass org/springframework/boot/autoconfigure/condition/OnClassCondition$ThreadedOutcomesResolver
instanceKlass org/springframework/boot/autoconfigure/condition/OnClassCondition$StandardOutcomesResolver
instanceKlass java/security/spec/ECFieldF2m
instanceKlass org/springframework/boot/autoconfigure/AutoConfigurationMetadataLoader$PropertiesAutoConfigurationMetadata
instanceKlass sun/security/util/ObjectIdentifier
instanceKlass sun/security/util/ByteArrayTagOrder
instanceKlass sun/security/util/ByteArrayLexOrder
instanceKlass sun/security/util/DerEncoder
instanceKlass java/security/spec/ECParameterSpec
instanceKlass java/security/spec/AlgorithmParameterSpec
instanceKlass java/security/spec/ECPoint
instanceKlass java/security/spec/EllipticCurve
instanceKlass java/security/spec/ECFieldFp
instanceKlass java/security/spec/ECField
instanceKlass sun/security/util/CurveDB
instanceKlass sun/security/ec/SunEC$1
instanceKlass sun/security/pkcs11/SunPKCS11$Descriptor
instanceKlass javax/security/auth/callback/CallbackHandler
instanceKlass javax/security/auth/Subject
instanceKlass org/springframework/boot/autoconfigure/AutoConfigurationMetadata
instanceKlass org/springframework/boot/autoconfigure/AutoConfigurationMetadataLoader
instanceKlass org/springframework/boot/autoconfigure/AutoConfigurationImportSelector$ConfigurationClassFilter
instanceKlass org/springframework/boot/autoconfigure/condition/OnClassCondition$OutcomesResolver
instanceKlass sun/security/jca/ProviderConfig$ProviderLoader
instanceKlass sun/security/jca/ProviderConfig$3
instanceKlass sun/security/rsa/SunRsaSignEntries
instanceKlass org/springframework/boot/autoconfigure/condition/OnBeanCondition$Spec
instanceKlass org/springframework/boot/autoconfigure/AutoConfigurationImportFilter
instanceKlass sun/security/util/SecurityProviderConstants
instanceKlass java/security/Provider$UString
instanceKlass java/security/Provider$Service
instanceKlass org/springframework/boot/context/annotation/ImportCandidates
instanceKlass sun/security/provider/NativePRNG$NonBlocking
instanceKlass sun/security/provider/NativePRNG$Blocking
instanceKlass sun/security/provider/NativePRNG
instanceKlass org/springframework/boot/autoconfigure/AutoConfiguration
instanceKlass sun/security/provider/SunEntries$1
instanceKlass sun/security/provider/SunEntries
instanceKlass sun/security/jca/ProviderList$2
instanceKlass jdk/internal/math/FloatingDecimal$ASCIIToBinaryBuffer
instanceKlass jdk/internal/math/FloatingDecimal$PreparedASCIIToBinaryBuffer
instanceKlass jdk/internal/math/FloatingDecimal$ASCIIToBinaryConverter
instanceKlass jdk/internal/math/FloatingDecimal$BinaryToASCIIBuffer
instanceKlass jdk/internal/math/FloatingDecimal$ExceptionalBinaryToASCIIBuffer
instanceKlass jdk/internal/math/FloatingDecimal$BinaryToASCIIConverter
instanceKlass jdk/internal/math/FloatingDecimal
instanceKlass java/security/Provider$EngineDescription
instanceKlass java/security/Provider$ServiceKey
instanceKlass sun/security/jca/ProviderConfig
instanceKlass sun/security/jca/ProviderList
instanceKlass sun/security/jca/Providers
instanceKlass org/springframework/boot/autoconfigure/condition/ConditionEvaluationReport$ConditionAndOutcome
instanceKlass org/springframework/boot/autoconfigure/condition/ConditionEvaluationReport$ConditionAndOutcomes
instanceKlass org/springframework/boot/autoconfigure/condition/ConditionOutcome
instanceKlass org/springframework/boot/autoconfigure/condition/ConditionMessage$Builder
instanceKlass org/springframework/boot/autoconfigure/condition/ConditionMessage
instanceKlass org/apache/tomcat/util/http/ConcurrentDateFormat
instanceKlass org/apache/tomcat/util/http/FastHttpDateFormat
instanceKlass org/springframework/boot/autoconfigure/condition/OnPropertyCondition$Spec
instanceKlass org/springframework/context/annotation/ConfigurationCondition
instanceKlass org/apache/catalina/SessionIdGenerator
instanceKlass org/apache/catalina/Container
instanceKlass jakarta/security/auth/message/MessageInfo
instanceKlass jakarta/servlet/http/HttpServletRequest
instanceKlass jakarta/servlet/http/HttpServletResponse
instanceKlass org/springframework/core/annotation/MergedAnnotationCollectors
instanceKlass org/apache/catalina/util/LifecycleBase
instanceKlass org/apache/catalina/Lifecycle
instanceKlass org/apache/catalina/JmxEnabled
instanceKlass javax/management/MBeanRegistration
instanceKlass org/springframework/core/annotation/MergedAnnotationPredicates$UniquePredicate
instanceKlass org/apache/catalina/Valve
instanceKlass org/apache/catalina/Contained
instanceKlass jakarta/security/auth/message/config/RegistrationListener
instanceKlass org/apache/catalina/Authenticator
instanceKlass org/springframework/boot/autoconfigure/condition/SpringBootCondition
instanceKlass org/springframework/boot/autoconfigure/condition/ConditionalOnProperty
instanceKlass org/springframework/boot/context/properties/EnableConfigurationPropertiesRegistrar
instanceKlass org/springframework/boot/context/properties/EnableConfigurationProperties
instanceKlass java/util/ResourceBundle$Control$2
instanceKlass java/util/ResourceBundle$CacheKeyReference
instanceKlass java/util/ResourceBundle$CacheKey
instanceKlass org/springframework/context/annotation/DeferredImportSelector$Group$Entry
instanceKlass java/util/ServiceLoader$ProviderSpliterator
instanceKlass java/util/spi/ResourceBundleControlProvider
instanceKlass org/springframework/boot/autoconfigure/AutoConfigurationImportSelector$AutoConfigurationGroup
instanceKlass java/util/ResourceBundle$ResourceBundleControlProviderHolder
instanceKlass org/springframework/context/annotation/ConfigurationClassParser$DefaultDeferredImportSelectorGroup
instanceKlass org/springframework/context/annotation/DeferredImportSelector$Group
instanceKlass org/apache/tomcat/util/res/StringManager
instanceKlass org/springframework/context/annotation/ConfigurationClassParser$DeferredImportSelectorGrouping
instanceKlass org/apache/juli/logging/DirectJDKLog
instanceKlass org/apache/juli/logging/Log
instanceKlass org/springframework/context/annotation/ConfigurationClassParser$DeferredImportSelectorGroupingHandler
instanceKlass org/apache/juli/logging/LogFactory
instanceKlass org/springframework/boot/autoconfigure/AutoConfigurationImportSelector$AutoConfigurationEntry
instanceKlass sun/util/cldr/CLDRBaseLocaleDataMetaInfo$TZCanonicalIDMapHolder
instanceKlass org/springframework/context/annotation/Bean
instanceKlass sun/util/resources/provider/NonBaseLocaleDataMetaInfo
instanceKlass org/springframework/core/annotation/MergedAnnotationsCollection$AnnotationsSpliterator
instanceKlass sun/util/locale/provider/BaseLocaleDataMetaInfo
instanceKlass org/springframework/stereotype/Service
instanceKlass org/springframework/beans/factory/annotation/Lookup
instanceKlass sun/util/locale/provider/TimeZoneNameUtility$TimeZoneNameGetter
instanceKlass sun/util/locale/provider/TimeZoneNameUtility
instanceKlass java/text/DontCareFieldPosition$1
instanceKlass java/text/Format$FieldDelegate
instanceKlass org/apache/tomcat/util/http/CookieProcessorBase
instanceKlass org/apache/tomcat/util/http/CookieProcessor
instanceKlass org/springframework/stereotype/Repository
instanceKlass org/springframework/boot/autoconfigure/BackgroundPreinitializer$TomcatInitializer
instanceKlass org/springframework/boot/autoconfigure/BackgroundPreinitializer$CharsetInitializer
instanceKlass org/springframework/core/type/classreading/SimpleAnnotationMetadata
instanceKlass org/springframework/core/annotation/MergedAnnotationsCollection
instanceKlass org/springframework/http/converter/json/ProblemDetailJacksonMixin
instanceKlass org/springframework/http/ProblemDetail
instanceKlass org/springframework/core/type/classreading/SimpleMethodMetadataReadingVisitor$Source
instanceKlass com/fasterxml/jackson/databind/deser/ValueInstantiators$Base
instanceKlass com/fasterxml/jackson/module/paramnames/ParameterExtractor
instanceKlass org/springframework/core/type/classreading/SimpleMethodMetadata
instanceKlass org/springframework/core/type/MethodMetadata
instanceKlass jakarta/persistence/Entity
instanceKlass org/springframework/asm/Type
instanceKlass com/fasterxml/jackson/databind/util/ArrayBuilders
instanceKlass org/springframework/asm/AnnotationVisitor
instanceKlass org/springframework/core/type/classreading/SimpleAnnotationMetadataReadingVisitor$Source
instanceKlass org/springframework/asm/Context
instanceKlass org/springframework/asm/Attribute
instanceKlass com/fasterxml/jackson/databind/ObjectMapper$1
instanceKlass com/fasterxml/jackson/datatype/jdk8/PackageVersion
instanceKlass org/springframework/asm/ClassReader
instanceKlass com/fasterxml/jackson/databind/module/SimpleKeyDeserializers
instanceKlass org/springframework/asm/MethodVisitor
instanceKlass org/springframework/core/type/classreading/SimpleMetadataReader
instanceKlass java/util/function/ToLongFunction
instanceKlass com/fasterxml/jackson/databind/ser/Serializers$Base
instanceKlass org/springframework/util/AntPathMatcher$AntPathStringMatcher
instanceKlass sun/nio/fs/BasicFileAttributesHolder
instanceKlass com/fasterxml/jackson/databind/type/ClassKey
instanceKlass com/fasterxml/jackson/databind/deser/Deserializers$Base
instanceKlass java/nio/file/FileTreeWalker$Event
instanceKlass sun/nio/fs/WindowsDirectoryStream$WindowsDirectoryIterator
instanceKlass java/nio/file/FileTreeWalker$DirectoryNode
instanceKlass java/nio/file/Files$AcceptAllFilter
instanceKlass java/nio/file/DirectoryStream$Filter
instanceKlass java/nio/file/FileTreeWalker
instanceKlass java/nio/file/FileTreeIterator
instanceKlass sun/nio/fs/WindowsDirectoryStream
instanceKlass java/nio/file/DirectoryStream
instanceKlass com/fasterxml/jackson/datatype/jsr310/deser/InstantDeserializer$FromDecimalArguments
instanceKlass sun/nio/fs/WindowsUriSupport
instanceKlass com/fasterxml/jackson/datatype/jsr310/deser/InstantDeserializer$FromIntegerArguments
instanceKlass com/fasterxml/jackson/datatype/jsr310/PackageVersion
instanceKlass org/springframework/context/annotation/ParserStrategyUtils
instanceKlass org/springframework/context/annotation/TypeFilterUtils$1
instanceKlass org/springframework/context/annotation/TypeFilterUtils
instanceKlass java/util/stream/SortedOps
instanceKlass java/util/Collections$ReverseComparator2
instanceKlass java/util/Collections$ReverseComparator
instanceKlass java/util/function/ToIntFunction
instanceKlass org/springframework/core/annotation/MergedAnnotationPredicates
instanceKlass org/springframework/context/annotation/PropertySources
instanceKlass org/springframework/context/annotation/PropertySource
instanceKlass org/springframework/context/annotation/ConfigurationClass
instanceKlass org/springframework/context/annotation/ComponentScanAnnotationParser
instanceKlass org/springframework/core/io/support/DefaultPropertySourceFactory
instanceKlass com/fasterxml/jackson/core/Version
instanceKlass org/springframework/core/io/support/PropertySourceFactory
instanceKlass org/springframework/core/io/support/PropertySourceProcessor
instanceKlass com/fasterxml/jackson/core/util/VersionUtil
instanceKlass org/springframework/context/annotation/PropertySourceRegistry
instanceKlass com/fasterxml/jackson/module/paramnames/PackageVersion
instanceKlass org/springframework/context/annotation/ConfigurationClassParser$SourceClass
instanceKlass org/springframework/context/annotation/ConfigurationClassParser$DeferredImportSelectorHandler
instanceKlass org/springframework/context/annotation/ConfigurationClassParser$DeferredImportSelectorHolder
instanceKlass com/fasterxml/jackson/databind/type/TypeModifier
instanceKlass org/springframework/beans/factory/parsing/Problem
instanceKlass com/fasterxml/jackson/databind/ser/BeanSerializerModifier
instanceKlass com/fasterxml/jackson/databind/ser/Serializers
instanceKlass org/springframework/context/annotation/ImportRegistry
instanceKlass org/springframework/context/annotation/ConfigurationClassParser
instanceKlass com/fasterxml/jackson/databind/cfg/SerializerFactoryConfig
instanceKlass org/springframework/aop/framework/AopInfrastructureBean
instanceKlass com/fasterxml/jackson/databind/ser/std/StdJdkSerializers
instanceKlass org/springframework/beans/AbstractNestablePropertyAccessor$PropertyTokenHolder
instanceKlass org/springframework/beans/factory/config/TypedStringValue
instanceKlass org/springframework/context/annotation/ConfigurationClassBeanDefinitionReader
instanceKlass org/springframework/core/convert/Property
instanceKlass com/fasterxml/jackson/databind/ser/std/NumberSerializers
instanceKlass com/sun/beans/WildcardTypeImpl
instanceKlass com/sun/beans/WeakCache
instanceKlass com/sun/beans/TypeResolver
instanceKlass java/beans/SimpleBeanInfo
instanceKlass java/beans/MethodRef
instanceKlass org/springframework/beans/factory/aot/BeanRegistrationAotContribution
instanceKlass org/springframework/beans/factory/support/RegisteredBean
instanceKlass org/springframework/beans/factory/aot/BeanFactoryInitializationAotContribution
instanceKlass org/springframework/beans/PropertyDescriptorUtils
instanceKlass org/springframework/beans/SimpleBeanInfoFactory
instanceKlass java/beans/BeanInfo
instanceKlass org/springframework/data/util/KotlinBeanInfoFactory
instanceKlass org/springframework/beans/BeanInfoFactory
instanceKlass org/springframework/beans/CachedIntrospectionResults
instanceKlass org/springframework/beans/PropertyAccessorUtils
instanceKlass org/reactivestreams/Publisher
instanceKlass org/springframework/beans/factory/support/DisposableBeanAdapter
instanceKlass org/springframework/beans/factory/InitializingBean
instanceKlass org/springframework/expression/spel/support/StandardTypeConverter
instanceKlass org/springframework/expression/spel/support/StandardTypeLocator
instanceKlass org/springframework/context/expression/BeanFactoryResolver
instanceKlass org/springframework/context/expression/EnvironmentAccessor
instanceKlass org/springframework/context/expression/MapAccessor
instanceKlass org/springframework/expression/spel/CompilablePropertyAccessor
instanceKlass org/springframework/asm/Opcodes
instanceKlass com/fasterxml/jackson/databind/deser/DeserializerCache
instanceKlass org/springframework/context/expression/BeanFactoryAccessor
instanceKlass org/springframework/expression/spel/support/ReflectivePropertyAccessor
instanceKlass com/fasterxml/jackson/databind/KeyDeserializer
instanceKlass com/fasterxml/jackson/databind/deser/std/StdKeyDeserializers
instanceKlass com/fasterxml/jackson/databind/deser/KeyDeserializers
instanceKlass org/springframework/context/expression/BeanExpressionContextAccessor
instanceKlass com/fasterxml/jackson/databind/deser/ValueInstantiators
instanceKlass com/fasterxml/jackson/databind/AbstractTypeResolver
instanceKlass org/springframework/expression/TypedValue
instanceKlass com/fasterxml/jackson/databind/deser/BeanDeserializerModifier
instanceKlass org/springframework/expression/spel/support/StandardOperatorOverloader
instanceKlass com/fasterxml/jackson/databind/cfg/DeserializerFactoryConfig
instanceKlass com/fasterxml/jackson/databind/PropertyName
instanceKlass org/springframework/expression/spel/support/StandardTypeComparator
instanceKlass com/fasterxml/jackson/databind/deser/Deserializers
instanceKlass org/springframework/expression/OperatorOverloader
instanceKlass org/springframework/expression/TypeComparator
instanceKlass org/springframework/expression/spel/support/StandardEvaluationContext
instanceKlass org/springframework/expression/common/LiteralExpression
instanceKlass org/springframework/beans/factory/config/AutowiredPropertyMarker
instanceKlass org/springframework/beans/factory/support/BeanDefinitionValueResolver
instanceKlass com/fasterxml/jackson/annotation/ObjectIdGenerator
instanceKlass org/springframework/beans/AbstractNestablePropertyAccessor$PropertyHandler
instanceKlass org/springframework/beans/factory/parsing/PassThroughSourceExtractor
instanceKlass java/lang/Short$ShortCache
instanceKlass java/lang/Byte$ByteCache
instanceKlass org/springframework/beans/BeanUtils
instanceKlass org/springframework/beans/factory/aot/BeanRegistrationCodeFragments
instanceKlass org/springframework/beans/factory/support/NullBean
instanceKlass com/fasterxml/jackson/databind/deser/ValueInstantiator$Gettable
instanceKlass org/springframework/beans/factory/support/AbstractBeanFactory$BeanPostProcessorCache
instanceKlass com/fasterxml/jackson/databind/deser/ContextualDeserializer
instanceKlass com/fasterxml/jackson/databind/deser/ResolvableDeserializer
instanceKlass org/springframework/beans/factory/config/RuntimeBeanReference
instanceKlass org/springframework/beans/factory/config/BeanReference
instanceKlass org/springframework/beans/MutablePropertyValues
instanceKlass com/fasterxml/jackson/databind/JsonDeserializer
instanceKlass com/fasterxml/jackson/databind/deser/NullValueProvider
instanceKlass org/springframework/beans/factory/support/InstanceSupplier
instanceKlass org/springframework/util/function/ThrowingSupplier
instanceKlass org/springframework/beans/factory/support/BeanDefinitionBuilder
instanceKlass org/springframework/boot/autoconfigure/SharedMetadataReaderFactoryContextInitializer$SharedMetadataReaderFactoryBean
instanceKlass org/springframework/beans/factory/FactoryBean
instanceKlass com/fasterxml/jackson/databind/ser/SerializerCache
instanceKlass com/fasterxml/jackson/databind/ser/ResolvableSerializer
instanceKlass org/springframework/context/support/PostProcessorRegistrationDelegate
instanceKlass org/springframework/web/context/support/WebApplicationContextUtils$WebRequestObjectFactory
instanceKlass org/springframework/web/context/request/WebRequest
instanceKlass org/springframework/web/context/request/RequestAttributes
instanceKlass org/springframework/web/context/support/WebApplicationContextUtils$SessionObjectFactory
instanceKlass jakarta/servlet/http/HttpSession
instanceKlass org/springframework/web/context/support/WebApplicationContextUtils$ResponseObjectFactory
instanceKlass jakarta/servlet/ServletResponse
instanceKlass com/fasterxml/jackson/databind/ser/ContextualSerializer
instanceKlass org/springframework/web/context/support/WebApplicationContextUtils$RequestObjectFactory
instanceKlass jakarta/servlet/ServletRequest
instanceKlass com/fasterxml/jackson/databind/jsonschema/SchemaAware
instanceKlass org/springframework/web/context/request/AbstractRequestAttributesScope
instanceKlass com/fasterxml/jackson/databind/JsonSerializer
instanceKlass com/fasterxml/jackson/databind/jsonFormatVisitors/JsonFormatVisitable
instanceKlass org/springframework/boot/web/servlet/context/ServletWebServerApplicationContext$ExistingWebApplicationScopes
instanceKlass org/springframework/web/context/ServletContextAware
instanceKlass org/springframework/web/context/support/ServletContextAwareProcessor
instanceKlass org/springframework/context/support/ApplicationListenerDetector
instanceKlass org/springframework/context/MessageSourceAware
instanceKlass org/springframework/context/ApplicationEventPublisherAware
instanceKlass org/springframework/beans/factory/config/BeanExpressionContext
instanceKlass org/springframework/beans/factory/config/EmbeddedValueResolver
instanceKlass org/springframework/util/StringValueResolver
instanceKlass org/springframework/context/support/ApplicationContextAwareProcessor
instanceKlass org/springframework/beans/support/ResourceEditorRegistrar
instanceKlass org/springframework/expression/Expression
instanceKlass org/springframework/expression/common/TemplateAwareExpressionParser
instanceKlass com/fasterxml/jackson/databind/node/JsonNodeFactory
instanceKlass com/fasterxml/jackson/databind/node/JsonNodeCreator
instanceKlass org/springframework/expression/spel/SpelParserConfiguration
instanceKlass org/springframework/context/expression/StandardBeanExpressionResolver$1
instanceKlass org/springframework/expression/EvaluationContext
instanceKlass com/fasterxml/jackson/databind/cfg/ContextAttributes
instanceKlass org/springframework/expression/TypeConverter
instanceKlass org/springframework/expression/TypeLocator
instanceKlass org/springframework/expression/BeanResolver
instanceKlass org/springframework/expression/PropertyAccessor
instanceKlass com/fasterxml/jackson/databind/cfg/DatatypeFeature
instanceKlass org/springframework/expression/ExpressionParser
instanceKlass com/fasterxml/jackson/databind/cfg/DatatypeFeatures$DefaultHolder
instanceKlass com/fasterxml/jackson/databind/cfg/DatatypeFeatures
instanceKlass org/springframework/expression/ParserContext
instanceKlass org/springframework/context/expression/StandardBeanExpressionResolver
instanceKlass com/fasterxml/jackson/core/util/Separators
instanceKlass org/springframework/web/context/request/RequestContextHolder
instanceKlass com/fasterxml/jackson/core/util/DefaultPrettyPrinter$NopIndenter
instanceKlass com/fasterxml/jackson/databind/cfg/ConfigFeature
instanceKlass org/springframework/web/context/support/WebApplicationContextUtils
instanceKlass com/fasterxml/jackson/databind/cfg/ConfigOverride
instanceKlass com/fasterxml/jackson/annotation/JsonFormat$Features
instanceKlass com/fasterxml/jackson/annotation/JsonFormat$Value
instanceKlass org/springframework/boot/context/logging/LoggingApplicationListener$Lifecycle
instanceKlass org/springframework/context/SmartLifecycle
instanceKlass org/springframework/context/Phased
instanceKlass org/springframework/beans/factory/BeanFactoryUtils
instanceKlass org/springframework/boot/logging/DeferredLog$1
instanceKlass com/fasterxml/jackson/databind/cfg/CoercionConfig
instanceKlass com/fasterxml/jackson/databind/cfg/CoercionConfigs
instanceKlass jakarta/servlet/ServletContext
instanceKlass com/fasterxml/jackson/databind/introspect/VisibilityChecker$Std
instanceKlass jakarta/servlet/ServletConfig
instanceKlass org/springframework/boot/web/server/WebServer
instanceKlass com/fasterxml/jackson/annotation/JsonSetter$Value
instanceKlass org/springframework/boot/devtools/restart/ClassLoaderFilesResourcePatternResolver$ResourcePatternResolverFactory
instanceKlass com/fasterxml/jackson/annotation/JsonInclude$Value
instanceKlass org/springframework/boot/devtools/restart/ClassLoaderFilesResourcePatternResolver
instanceKlass com/fasterxml/jackson/annotation/JacksonAnnotationValue
instanceKlass com/fasterxml/jackson/databind/cfg/ConfigOverrides
instanceKlass org/springframework/beans/factory/support/BeanDefinitionReaderUtils
instanceKlass org/springframework/context/annotation/Description
instanceKlass com/fasterxml/jackson/databind/introspect/AnnotatedClass$Creators
instanceKlass org/springframework/context/annotation/Role
instanceKlass org/springframework/context/annotation/DependsOn
instanceKlass com/fasterxml/jackson/databind/introspect/AnnotationCollector$NoAnnotations
instanceKlass org/springframework/context/annotation/Primary
instanceKlass org/springframework/context/annotation/Lazy
instanceKlass com/fasterxml/jackson/databind/util/Annotations
instanceKlass com/fasterxml/jackson/databind/introspect/AnnotationCollector
instanceKlass com/fasterxml/jackson/databind/introspect/AnnotatedClassResolver
instanceKlass com/fasterxml/jackson/databind/cfg/MapperConfig
instanceKlass com/fasterxml/jackson/databind/BeanDescription
instanceKlass org/springframework/core/annotation/TypeMappedAnnotations$Aggregate
instanceKlass com/fasterxml/jackson/databind/introspect/SimpleMixInResolver
instanceKlass com/fasterxml/jackson/databind/introspect/ClassIntrospector$MixInResolver
instanceKlass org/springframework/core/annotation/TypeMappedAnnotations$AggregatesCollector
instanceKlass org/springframework/core/annotation/TypeMappedAnnotations$AggregatesSpliterator
instanceKlass com/fasterxml/jackson/databind/util/RootNameLookup
instanceKlass com/fasterxml/jackson/core/StreamReadConstraints
instanceKlass com/fasterxml/jackson/core/sym/ByteQuadsCanonicalizer$TableInfo
instanceKlass com/fasterxml/jackson/core/sym/ByteQuadsCanonicalizer
instanceKlass org/springframework/context/annotation/ScopeMetadata
instanceKlass com/fasterxml/jackson/core/sym/CharsToNameCanonicalizer$Bucket
instanceKlass org/springframework/beans/BeanMetadataAttribute
instanceKlass com/fasterxml/jackson/core/sym/CharsToNameCanonicalizer$TableInfo
instanceKlass org/springframework/context/annotation/ImportResource
instanceKlass com/fasterxml/jackson/core/sym/CharsToNameCanonicalizer
instanceKlass org/springframework/core/Conventions
instanceKlass org/springframework/context/annotation/ConfigurationClassUtils
instanceKlass com/fasterxml/jackson/core/io/CharTypes
instanceKlass com/fasterxml/jackson/core/io/JsonStringEncoder
instanceKlass org/springframework/cloud/commons/util/SpringFactoryImportSelector
instanceKlass com/fasterxml/jackson/core/io/SerializedString
instanceKlass com/fasterxml/jackson/core/util/DefaultPrettyPrinter
instanceKlass com/fasterxml/jackson/core/util/Instantiatable
instanceKlass org/springframework/boot/autoconfigure/AutoConfigurationPackages$Registrar
instanceKlass org/springframework/boot/context/annotation/DeterminableImports
instanceKlass org/springframework/context/annotation/ImportBeanDefinitionRegistrar
instanceKlass com/fasterxml/jackson/core/util/JacksonFeature
instanceKlass org/springframework/context/annotation/ComponentScans
instanceKlass org/springframework/boot/autoconfigure/AutoConfigurationImportSelector
instanceKlass org/springframework/context/annotation/DeferredImportSelector
instanceKlass com/fasterxml/jackson/core/async/ByteBufferFeeder
instanceKlass org/springframework/context/annotation/ImportSelector
instanceKlass com/fasterxml/jackson/core/async/ByteArrayFeeder
instanceKlass com/fasterxml/jackson/core/async/NonBlockingInputFeeder
instanceKlass org/springframework/boot/autoconfigure/AutoConfigurationExcludeFilter
instanceKlass org/springframework/boot/context/TypeExcludeFilter
instanceKlass com/fasterxml/jackson/core/TSFBuilder
instanceKlass com/fasterxml/jackson/core/SerializableString
instanceKlass java/lang/annotation/Repeatable
instanceKlass com/fasterxml/jackson/databind/introspect/AccessorNamingStrategy
instanceKlass org/springframework/boot/autoconfigure/AutoConfigurationPackage
instanceKlass com/fasterxml/jackson/core/Base64Variant
instanceKlass com/fasterxml/jackson/core/Base64Variants
instanceKlass java/text/DigitList
instanceKlass java/text/FieldPosition
instanceKlass org/springframework/context/annotation/Configuration
instanceKlass org/springframework/context/annotation/ComponentScan$Filter
instanceKlass java/lang/StringUTF16$CharsSpliterator
instanceKlass java/util/stream/Sink$ChainedInt
instanceKlass java/util/OptionalInt
instanceKlass java/text/DecimalFormatSymbols
instanceKlass org/springframework/core/annotation/TypeMappedAnnotations$IsPresent
instanceKlass org/springframework/context/annotation/Conditional
instanceKlass org/springframework/context/annotation/Import
instanceKlass java/text/DateFormatSymbols
instanceKlass sun/util/calendar/CalendarUtils
instanceKlass sun/util/calendar/CalendarDate
instanceKlass sun/util/resources/Bundles$CacheKeyReference
instanceKlass jdk/internal/reflect/ClassDefiner$1
instanceKlass jdk/internal/reflect/ClassDefiner
instanceKlass jdk/internal/reflect/MethodAccessorGenerator$1
instanceKlass java/util/ResourceBundle$ResourceBundleProviderHelper
instanceKlass sun/util/resources/Bundles$CacheKey
instanceKlass jdk/internal/reflect/Label$PatchInfo
instanceKlass java/util/ResourceBundle$1
instanceKlass jdk/internal/access/JavaUtilResourceBundleAccess
instanceKlass sun/util/resources/Bundles
instanceKlass jdk/internal/reflect/Label
instanceKlass sun/util/resources/LocaleData$LocaleDataStrategy
instanceKlass sun/util/resources/Bundles$Strategy
instanceKlass sun/util/resources/LocaleData$1
instanceKlass sun/util/resources/LocaleData
instanceKlass sun/util/locale/provider/LocaleResources
instanceKlass jdk/internal/reflect/UTF8
instanceKlass jdk/internal/reflect/ClassFileAssembler
instanceKlass jdk/internal/reflect/ByteVectorImpl
instanceKlass jdk/internal/reflect/ByteVector
instanceKlass jdk/internal/reflect/ByteVectorFactory
instanceKlass jdk/internal/reflect/AccessorGenerator
instanceKlass jdk/internal/reflect/ClassFileConstants
instanceKlass org/springframework/cloud/client/discovery/EnableDiscoveryClient
instanceKlass org/springframework/context/annotation/ComponentScan
instanceKlass org/springframework/boot/autoconfigure/EnableAutoConfiguration
instanceKlass org/springframework/boot/SpringBootConfiguration
instanceKlass org/springframework/boot/autoconfigure/SpringBootApplication
instanceKlass org/springframework/core/type/StandardClassMetadata
instanceKlass org/springframework/core/type/AnnotationMetadata
instanceKlass org/springframework/core/type/ClassMetadata
instanceKlass org/springframework/util/xml/XmlValidationModeDetector
instanceKlass org/springframework/util/xml/SimpleSaxErrorHandler
instanceKlass org/springframework/beans/factory/xml/DefaultDocumentLoader
instanceKlass org/springframework/beans/factory/parsing/NullSourceExtractor
instanceKlass org/springframework/beans/factory/parsing/EmptyReaderEventListener
instanceKlass org/springframework/beans/factory/parsing/FailFastProblemReporter
instanceKlass org/springframework/beans/factory/xml/DefaultBeanDefinitionDocumentReader
instanceKlass org/springframework/beans/factory/xml/BeanDefinitionDocumentReader
instanceKlass org/springframework/beans/factory/support/DefaultBeanNameGenerator
instanceKlass org/springframework/beans/factory/xml/NamespaceHandlerResolver
instanceKlass org/xml/sax/ErrorHandler
instanceKlass org/springframework/beans/factory/xml/DocumentLoader
instanceKlass org/springframework/beans/factory/parsing/SourceExtractor
instanceKlass org/springframework/beans/factory/parsing/ReaderEventListener
instanceKlass java/util/ResourceBundle
instanceKlass java/util/ResourceBundle$Control
instanceKlass sun/util/locale/provider/CalendarDataUtility$CalendarWeekParameterGetter
instanceKlass sun/util/locale/provider/LocaleServiceProviderPool$LocalizedObjectGetter
instanceKlass sun/util/locale/provider/LocaleServiceProviderPool
instanceKlass java/util/Locale$Builder
instanceKlass sun/util/locale/provider/CalendarDataUtility
instanceKlass sun/util/calendar/CalendarSystem$GregorianHolder
instanceKlass sun/util/calendar/CalendarSystem
instanceKlass java/util/Calendar$Builder
instanceKlass org/springframework/beans/factory/parsing/ProblemReporter
instanceKlass java/util/StringTokenizer
instanceKlass sun/util/locale/provider/AvailableLanguageTags
instanceKlass org/springframework/beans/factory/support/AbstractBeanDefinitionReader
instanceKlass org/springframework/beans/factory/support/BeanDefinitionReader
instanceKlass sun/util/resources/cldr/provider/CLDRLocaleDataMetaInfo
instanceKlass org/springframework/boot/BeanDefinitionLoader
instanceKlass jdk/internal/module/ModulePatcher$PatchedModuleReader
instanceKlass org/springframework/boot/SpringApplication$PropertySourceOrderingBeanFactoryPostProcessor
instanceKlass sun/util/locale/LocaleObjectCache
instanceKlass sun/util/locale/BaseLocale$Key
instanceKlass sun/util/locale/InternalLocaleBuilder$CaseInsensitiveChar
instanceKlass sun/util/locale/InternalLocaleBuilder
instanceKlass sun/util/locale/StringTokenIterator
instanceKlass sun/util/locale/ParseStatus
instanceKlass sun/util/locale/LanguageTag
instanceKlass sun/util/cldr/CLDRBaseLocaleDataMetaInfo
instanceKlass sun/util/locale/provider/LocaleDataMetaInfo
instanceKlass sun/util/locale/provider/ResourceBundleBasedAdapter
instanceKlass sun/util/locale/provider/LocaleProviderAdapter$1
instanceKlass sun/util/locale/provider/LocaleProviderAdapter
instanceKlass java/util/spi/LocaleServiceProvider
instanceKlass java/text/AttributedCharacterIterator$Attribute
instanceKlass ch/qos/logback/core/pattern/SpacePadder
instanceKlass com/fasterxml/jackson/databind/type/TypeBindings
instanceKlass com/fasterxml/jackson/databind/type/TypeParser
instanceKlass java/time/LocalTime$1
instanceKlass java/time/format/DateTimeFormatterBuilder$2
instanceKlass java/time/LocalDate$1
instanceKlass java/time/ZonedDateTime$1
instanceKlass java/time/temporal/TemporalQueries$7
instanceKlass java/time/temporal/TemporalQueries$6
instanceKlass java/time/temporal/TemporalQueries$5
instanceKlass java/time/temporal/TemporalQueries$4
instanceKlass java/time/temporal/TemporalQueries$3
instanceKlass java/time/temporal/TemporalQueries$2
instanceKlass java/time/temporal/TemporalQueries$1
instanceKlass java/time/temporal/TemporalQueries
instanceKlass java/time/format/DateTimePrintContext
instanceKlass ch/qos/logback/classic/spi/EventArgUtil
instanceKlass ch/qos/logback/classic/spi/IThrowableProxy
instanceKlass ch/qos/logback/classic/spi/LoggingEvent
instanceKlass com/fasterxml/jackson/databind/type/TypeFactory
instanceKlass org/springframework/boot/system/ApplicationHome
instanceKlass com/fasterxml/jackson/databind/cfg/BaseSettings
instanceKlass java/util/concurrent/atomic/AtomicReferenceArray
instanceKlass java/util/concurrent/atomic/AtomicLongArray
instanceKlass org/springframework/boot/StartupInfoLogger
instanceKlass java/util/concurrent/ConcurrentLinkedQueue$Node
instanceKlass com/fasterxml/jackson/databind/util/internal/Linked
instanceKlass com/fasterxml/jackson/databind/util/internal/PrivateMaxEntriesMap$Builder
instanceKlass com/fasterxml/jackson/databind/util/LRUMap
instanceKlass com/fasterxml/jackson/databind/util/LookupCache
instanceKlass java/beans/ConstructorProperties
instanceKlass java/beans/Transient
instanceKlass com/fasterxml/jackson/databind/util/ClassUtil$Ctor
instanceKlass com/fasterxml/jackson/databind/util/ClassUtil
instanceKlass org/springframework/core/ResolvableType$WildcardBounds
instanceKlass com/fasterxml/jackson/databind/ext/Java7Support
instanceKlass com/fasterxml/jackson/annotation/JsonMerge
instanceKlass com/fasterxml/jackson/databind/annotation/JsonDeserialize
instanceKlass org/springframework/boot/autoconfigure/logging/ConditionEvaluationReportLogger
instanceKlass com/fasterxml/jackson/annotation/JsonManagedReference
instanceKlass com/fasterxml/jackson/annotation/JsonBackReference
instanceKlass com/fasterxml/jackson/annotation/JsonUnwrapped
instanceKlass org/springframework/boot/autoconfigure/condition/ConditionEvaluationReport$AncestorsMatchedCondition
instanceKlass com/fasterxml/jackson/annotation/JsonRawValue
instanceKlass com/fasterxml/jackson/annotation/JsonTypeInfo
instanceKlass com/fasterxml/jackson/annotation/JsonFormat
instanceKlass org/springframework/context/annotation/Condition
instanceKlass com/fasterxml/jackson/annotation/JsonView
instanceKlass org/springframework/boot/autoconfigure/condition/ConditionEvaluationReport
instanceKlass com/fasterxml/jackson/databind/annotation/JsonSerialize
instanceKlass org/springframework/boot/autoconfigure/logging/ConditionEvaluationReportLoggingListener$ConditionEvaluationReportListener
instanceKlass com/fasterxml/jackson/databind/introspect/ConcreteBeanPropertyBase
instanceKlass com/fasterxml/jackson/databind/BeanProperty
instanceKlass org/springframework/boot/rsocket/context/RSocketPortInfoApplicationContextInitializer$Listener
instanceKlass org/springframework/boot/context/ConfigurationWarningsApplicationContextInitializer$ComponentScanPackageCheck
instanceKlass org/springframework/boot/context/ConfigurationWarningsApplicationContextInitializer$Check
instanceKlass org/springframework/boot/context/ConfigurationWarningsApplicationContextInitializer$ConfigurationWarningsPostProcessor
instanceKlass org/springframework/boot/devtools/restart/RestartScopeInitializer$RestartScope
instanceKlass com/fasterxml/jackson/databind/introspect/BeanPropertyDefinition
instanceKlass com/fasterxml/jackson/databind/util/Named
instanceKlass org/springframework/boot/context/ContextIdApplicationContextInitializer$ContextId
instanceKlass org/springframework/boot/autoconfigure/SharedMetadataReaderFactoryContextInitializer$CachingMetadataReaderFactoryPostProcessor
instanceKlass com/fasterxml/jackson/databind/introspect/TypeResolutionContext
instanceKlass org/springframework/context/index/CandidateComponentsIndex
instanceKlass com/fasterxml/jackson/databind/introspect/Annotated
instanceKlass org/springframework/context/index/CandidateComponentsIndexLoader
instanceKlass org/springframework/core/type/classreading/MetadataReader
instanceKlass org/springframework/core/type/classreading/SimpleMetadataReaderFactory
instanceKlass org/springframework/core/io/support/ResourcePatternUtils
instanceKlass jakarta/inject/Named
instanceKlass java/lang/Deprecated
instanceKlass jakarta/annotation/ManagedBean
instanceKlass com/fasterxml/jackson/core/type/ResolvedType
instanceKlass org/springframework/stereotype/Indexed
instanceKlass org/springframework/stereotype/Component
instanceKlass org/springframework/core/type/filter/AbstractTypeHierarchyTraversingFilter
instanceKlass org/springframework/core/type/filter/TypeFilter
instanceKlass org/springframework/beans/factory/support/BeanDefinitionDefaults
instanceKlass com/fasterxml/jackson/core/JsonParser
instanceKlass org/springframework/core/type/classreading/MetadataReaderFactory
instanceKlass org/springframework/context/annotation/ClassPathScanningCandidateComponentProvider
instanceKlass com/fasterxml/jackson/databind/JsonSerializable$Base
instanceKlass com/fasterxml/jackson/databind/JsonSerializable
instanceKlass org/springframework/context/event/DefaultEventListenerFactory
instanceKlass org/springframework/context/event/EventListenerFactory
instanceKlass org/springframework/context/event/EventListenerMethodProcessor
instanceKlass org/springframework/beans/factory/SmartInitializingSingleton
instanceKlass com/fasterxml/jackson/core/TreeNode
instanceKlass org/springframework/beans/factory/annotation/InitDestroyAnnotationBeanPostProcessor
instanceKlass com/fasterxml/jackson/databind/introspect/ClassIntrospector
instanceKlass com/fasterxml/jackson/databind/introspect/VisibilityChecker
instanceKlass org/springframework/beans/factory/annotation/AutowiredAnnotationBeanPostProcessor
instanceKlass org/springframework/beans/factory/config/SmartInstantiationAwareBeanPostProcessor
instanceKlass com/fasterxml/jackson/databind/jsontype/TypeResolverBuilder
instanceKlass com/fasterxml/jackson/databind/Module$SetupContext
instanceKlass org/springframework/beans/factory/config/BeanDefinitionHolder
instanceKlass com/fasterxml/jackson/databind/jsontype/PolymorphicTypeValidator
instanceKlass org/springframework/beans/factory/support/MethodOverrides
instanceKlass org/springframework/context/annotation/ConfigurationClassPostProcessor
instanceKlass org/springframework/context/EnvironmentAware
instanceKlass com/fasterxml/jackson/databind/introspect/AccessorNamingStrategy$Provider
instanceKlass org/springframework/context/ApplicationStartupAware
instanceKlass org/springframework/context/ResourceLoaderAware
instanceKlass org/springframework/beans/factory/support/BeanDefinitionRegistryPostProcessor
instanceKlass com/fasterxml/jackson/databind/AnnotationIntrospector
instanceKlass jakarta/inject/Qualifier
instanceKlass org/springframework/beans/factory/annotation/Qualifier
instanceKlass org/springframework/aop/TargetSource
instanceKlass org/springframework/orm/jpa/support/PersistenceAnnotationBeanPostProcessor
instanceKlass org/springframework/beans/factory/aot/BeanRegistrationAotProcessor
instanceKlass com/fasterxml/jackson/databind/ser/SerializerFactory
instanceKlass org/springframework/beans/factory/support/MergedBeanDefinitionPostProcessor
instanceKlass org/springframework/beans/factory/config/DestructionAwareBeanPostProcessor
instanceKlass org/springframework/beans/factory/config/InstantiationAwareBeanPostProcessor
instanceKlass jakarta/persistence/EntityManagerFactory
instanceKlass jakarta/annotation/PostConstruct
instanceKlass org/springframework/context/annotation/AnnotationConfigUtils
instanceKlass org/springframework/context/annotation/ConditionEvaluator$ConditionContextImpl
instanceKlass org/springframework/context/annotation/ConditionContext
instanceKlass org/springframework/context/annotation/ConditionEvaluator
instanceKlass com/fasterxml/jackson/databind/deser/DeserializerFactory
instanceKlass org/springframework/context/annotation/Scope
instanceKlass org/springframework/context/annotation/AnnotationScopeMetadataResolver
instanceKlass com/fasterxml/jackson/databind/DatabindContext
instanceKlass java/util/RegularEnumSet$EnumSetIterator
instanceKlass org/springframework/context/annotation/AnnotationBeanNameGenerator
instanceKlass org/springframework/beans/factory/annotation/AnnotatedBeanDefinition
instanceKlass org/springframework/core/type/AnnotatedTypeMetadata
instanceKlass com/fasterxml/jackson/databind/jsontype/SubtypeResolver
instanceKlass org/springframework/context/annotation/ScopeMetadataResolver
instanceKlass org/springframework/beans/factory/support/BeanNameGenerator
instanceKlass com/fasterxml/jackson/core/TokenStreamFactory
instanceKlass org/springframework/context/annotation/AnnotatedBeanDefinitionReader
instanceKlass org/springframework/beans/factory/support/SimpleAutowireCandidateResolver
instanceKlass org/springframework/beans/factory/support/SimpleInstantiationStrategy
instanceKlass java/text/Format
instanceKlass org/springframework/beans/factory/BeanNameAware
instanceKlass com/fasterxml/jackson/databind/cfg/HandlerInstantiator
instanceKlass jakarta/inject/Provider
instanceKlass com/fasterxml/jackson/databind/Module
instanceKlass org/springframework/http/converter/json/Jackson2ObjectMapperBuilder
instanceKlass org/springframework/beans/factory/ObjectProvider
instanceKlass org/springframework/beans/factory/ObjectFactory
instanceKlass org/springframework/beans/factory/support/AutowireCandidateResolver
instanceKlass org/springframework/util/ReflectionUtils$MethodCallback
instanceKlass com/fasterxml/jackson/core/PrettyPrinter
instanceKlass com/fasterxml/jackson/core/util/DefaultPrettyPrinter$Indenter
instanceKlass org/springframework/http/converter/GenericHttpMessageConverter
instanceKlass org/springframework/beans/PropertyValues
instanceKlass org/springframework/core/AttributeAccessorSupport
instanceKlass jdk/xml/internal/JdkProperty
instanceKlass org/springframework/beans/factory/InjectionPoint
instanceKlass jdk/xml/internal/XMLSecurityManager
instanceKlass org/springframework/beans/BeanWrapper
instanceKlass org/springframework/beans/ConfigurablePropertyAccessor
instanceKlass org/springframework/beans/PropertyAccessor
instanceKlass com/sun/org/apache/xalan/internal/utils/FeaturePropertyBase
instanceKlass org/springframework/beans/factory/support/InstantiationStrategy
instanceKlass jdk/xml/internal/JdkXmlFeatures
instanceKlass org/springframework/beans/factory/DisposableBean
instanceKlass jdk/xml/internal/JdkConstants
instanceKlass javax/xml/catalog/CatalogFeatures$Builder
instanceKlass javax/xml/catalog/CatalogFeatures
instanceKlass jdk/xml/internal/TransformErrorListener
instanceKlass javax/xml/transform/ErrorListener
instanceKlass com/sun/org/apache/xalan/internal/xsltc/compiler/SourceLoader
instanceKlass javax/xml/transform/FactoryFinder$1
instanceKlass org/springframework/core/SimpleAliasRegistry
instanceKlass jdk/xml/internal/SecuritySupport
instanceKlass javax/xml/transform/FactoryFinder
instanceKlass javax/xml/transform/TransformerFactory
instanceKlass sun/invoke/util/VerifyAccess$1
instanceKlass org/xml/sax/InputSource
instanceKlass org/xml/sax/EntityResolver
instanceKlass javax/xml/transform/Result
instanceKlass javax/xml/transform/Source
instanceKlass org/springframework/util/AntPathMatcher$PathSeparatorPatternCache
instanceKlass org/springframework/util/AntPathMatcher
instanceKlass org/apache/commons/logging/impl/NoOpLog
instanceKlass org/springframework/core/log/CompositeLog
instanceKlass org/springframework/core/log/LogDelegateFactory
instanceKlass org/springframework/http/HttpLogging
instanceKlass org/springframework/http/converter/AbstractHttpMessageConverter
instanceKlass jdk/internal/module/SystemModules$all
instanceKlass sun/nio/fs/ExtendedFileSystemProvider
instanceKlass org/springframework/util/PathMatcher
instanceKlass org/springframework/core/io/support/PathMatchingResourcePatternResolver
instanceKlass com/google/gson/Gson
instanceKlass com/fasterxml/jackson/core/JsonGenerator
instanceKlass org/springframework/beans/factory/config/BeanDefinition
instanceKlass org/springframework/beans/BeanMetadataElement
instanceKlass org/springframework/core/AttributeAccessor
instanceKlass com/fasterxml/jackson/core/TreeCodec
instanceKlass org/springframework/beans/factory/config/ConfigurableListableBeanFactory
instanceKlass org/springframework/beans/PropertyEditorRegistrar
instanceKlass org/springframework/beans/factory/config/BeanExpressionResolver
instanceKlass com/fasterxml/jackson/core/Versioned
instanceKlass org/springframework/context/LifecycleProcessor
instanceKlass org/springframework/beans/factory/config/BeanPostProcessor
instanceKlass jakarta/xml/bind/Binder
instanceKlass org/springframework/beans/factory/config/AutowireCapableBeanFactory
instanceKlass org/springframework/util/MimeType$SpecificityComparator
instanceKlass org/springframework/ui/context/ThemeSource
instanceKlass org/springframework/boot/web/context/ConfigurableWebServerApplicationContext
instanceKlass org/springframework/boot/web/context/WebServerApplicationContext
instanceKlass java/lang/StrictMath
instanceKlass org/springframework/context/annotation/AnnotationConfigRegistry
instanceKlass org/springframework/util/LinkedCaseInsensitiveMap
instanceKlass org/springframework/boot/SpringApplicationBannerPrinter$PrintedBanner
instanceKlass org/springframework/util/MimeType
instanceKlass java/io/Console$2
instanceKlass jdk/internal/access/JavaIOAccess
instanceKlass java/io/Console
instanceKlass org/springframework/boot/SpringBootVersion
instanceKlass org/springframework/http/HttpOutputMessage
instanceKlass org/springframework/http/HttpMessage
instanceKlass org/springframework/core/io/ContextResource
instanceKlass org/springframework/http/StreamingHttpOutputMessage$Body
instanceKlass org/springframework/http/converter/FormHttpMessageConverter
instanceKlass org/springframework/http/converter/HttpMessageConverter
instanceKlass org/springframework/boot/SpringBootBanner
instanceKlass org/springframework/boot/autoconfigure/BackgroundPreinitializer$MessageConverterInitializer
instanceKlass org/springframework/boot/Banner
instanceKlass org/springframework/boot/SpringApplicationBannerPrinter
instanceKlass org/springframework/boot/autoconfigure/BackgroundPreinitializer$ValidationInitializer
instanceKlass org/springframework/boot/EnvironmentConverter
instanceKlass org/springframework/boot/autoconfigure/BackgroundPreinitializer$ConversionServiceInitializer
instanceKlass org/springframework/boot/autoconfigure/BackgroundPreinitializer$1
instanceKlass ch/qos/logback/classic/pattern/TargetLengthBasedClassNameAbbreviator
instanceKlass ch/qos/logback/core/pattern/ConverterUtil
instanceKlass ch/qos/logback/classic/pattern/NamedConverter$CacheMissCalculator
instanceKlass ch/qos/logback/classic/pattern/Abbreviator
instanceKlass ch/qos/logback/core/pattern/FormatInfo
instanceKlass ch/qos/logback/core/pattern/util/AsIsEscapeUtil
instanceKlass ch/qos/logback/core/pattern/parser/OptionTokenizer
instanceKlass ch/qos/logback/core/pattern/util/RestrictedEscapeUtil
instanceKlass ch/qos/logback/core/pattern/parser/TokenStream
instanceKlass ch/qos/logback/core/pattern/util/RegularEscapeUtil
instanceKlass ch/qos/logback/classic/pattern/EnsureExceptionHandling
instanceKlass ch/qos/logback/core/pattern/parser/Token
instanceKlass ch/qos/logback/core/pattern/parser/Node
instanceKlass ch/qos/logback/core/pattern/util/IEscapeUtil
instanceKlass ch/qos/logback/core/pattern/PostCompileProcessor
instanceKlass jdk/internal/logger/DefaultLoggerFinder$1
instanceKlass java/util/logging/Logger$SystemLoggerHelper$1
instanceKlass java/util/logging/Logger$SystemLoggerHelper
instanceKlass ch/qos/logback/classic/jul/JULHelper
instanceKlass java/util/Vector$Itr
instanceKlass ch/qos/logback/core/subst/NodeToStringTransformer$1
instanceKlass ch/qos/logback/core/CoreConstants
instanceKlass ch/qos/logback/core/subst/Node
instanceKlass ch/qos/logback/core/subst/Parser$1
instanceKlass ch/qos/logback/core/subst/Parser
instanceKlass ch/qos/logback/core/subst/Token
instanceKlass ch/qos/logback/core/subst/Tokenizer
instanceKlass ch/qos/logback/core/subst/NodeToStringTransformer
instanceKlass ch/qos/logback/core/rolling/RollingPolicy
instanceKlass org/springframework/boot/logging/logback/DefaultLogbackConfiguration
instanceKlass java/util/concurrent/Executors$DefaultThreadFactory
instanceKlass ch/qos/logback/core/util/ExecutorServiceUtil$1
instanceKlass java/util/concurrent/ScheduledExecutorService
instanceKlass ch/qos/logback/core/util/ExecutorServiceUtil
instanceKlass ch/qos/logback/core/LifeCycleManager
instanceKlass org/springframework/aot/AotDetector
instanceKlass org/springframework/boot/logging/LoggingInitializationContext
instanceKlass org/springframework/boot/logging/LoggerGroup
instanceKlass org/springframework/boot/logging/LoggerGroups
instanceKlass org/springframework/boot/logging/LogFile
instanceKlass java/util/concurrent/SynchronousQueue$TransferStack$SNode
instanceKlass java/util/concurrent/SynchronousQueue$Transferer
instanceKlass java/lang/ProcessHandleImpl
instanceKlass java/lang/ProcessHandle
instanceKlass org/springframework/boot/system/ApplicationPid
instanceKlass org/springframework/core/convert/support/ConversionUtils
instanceKlass java/util/concurrent/ConcurrentLinkedDeque$AbstractItr
instanceKlass org/springframework/core/convert/support/GenericConversionService$ConverterCacheKey
instanceKlass org/springframework/util/PropertyPlaceholderHelper$PlaceholderResolver
instanceKlass org/springframework/boot/context/properties/source/ConfigurationProperty
instanceKlass org/springframework/boot/origin/PropertySourceOrigin
instanceKlass org/jboss/logging/Logger
instanceKlass org/jboss/logging/BasicLogger
instanceKlass org/springframework/boot/ansi/AnsiElement
instanceKlass org/springframework/boot/ansi/AnsiOutput
instanceKlass java/util/regex/ASCII
instanceKlass org/springframework/cloud/bootstrap/encrypt/TextEncryptorUtils$FailsafeTextEncryptor
instanceKlass org/springframework/cloud/bootstrap/encrypt/KeyProperties$KeyStore
instanceKlass java/util/concurrent/locks/AbstractQueuedSynchronizer$Node
instanceKlass java/util/concurrent/ForkJoinPool$ManagedBlocker
instanceKlass java/util/concurrent/atomic/Striped64$1
instanceKlass jdk/internal/util/random/RandomSupport
instanceKlass java/net/InetAddress$CachedAddresses
instanceKlass sun/net/InetAddressCachePolicy$2
instanceKlass sun/net/InetAddressCachePolicy$1
instanceKlass sun/net/InetAddressCachePolicy
instanceKlass java/net/InetAddress$NameServiceAddresses
instanceKlass java/net/InetAddress$Addresses
instanceKlass java/util/concurrent/ConcurrentSkipListMap$Iter
instanceKlass java/util/concurrent/FutureTask$WaitNode
instanceKlass java/util/concurrent/FutureTask
instanceKlass java/util/concurrent/RunnableFuture
instanceKlass java/util/concurrent/Future
instanceKlass org/springframework/cloud/commons/util/InetUtils$HostInfo
instanceKlass java/net/NetworkInterface$1
instanceKlass java/net/DefaultInterface
instanceKlass java/net/Inet6Address$Inet6AddressHolder
instanceKlass java/net/InetAddress$PlatformNameService
instanceKlass java/net/InetAddress$NameService
instanceKlass java/net/Inet6AddressImpl
instanceKlass java/net/InetAddressImpl
instanceKlass java/net/InetAddressImplFactory
instanceKlass java/util/concurrent/ConcurrentSkipListMap$Node
instanceKlass java/util/concurrent/ConcurrentSkipListMap$Index
instanceKlass java/util/concurrent/ConcurrentNavigableMap
instanceKlass java/net/InetAddress$InetAddressHolder
instanceKlass java/net/InetAddress$1
instanceKlass jdk/internal/access/JavaNetInetAddressAccess
instanceKlass java/net/InterfaceAddress
instanceKlass java/net/NetworkInterface
instanceKlass java/util/concurrent/ThreadPoolExecutor$AbortPolicy
instanceKlass java/util/concurrent/RejectedExecutionHandler
instanceKlass java/util/concurrent/AbstractExecutorService
instanceKlass java/util/concurrent/Executors$DelegatedExecutorService
instanceKlass java/util/concurrent/Executors
instanceKlass org/springframework/cloud/commons/util/InetUtils
instanceKlass org/springframework/beans/factory/annotation/Value
instanceKlass java/util/AbstractList$Itr
instanceKlass org/springframework/boot/context/properties/bind/JavaBeanBinder$BeanSupplier
instanceKlass java/beans/Introspector$1
instanceKlass jdk/internal/access/JavaBeansAccess
instanceKlass java/beans/FeatureDescriptor
instanceKlass java/beans/Introspector
instanceKlass org/springframework/boot/context/properties/bind/JavaBeanBinder$BeanProperty
instanceKlass java/lang/invoke/MethodHandleImpl$ArrayAccessor
instanceKlass java/lang/invoke/MethodHandleImpl$2
instanceKlass java/lang/invoke/MethodHandleImpl$LoopClauses
instanceKlass java/lang/invoke/MethodHandleImpl$CasesHolder
instanceKlass java/lang/invoke/MethodHandleImpl$BindCaller
instanceKlass org/springframework/core/BridgeMethodResolver
instanceKlass org/springframework/cloud/commons/util/InetUtilsProperties
instanceKlass org/springframework/boot/context/properties/bind/MapBinder$EntryBinder
instanceKlass org/springframework/core/CollectionFactory
instanceKlass org/springframework/boot/context/config/Profiles
instanceKlass java/util/Spliterators$IteratorSpliterator
instanceKlass org/springframework/boot/context/config/ConfigDataEnvironmentContributors$InactiveSourceChecker
instanceKlass org/springframework/boot/context/properties/bind/DefaultValue
instanceKlass org/springframework/boot/context/properties/bind/DataObjectPropertyName
instanceKlass org/springframework/boot/context/properties/bind/ValueObjectBinder$ConstructorParameter
instanceKlass org/springframework/core/SerializableTypeWrapper$MethodInvokeTypeProvider
instanceKlass org/springframework/core/SerializableTypeWrapper$TypeProxyInvocationHandler
instanceKlass sun/reflect/generics/tree/MethodTypeSignature
instanceKlass sun/reflect/generics/tree/VoidDescriptor
instanceKlass org/springframework/core/SerializableTypeWrapper$MethodParameterTypeProvider
instanceKlass org/springframework/core/MethodParameter
instanceKlass org/springframework/boot/context/properties/bind/Name
instanceKlass org/springframework/boot/context/properties/bind/ConstructorBinding
instanceKlass org/springframework/beans/factory/annotation/Autowired
instanceKlass org/springframework/boot/context/config/ConfigDataProperties$Activate
instanceKlass org/springframework/boot/context/properties/bind/DefaultBindConstructorProvider$Constructors
instanceKlass org/springframework/boot/context/properties/bind/AbstractBindHandler
instanceKlass org/springframework/boot/context/config/ConfigDataEnvironmentContributorPlaceholdersResolver
instanceKlass org/springframework/boot/origin/OriginTrackedValue
instanceKlass org/springframework/boot/origin/TextResourceOrigin
instanceKlass org/springframework/boot/origin/TextResourceOrigin$Location
instanceKlass sun/net/DefaultProgressMeteringPolicy
instanceKlass sun/net/ProgressMeteringPolicy
instanceKlass sun/net/ProgressMonitor
instanceKlass org/springframework/boot/env/OriginTrackedPropertiesLoader$CharacterReader
instanceKlass org/springframework/boot/env/OriginTrackedPropertiesLoader$Document
instanceKlass org/springframework/boot/env/OriginTrackedPropertiesLoader
instanceKlass java/util/Formattable
instanceKlass java/util/Formatter$Flags
instanceKlass java/util/Formatter$FormatSpecifier
instanceKlass java/util/Formatter$Conversion
instanceKlass java/util/Formatter$FixedString
instanceKlass java/util/Formatter$FormatString
instanceKlass java/util/Formatter
instanceKlass org/springframework/boot/origin/OriginTrackedResource
instanceKlass java/net/URLClassLoader$2
instanceKlass org/springframework/boot/context/config/ConfigData
instanceKlass org/springframework/boot/context/config/ConfigDataResolutionResult
instanceKlass org/springframework/core/io/WritableResource
instanceKlass org/springframework/boot/context/config/StandardConfigDataReference
instanceKlass org/springframework/boot/context/config/ConfigDataEnvironmentContributors$ContributorDataLoaderContext
instanceKlass org/springframework/boot/context/config/ConfigDataEnvironmentContributors$ContributorConfigDataLocationResolverContext
instanceKlass org/springframework/boot/context/config/ConfigDataEnvironmentContributor$ContributorIterator
instanceKlass org/springframework/boot/BootstrapRegistry$InstanceSupplier$1
instanceKlass org/springframework/boot/context/config/ConfigDataActivationContext
instanceKlass org/springframework/boot/context/config/ConfigDataImporter
instanceKlass org/springframework/boot/context/config/ConfigDataLocationResolverContext
instanceKlass org/springframework/boot/context/config/ConfigDataLoaderContext
instanceKlass org/springframework/boot/context/config/ConfigDataEnvironmentContributors
instanceKlass org/springframework/boot/context/config/ConfigDataProperties
instanceKlass org/springframework/boot/context/config/ConfigDataEnvironmentContributor
instanceKlass org/springframework/boot/context/config/ConfigData$Options
instanceKlass org/springframework/boot/context/config/ConfigData$AlwaysPropertySourceOptions
instanceKlass org/springframework/boot/context/config/ConfigData$PropertySourceOptions
instanceKlass org/springframework/boot/context/config/StandardConfigDataLoader
instanceKlass org/springframework/boot/context/config/ConfigDataResource
instanceKlass org/springframework/boot/context/config/ConfigTreeConfigDataLoader
instanceKlass org/springframework/boot/context/config/ConfigDataLoader
instanceKlass org/springframework/boot/context/config/ConfigDataLoaders
instanceKlass org/springframework/boot/context/config/ConfigDataEnvironmentUpdateListener$1
instanceKlass org/springframework/boot/context/config/ConfigDataEnvironmentUpdateListener
instanceKlass java/util/function/BooleanSupplier
instanceKlass java/util/stream/StreamSpliterators
instanceKlass java/util/stream/StreamSpliterators$AbstractWrappingSpliterator
instanceKlass org/springframework/boot/context/properties/source/FilteredConfigurationPropertiesSource
instanceKlass org/springframework/boot/context/properties/bind/AggregateBinder$AggregateSupplier
instanceKlass org/springframework/boot/context/properties/bind/AggregateElementBinder
instanceKlass org/springframework/boot/context/config/StandardConfigDataLocationResolver
instanceKlass org/springframework/boot/context/config/LocationResourceLoader
instanceKlass org/springframework/boot/context/config/ConfigTreeConfigDataLocationResolver
instanceKlass org/springframework/boot/context/config/ConfigDataLocationResolver
instanceKlass org/springframework/boot/context/config/ConfigDataLocationResolvers
instanceKlass org/springframework/boot/context/properties/bind/BindResult
instanceKlass org/springframework/boot/context/properties/bind/JavaBeanBinder$BeanProperties
instanceKlass org/springframework/boot/context/properties/bind/ValueObjectBinder$ValueObject
instanceKlass org/springframework/core/StandardReflectionParameterNameDiscoverer
instanceKlass org/springframework/core/PrioritizedParameterNameDiscoverer
instanceKlass org/springframework/boot/context/properties/bind/ValueObjectBinder$Discoverer
instanceKlass org/springframework/core/ParameterNameDiscoverer
instanceKlass java/util/AbstractList$RandomAccessSpliterator
instanceKlass org/springframework/boot/context/properties/bind/DataObjectPropertyBinder
instanceKlass org/springframework/boot/context/properties/bind/Binder$Context
instanceKlass org/springframework/boot/context/properties/bind/JavaBeanBinder
instanceKlass org/springframework/boot/context/properties/bind/ValueObjectBinder
instanceKlass org/springframework/boot/context/properties/bind/DataObjectBinder
instanceKlass org/springframework/boot/context/properties/bind/DefaultBindConstructorProvider
instanceKlass org/springframework/boot/context/properties/bind/BindConstructorProvider
instanceKlass org/springframework/boot/context/properties/bind/BindHandler$1
instanceKlass org/springframework/beans/TypeConverterDelegate
instanceKlass org/springframework/beans/PropertyEditorRegistrySupport
instanceKlass org/springframework/beans/PropertyEditorRegistry
instanceKlass org/springframework/beans/TypeConverter
instanceKlass java/beans/PropertyEditorSupport
instanceKlass java/beans/PropertyEditor
instanceKlass org/springframework/boot/context/properties/bind/BindConverter$TypeConverterConverter
instanceKlass org/springframework/boot/context/properties/bind/BindConverter
instanceKlass org/springframework/util/PropertyPlaceholderHelper
instanceKlass org/springframework/boot/context/properties/bind/PropertySourcesPlaceholdersResolver
instanceKlass org/springframework/boot/context/properties/bind/AggregateBinder
instanceKlass org/springframework/boot/context/properties/bind/BindContext
instanceKlass org/springframework/boot/context/properties/bind/Binder
instanceKlass org/springframework/boot/context/config/ConfigDataLocation
instanceKlass org/springframework/boot/context/properties/bind/PlaceholdersResolver
instanceKlass org/springframework/boot/origin/OriginProvider
instanceKlass org/springframework/boot/context/config/ConfigDataEnvironment
instanceKlass java/lang/invoke/MethodHandle$1
instanceKlass org/springframework/boot/env/SpringApplicationJsonEnvironmentPostProcessor$JsonPropertyValue
instanceKlass org/springframework/boot/origin/Origin
instanceKlass java/util/Random
instanceKlass java/util/random/RandomGenerator
instanceKlass org/springframework/boot/autoconfigure/integration/IntegrationPropertiesEnvironmentPostProcessor
instanceKlass org/springframework/boot/reactor/ReactorEnvironmentPostProcessor
instanceKlass org/springframework/boot/env/SystemEnvironmentPropertySourceEnvironmentPostProcessor
instanceKlass org/springframework/boot/env/SpringApplicationJsonEnvironmentPostProcessor
instanceKlass org/springframework/boot/env/RandomValuePropertySourceEnvironmentPostProcessor
instanceKlass org/springframework/boot/context/config/ConfigDataEnvironmentPostProcessor
instanceKlass org/springframework/boot/cloud/CloudFoundryVcapEnvironmentPostProcessor
instanceKlass org/springframework/boot/devtools/env/DevToolsPropertyDefaultsPostProcessor
instanceKlass org/springframework/boot/env/YamlPropertySourceLoader
instanceKlass org/yaml/snakeyaml/Yaml
instanceKlass org/springframework/boot/env/PropertiesPropertySourceLoader
instanceKlass org/springframework/boot/env/PropertySourceLoader
instanceKlass org/springframework/boot/devtools/env/DevToolsHomePropertiesPostProcessor
instanceKlass org/springframework/cloud/client/HostInfoEnvironmentPostProcessor
instanceKlass org/springframework/cloud/util/random/CachedRandomPropertySourceEnvironmentPostProcessor
instanceKlass java/util/regex/Pattern$TreeInfo
instanceKlass org/springframework/cloud/bootstrap/encrypt/AbstractEnvironmentDecrypt
instanceKlass org/springframework/cloud/bootstrap/BootstrapConfigFileApplicationListener
instanceKlass org/springframework/boot/env/EnvironmentPostProcessor
instanceKlass org/springframework/boot/env/SpringFactoriesEnvironmentPostProcessorsFactory
instanceKlass org/springframework/boot/context/properties/source/ConfigurationPropertyName$ElementCharPredicate
instanceKlass java/util/stream/Sink$OfInt
instanceKlass java/util/function/IntConsumer
instanceKlass java/util/stream/MatchOps$BooleanTerminalSink
instanceKlass java/util/stream/MatchOps$MatchOp
instanceKlass java/util/stream/MatchOps
instanceKlass java/util/function/IntPredicate
instanceKlass java/util/stream/IntStream
instanceKlass java/lang/StringLatin1$CharsSpliterator
instanceKlass java/util/function/UnaryOperator
instanceKlass org/springframework/boot/context/properties/source/SpringIterableConfigurationPropertySource$Mappings
instanceKlass org/springframework/boot/context/properties/source/DefaultPropertyMapper$LastMapping
instanceKlass java/time/Clock
instanceKlass java/time/InstantSource
instanceKlass org/springframework/boot/context/properties/source/SoftReferenceConfigurationPropertyCache
instanceKlass org/springframework/boot/context/properties/source/ConfigurationPropertyCaching
instanceKlass org/springframework/boot/context/properties/source/SystemEnvironmentPropertyMapper
instanceKlass java/util/function/BiPredicate
instanceKlass org/springframework/boot/context/properties/source/DefaultPropertyMapper
instanceKlass org/springframework/boot/context/properties/source/PropertyMapper
instanceKlass org/springframework/boot/context/properties/source/CachingConfigurationPropertySource
instanceKlass org/springframework/boot/context/properties/source/IterableConfigurationPropertySource
instanceKlass org/springframework/boot/context/properties/source/SpringConfigurationPropertySource
instanceKlass org/springframework/boot/context/properties/source/SpringConfigurationPropertySources$SourcesIterator
instanceKlass org/springframework/cloud/util/PropertyUtils
instanceKlass org/springframework/boot/context/properties/source/ConfigurationPropertySource
instanceKlass org/springframework/boot/context/properties/source/SpringConfigurationPropertySources
instanceKlass org/springframework/boot/convert/CharSequenceToObjectConverter
instanceKlass org/springframework/boot/convert/LenientObjectToEnumConverterFactory
instanceKlass sun/reflect/generics/tree/ByteSignature
instanceKlass org/springframework/boot/convert/InputStreamSourceToByteArrayConverter
instanceKlass org/springframework/boot/convert/StringToFileConverter
instanceKlass org/springframework/boot/convert/NumberToDataSizeConverter
instanceKlass org/springframework/util/unit/DataSize
instanceKlass org/springframework/boot/convert/StringToDataSizeConverter
instanceKlass org/springframework/boot/convert/NumberToPeriodConverter
instanceKlass org/springframework/boot/convert/PeriodToStringConverter
instanceKlass org/springframework/boot/convert/StringToPeriodConverter
instanceKlass org/springframework/boot/convert/DurationToNumberConverter
instanceKlass org/springframework/boot/convert/NumberToDurationConverter
instanceKlass org/springframework/boot/convert/DurationToStringConverter
instanceKlass org/springframework/boot/convert/StringToDurationConverter
instanceKlass org/springframework/boot/convert/DelimitedStringToCollectionConverter
instanceKlass org/springframework/boot/convert/DelimitedStringToArrayConverter
instanceKlass org/springframework/boot/convert/CollectionToDelimitedStringConverter
instanceKlass org/springframework/boot/convert/ArrayToDelimitedStringConverter
instanceKlass org/springframework/boot/convert/IsoOffsetFormatter
instanceKlass java/net/InetAddress
instanceKlass org/springframework/boot/convert/InetAddressFormatter
instanceKlass sun/reflect/generics/tree/ArrayTypeSignature
instanceKlass sun/reflect/generics/tree/CharSignature
instanceKlass org/springframework/boot/convert/CharArrayFormatter
instanceKlass org/springframework/format/annotation/DateTimeFormat
instanceKlass org/springframework/format/datetime/standard/MonthDayFormatter
instanceKlass java/time/MonthDay
instanceKlass org/springframework/format/datetime/standard/YearMonthFormatter
instanceKlass java/time/YearMonth
instanceKlass org/springframework/format/datetime/standard/MonthFormatter
instanceKlass org/springframework/format/datetime/standard/YearFormatter
instanceKlass java/time/Year
instanceKlass org/springframework/format/datetime/standard/DurationFormatter
instanceKlass org/springframework/format/datetime/standard/PeriodFormatter
instanceKlass org/springframework/format/datetime/standard/InstantFormatter
instanceKlass java/time/OffsetTime
instanceKlass org/springframework/format/support/FormattingConversionService$ParserConverter
instanceKlass org/springframework/format/support/FormattingConversionService$PrinterConverter
instanceKlass org/springframework/format/datetime/standard/TemporalAccessorParser
instanceKlass org/springframework/format/datetime/standard/TemporalAccessorPrinter
instanceKlass java/time/format/DateTimeFormatterBuilder$LocalizedPrinterParser
instanceKlass org/springframework/format/datetime/standard/DateTimeFormatterRegistrar$1
instanceKlass org/springframework/format/datetime/standard/DateTimeConverters$InstantToLongConverter
instanceKlass org/springframework/format/datetime/standard/DateTimeConverters$LongToInstantConverter
instanceKlass org/springframework/format/datetime/standard/DateTimeConverters$CalendarToInstantConverter
instanceKlass org/springframework/format/datetime/standard/DateTimeConverters$CalendarToLocalDateTimeConverter
instanceKlass org/springframework/format/datetime/standard/DateTimeConverters$CalendarToLocalTimeConverter
instanceKlass org/springframework/format/datetime/standard/DateTimeConverters$CalendarToLocalDateConverter
instanceKlass org/springframework/format/datetime/standard/DateTimeConverters$CalendarToOffsetDateTimeConverter
instanceKlass org/springframework/format/datetime/standard/DateTimeConverters$CalendarToZonedDateTimeConverter
instanceKlass org/springframework/format/datetime/standard/DateTimeConverters$OffsetDateTimeToInstantConverter
instanceKlass org/springframework/format/datetime/standard/DateTimeConverters$OffsetDateTimeToZonedDateTimeConverter
instanceKlass org/springframework/format/datetime/standard/DateTimeConverters$OffsetDateTimeToLocalDateTimeConverter
instanceKlass org/springframework/format/datetime/standard/DateTimeConverters$OffsetDateTimeToLocalTimeConverter
instanceKlass org/springframework/format/datetime/standard/DateTimeConverters$OffsetDateTimeToLocalDateConverter
instanceKlass java/time/Instant
instanceKlass org/springframework/format/datetime/standard/DateTimeConverters$ZonedDateTimeToInstantConverter
instanceKlass java/time/OffsetDateTime
instanceKlass org/springframework/format/datetime/standard/DateTimeConverters$ZonedDateTimeToOffsetDateTimeConverter
instanceKlass org/springframework/format/datetime/standard/DateTimeConverters$ZonedDateTimeToLocalDateTimeConverter
instanceKlass org/springframework/format/datetime/standard/DateTimeConverters$ZonedDateTimeToLocalTimeConverter
instanceKlass org/springframework/format/datetime/standard/DateTimeConverters$ZonedDateTimeToLocalDateConverter
instanceKlass org/springframework/format/datetime/standard/DateTimeConverters$LocalDateTimeToLocalTimeConverter
instanceKlass org/springframework/format/datetime/standard/DateTimeConverters$LocalDateTimeToLocalDateConverter
instanceKlass org/springframework/format/datetime/DateFormatterRegistrar$LongToCalendarConverter
instanceKlass org/springframework/format/datetime/DateFormatterRegistrar$LongToDateConverter
instanceKlass org/springframework/format/datetime/DateFormatterRegistrar$CalendarToLongConverter
instanceKlass org/springframework/format/datetime/DateFormatterRegistrar$CalendarToDateConverter
instanceKlass org/springframework/format/datetime/DateFormatterRegistrar$DateToCalendarConverter
instanceKlass java/util/Date
instanceKlass org/springframework/format/datetime/DateFormatterRegistrar$DateToLongConverter
instanceKlass org/springframework/format/datetime/DateFormatterRegistrar
instanceKlass org/springframework/format/datetime/standard/DateTimeConverters
instanceKlass org/springframework/format/datetime/standard/DateTimeFormatterFactory
instanceKlass org/springframework/format/datetime/standard/DateTimeFormatterRegistrar
instanceKlass org/springframework/format/FormatterRegistrar
instanceKlass org/springframework/format/support/FormattingConversionService$AnnotationParserConverter
instanceKlass org/springframework/format/support/FormattingConversionService$AnnotationPrinterConverter
instanceKlass org/springframework/util/NumberUtils
instanceKlass org/springframework/format/annotation/NumberFormat
instanceKlass org/springframework/core/GenericTypeResolver
instanceKlass org/springframework/context/support/EmbeddedValueResolutionSupport
instanceKlass org/springframework/format/AnnotationFormatterFactory
instanceKlass org/springframework/core/convert/support/ObjectToOptionalConverter
instanceKlass org/springframework/core/convert/support/FallbackObjectToStringConverter
instanceKlass org/springframework/core/convert/support/IdToEntityConverter
instanceKlass org/springframework/core/convert/support/ObjectToObjectConverter
instanceKlass java/time/ZonedDateTime
instanceKlass java/time/chrono/ChronoZonedDateTime
instanceKlass java/util/Calendar
instanceKlass org/springframework/core/convert/support/ZonedDateTimeToCalendarConverter
instanceKlass org/springframework/core/convert/support/ZoneIdToTimeZoneConverter
instanceKlass org/springframework/core/convert/support/StringToTimeZoneConverter
instanceKlass org/springframework/core/convert/support/ByteBufferConverter
instanceKlass org/springframework/core/convert/TypeDescriptor$AnnotatedElementAdapter
instanceKlass org/springframework/core/convert/TypeDescriptor
instanceKlass org/springframework/core/convert/support/StreamConverter
instanceKlass org/springframework/core/convert/support/ObjectToCollectionConverter
instanceKlass org/springframework/core/convert/support/CollectionToObjectConverter
instanceKlass org/springframework/core/convert/support/StringToCollectionConverter
instanceKlass org/springframework/core/convert/support/ObjectToArrayConverter
instanceKlass org/springframework/core/convert/support/ArrayToObjectConverter
instanceKlass org/springframework/core/convert/support/StringToArrayConverter
instanceKlass org/springframework/core/convert/support/CollectionToStringConverter
instanceKlass org/springframework/core/convert/support/ArrayToStringConverter
instanceKlass org/springframework/core/convert/support/MapToMapConverter
instanceKlass org/springframework/core/convert/support/CollectionToCollectionConverter
instanceKlass org/springframework/core/convert/support/ArrayToArrayConverter
instanceKlass org/springframework/core/convert/support/CollectionToArrayConverter
instanceKlass org/springframework/core/convert/support/ArrayToCollectionConverter
instanceKlass org/springframework/core/convert/support/StringToPatternConverter
instanceKlass java/util/UUID
instanceKlass org/springframework/core/convert/support/StringToUUIDConverter
instanceKlass org/springframework/core/convert/support/PropertiesToStringConverter
instanceKlass org/springframework/core/convert/support/StringToPropertiesConverter
instanceKlass java/util/Currency
instanceKlass org/springframework/core/convert/support/StringToCurrencyConverter
instanceKlass org/springframework/core/convert/support/StringToCharsetConverter
instanceKlass org/springframework/core/convert/support/StringToLocaleConverter
instanceKlass org/springframework/core/convert/support/IntegerToEnumConverterFactory
instanceKlass sun/reflect/generics/tree/Wildcard
instanceKlass sun/reflect/generics/tree/BottomSignature
instanceKlass org/springframework/core/convert/support/AbstractConditionalEnumConverter
instanceKlass org/springframework/core/convert/support/StringToEnumConverterFactory
instanceKlass org/springframework/core/convert/support/StringToBooleanConverter
instanceKlass org/springframework/core/convert/support/CharacterToNumberFactory
instanceKlass org/springframework/core/convert/support/NumberToCharacterConverter
instanceKlass org/springframework/core/convert/support/StringToCharacterConverter
instanceKlass org/springframework/core/convert/support/GenericConversionService$ConverterAdapter
instanceKlass org/springframework/core/convert/support/ObjectToStringConverter
instanceKlass org/springframework/core/convert/support/StringToNumberConverterFactory
instanceKlass java/lang/invoke/VarHandle$AccessDescriptor
instanceKlass java/util/concurrent/ConcurrentLinkedDeque$Node
instanceKlass org/springframework/core/convert/support/GenericConversionService$ConvertersForPair
instanceKlass org/springframework/core/convert/converter/GenericConverter$ConvertiblePair
instanceKlass org/springframework/core/convert/support/GenericConversionService$ConverterFactoryAdapter
instanceKlass org/springframework/core/convert/converter/ConditionalGenericConverter
instanceKlass org/springframework/core/convert/support/NumberToNumberConverterFactory
instanceKlass org/springframework/core/convert/converter/ConditionalConverter
instanceKlass org/springframework/core/convert/support/GenericConversionService$Converters
instanceKlass org/springframework/core/convert/support/GenericConversionService$NoOpConverter
instanceKlass org/springframework/core/convert/converter/ConverterFactory
instanceKlass org/springframework/core/convert/converter/Converter
instanceKlass org/springframework/format/Formatter
instanceKlass org/springframework/format/Parser
instanceKlass org/springframework/format/Printer
instanceKlass org/springframework/core/convert/converter/GenericConverter
instanceKlass org/springframework/core/convert/support/GenericConversionService
instanceKlass org/springframework/context/EmbeddedValueResolverAware
instanceKlass org/springframework/format/FormatterRegistry
instanceKlass java/lang/ProcessEnvironment$CheckedEntry
instanceKlass java/lang/ProcessEnvironment$CheckedEntrySet$1
instanceKlass java/lang/ProcessEnvironment$EntryComparator
instanceKlass java/lang/ProcessEnvironment$NameComparator
instanceKlass javax/naming/spi/NamingManager
instanceKlass com/sun/naming/internal/VersionHelper$InputStreamEnumeration
instanceKlass javax/naming/NamingEnumeration
instanceKlass jdk/internal/misc/ScopedMemoryAccess$Scope
instanceKlass com/sun/naming/internal/VersionHelper
instanceKlass com/sun/naming/internal/ResourceManager
instanceKlass org/springframework/core/SpringProperties
instanceKlass org/springframework/jndi/JndiAccessor
instanceKlass org/springframework/core/env/AbstractPropertyResolver
instanceKlass org/springframework/boot/context/properties/source/ConfigurationPropertySources
instanceKlass org/springframework/core/env/MutablePropertySources
instanceKlass javax/naming/InitialContext
instanceKlass javax/naming/Context
instanceKlass org/springframework/core/env/AbstractEnvironment
instanceKlass org/springframework/web/context/ConfigurableWebEnvironment
instanceKlass org/springframework/boot/web/servlet/context/ServletWebServerApplicationContextFactory
instanceKlass org/springframework/boot/web/reactive/context/ReactiveWebServerApplicationContextFactory
instanceKlass org/springframework/core/env/CommandLineArgs
instanceKlass org/springframework/core/env/SimpleCommandLineArgsParser
instanceKlass org/springframework/boot/DefaultApplicationArguments
instanceKlass java/util/logging/LogManager$CloseOnReset
instanceKlass java/util/logging/StreamHandler$1
instanceKlass java/util/logging/Handler$1
instanceKlass java/util/logging/ErrorManager
instanceKlass jdk/internal/logger/SimpleConsoleLogger$Formatting
instanceKlass sun/util/logging/PlatformLogger
instanceKlass sun/util/logging/PlatformLogger$ConfigurableBridge$LoggerConfiguration
instanceKlass java/util/logging/Formatter
instanceKlass java/util/logging/LogManager$4
instanceKlass jdk/internal/logger/BootstrapLogger$BootstrapExecutors
instanceKlass jdk/internal/logger/BootstrapLogger$RedirectedLoggers
instanceKlass jdk/internal/logger/BootstrapLogger$DetectBackend$1
instanceKlass jdk/internal/logger/BootstrapLogger$DetectBackend
instanceKlass jdk/internal/logger/BootstrapLogger
instanceKlass sun/util/logging/PlatformLogger$ConfigurableBridge
instanceKlass sun/util/logging/PlatformLogger$Bridge
instanceKlass java/lang/System$Logger
instanceKlass java/util/stream/Streams
instanceKlass java/util/stream/Stream$Builder
instanceKlass java/util/stream/Streams$AbstractStreamBuilderImpl
instanceKlass java/util/Hashtable$Enumerator
instanceKlass java/util/Collections$SynchronizedCollection
instanceKlass java/util/Properties$EntrySet
instanceKlass java/util/Collections$3
instanceKlass java/util/logging/LogManager$LoggerContext$1
instanceKlass java/util/logging/LogManager$VisitedLoggers
instanceKlass java/util/logging/Logger$ConfigurationData
instanceKlass java/util/logging/Logger$LoggerBundle
instanceKlass java/util/logging/Logger
instanceKlass java/util/logging/LogManager$2
instanceKlass java/lang/System$LoggerFinder
instanceKlass java/util/logging/LogManager$LoggingProviderAccess
instanceKlass sun/util/logging/internal/LoggingProviderImpl$LogManagerAccess
instanceKlass java/lang/Shutdown$Lock
instanceKlass java/lang/Shutdown
instanceKlass java/lang/ApplicationShutdownHooks$1
instanceKlass java/lang/ApplicationShutdownHooks
instanceKlass java/util/logging/LogManager$LogNode
instanceKlass java/util/logging/LogManager$LoggerContext
instanceKlass java/util/logging/LogManager$1
instanceKlass java/util/logging/Level
instanceKlass java/util/logging/Handler
instanceKlass org/springframework/boot/logging/AbstractLoggingSystem$LogLevels
instanceKlass org/springframework/boot/logging/LoggerConfigurationComparator
instanceKlass org/springframework/boot/logging/logback/LogbackConfigurator
instanceKlass ch/qos/logback/classic/spi/LoggerContextListener
instanceKlass org/springframework/boot/logging/LoggingSystemProperties
instanceKlass org/springframework/core/annotation/AnnotationUtils
instanceKlass org/springframework/core/annotation/ValueExtractor
instanceKlass org/springframework/core/annotation/AliasFor
instanceKlass org/springframework/core/annotation/AnnotationTypeMapping$MirrorSets
instanceKlass org/springframework/core/annotation/AnnotationTypeMapping$MirrorSets$MirrorSet
instanceKlass org/springframework/core/annotation/AnnotationTypeMapping
instanceKlass org/springframework/core/annotation/AnnotationTypeMappings$Cache
instanceKlass org/springframework/core/annotation/AnnotationTypeMappings
instanceKlass org/springframework/core/annotation/AttributeMethods
instanceKlass org/springframework/boot/logging/java/JavaLoggingSystem$Factory
instanceKlass org/springframework/boot/logging/log4j2/Log4J2LoggingSystem$Factory
instanceKlass org/springframework/beans/factory/aot/BeanFactoryInitializationAotProcessor
instanceKlass org/springframework/boot/logging/logback/LogbackLoggingSystem$Factory
instanceKlass org/springframework/boot/logging/DelegatingLoggingSystemFactory
instanceKlass org/springframework/boot/logging/LoggingSystemFactory
instanceKlass org/springframework/boot/logging/LoggingSystem
instanceKlass jasmineorder/order/OrderApplication
instanceKlass java/net/URLClassLoader$1
instanceKlass org/springframework/boot/devtools/restart/FailureHandler
instanceKlass jdk/internal/reflect/UnsafeFieldAccessorFactory
instanceKlass org/springframework/asm/ClassVisitor
instanceKlass org/springframework/cglib/core/ClassNameReader
instanceKlass java/util/concurrent/LinkedBlockingDeque$Node
instanceKlass org/springframework/boot/devtools/restart/MainMethod
instanceKlass java/util/regex/IntHashSet
instanceKlass java/util/regex/Matcher
instanceKlass java/util/regex/MatchResult
instanceKlass java/util/regex/CharPredicates
instanceKlass java/util/regex/Pattern$BitClass
instanceKlass java/util/regex/Pattern$BmpCharPredicate
instanceKlass java/util/regex/Pattern$CharPredicate
instanceKlass java/util/regex/Pattern$Node
instanceKlass java/util/regex/Pattern
instanceKlass org/springframework/boot/devtools/settings/DevToolsSettings
instanceKlass java/security/CodeSigner
instanceKlass java/util/jar/JarVerifier
instanceKlass java/util/Collections$2
instanceKlass sun/management/RuntimeImpl
instanceKlass java/util/stream/ReduceOps$2ReducingSink
instanceKlass java/util/HashMap$HashMapSpliterator
instanceKlass jdk/management/jfr/internal/FlightRecorderMXBeanProvider$SingleMBeanComponent
instanceKlass jdk/management/jfr/FlightRecorderMXBean
instanceKlass java/lang/management/DefaultPlatformMBeanProvider$11
instanceKlass java/lang/management/DefaultPlatformMBeanProvider$10
instanceKlass java/lang/management/DefaultPlatformMBeanProvider$9
instanceKlass java/util/logging/LogManager
instanceKlass sun/management/ManagementFactoryHelper$LoggingMXBeanAccess$1
instanceKlass sun/management/ManagementFactoryHelper$LoggingMXBeanAccess
instanceKlass java/lang/management/DefaultPlatformMBeanProvider$8
instanceKlass java/lang/management/DefaultPlatformMBeanProvider$7
instanceKlass java/lang/management/DefaultPlatformMBeanProvider$6
instanceKlass java/lang/management/DefaultPlatformMBeanProvider$5
instanceKlass java/lang/management/DefaultPlatformMBeanProvider$4
instanceKlass java/lang/management/DefaultPlatformMBeanProvider$3
instanceKlass java/lang/management/DefaultPlatformMBeanProvider$2
instanceKlass java/lang/management/DefaultPlatformMBeanProvider$1
instanceKlass com/sun/management/internal/PlatformMBeanProviderImpl$5
instanceKlass sun/management/VMManagementImpl
instanceKlass sun/management/VMManagement
instanceKlass sun/management/ManagementFactoryHelper
instanceKlass sun/management/NotificationEmitterSupport
instanceKlass javax/management/NotificationEmitter
instanceKlass javax/management/NotificationBroadcaster
instanceKlass com/sun/management/DiagnosticCommandMBean
instanceKlass javax/management/DynamicMBean
instanceKlass com/sun/management/internal/PlatformMBeanProviderImpl$4
instanceKlass com/sun/management/internal/PlatformMBeanProviderImpl$3
instanceKlass com/sun/management/internal/PlatformMBeanProviderImpl$2
instanceKlass java/util/stream/ReduceOps$AccumulatingSink
instanceKlass java/util/stream/ReduceOps$Box
instanceKlass java/util/stream/ReduceOps$ReduceOp
instanceKlass java/util/stream/ReduceOps
instanceKlass java/util/function/BinaryOperator
instanceKlass java/util/stream/Collectors$CollectorImpl
instanceKlass java/util/stream/Collector
instanceKlass java/util/stream/Collectors
instanceKlass com/sun/management/internal/PlatformMBeanProviderImpl$1
instanceKlass sun/management/spi/PlatformMBeanProvider$PlatformComponent
instanceKlass java/util/concurrent/Callable
instanceKlass java/util/concurrent/CopyOnWriteArrayList$COWIterator
instanceKlass sun/management/spi/PlatformMBeanProvider
instanceKlass java/lang/management/ManagementFactory$PlatformMBeanFinder$1
instanceKlass java/lang/management/ManagementFactory$PlatformMBeanFinder
instanceKlass java/lang/management/RuntimeMXBean
instanceKlass java/lang/management/PlatformManagedObject
instanceKlass java/lang/management/ManagementFactory
instanceKlass org/springframework/boot/devtools/logger/DevToolsLogFactory
instanceKlass org/springframework/boot/devtools/restart/ChangeableUrls
instanceKlass org/springframework/boot/devtools/restart/SilentExitExceptionHandler
instanceKlass org/springframework/boot/logging/DeferredLog$Line
instanceKlass org/springframework/boot/logging/DeferredLog
instanceKlass org/springframework/boot/devtools/restart/classloader/ClassLoaderFiles
instanceKlass org/springframework/core/SmartClassLoader
instanceKlass org/springframework/boot/devtools/restart/classloader/ClassLoaderFileRepository
instanceKlass org/springframework/beans/factory/support/BeanDefinitionRegistry
instanceKlass org/springframework/core/AliasRegistry
instanceKlass org/springframework/core/io/DefaultResourceLoader
instanceKlass java/util/concurrent/BlockingDeque
instanceKlass org/springframework/boot/devtools/restart/Restarter
instanceKlass org/springframework/boot/devtools/restart/AgentReloader
instanceKlass org/springframework/boot/devtools/restart/DefaultRestartInitializer
instanceKlass java/lang/StackTraceElement$HashedModules
instanceKlass org/springframework/core/NativeDetector
instanceKlass org/springframework/context/aot/AbstractAotProcessor
instanceKlass org/springframework/boot/devtools/system/DevToolsEnablementDeducer
instanceKlass org/springframework/aop/SpringProxy
instanceKlass org/springframework/aop/support/AopUtils
instanceKlass org/springframework/context/event/GenericApplicationListenerAdapter
instanceKlass org/springframework/context/event/AbstractApplicationEventMulticaster$CachedListenerRetriever
instanceKlass org/springframework/context/event/AbstractApplicationEventMulticaster$ListenerCacheKey
instanceKlass org/springframework/core/ResolvableTypeProvider
instanceKlass org/springframework/boot/SpringApplicationRunListeners
instanceKlass java/util/stream/Nodes$ArrayNode
instanceKlass org/springframework/util/ErrorHandler
instanceKlass org/springframework/boot/availability/AvailabilityState
instanceKlass org/springframework/boot/context/event/EventPublishingRunListener
instanceKlass org/springframework/boot/SpringApplicationRunListener
instanceKlass org/springframework/core/io/support/SpringFactoriesLoader$ArgumentResolver$1
instanceKlass org/springframework/core/io/support/SpringFactoriesLoader$ArgumentResolver
instanceKlass org/springframework/boot/context/properties/bind/BindHandler
instanceKlass org/springframework/core/env/PropertySources
instanceKlass org/springframework/cloud/bootstrap/encrypt/TextEncryptorUtils
instanceKlass org/springframework/cloud/bootstrap/encrypt/RsaProperties
instanceKlass org/springframework/boot/BootstrapRegistry$InstanceSupplier
instanceKlass org/springframework/cloud/bootstrap/encrypt/KeyProperties
instanceKlass org/springframework/aop/framework/Advised
instanceKlass org/springframework/aop/TargetClassAware
instanceKlass org/springframework/aop/framework/AopProxyUtils
instanceKlass org/springframework/context/event/AbstractApplicationEventMulticaster$DefaultListenerRetriever
instanceKlass org/springframework/context/event/AbstractApplicationEventMulticaster
instanceKlass org/springframework/beans/factory/BeanFactoryAware
instanceKlass org/springframework/beans/factory/BeanClassLoaderAware
instanceKlass org/springframework/context/event/ApplicationEventMulticaster
instanceKlass org/springframework/boot/DefaultBootstrapContext
instanceKlass org/springframework/boot/SpringApplication$Startup
instanceKlass java/util/stream/FindOps$FindOp
instanceKlass java/util/stream/FindOps$FindSink
instanceKlass java/util/stream/FindOps
instanceKlass java/lang/StackStreamFactory$FrameBuffer
instanceKlass java/lang/StackStreamFactory$1
instanceKlass java/lang/StackStreamFactory
instanceKlass java/util/concurrent/CountDownLatch
instanceKlass org/springframework/boot/autoconfigure/BackgroundPreinitializer
instanceKlass org/springframework/boot/logging/DeferredLog$Lines
instanceKlass org/springframework/boot/logging/DeferredLogs
instanceKlass org/springframework/boot/env/EnvironmentPostProcessorsFactory
instanceKlass org/springframework/boot/logging/DeferredLogFactory
instanceKlass org/springframework/boot/env/EnvironmentPostProcessorApplicationListener
instanceKlass org/springframework/util/MultiValueMapAdapter
instanceKlass org/springframework/core/ResolvableType$DefaultVariableResolver
instanceKlass sun/reflect/generics/reflectiveObjects/ParameterizedTypeImpl
instanceKlass sun/reflect/generics/tree/TypeVariableSignature
instanceKlass org/springframework/core/ResolvableType$TypeVariablesVariableResolver
instanceKlass org/springframework/core/ResolvableType$SyntheticParameterizedType
instanceKlass org/springframework/core/SerializableTypeWrapper$SerializableTypeProxy
instanceKlass java/lang/reflect/WildcardType
instanceKlass java/lang/reflect/ParameterizedType
instanceKlass org/springframework/core/SerializableTypeWrapper
instanceKlass sun/reflect/generics/reflectiveObjects/LazyReflectiveObjectGenerator
instanceKlass java/lang/reflect/TypeVariable
instanceKlass sun/reflect/generics/tree/ClassSignature
instanceKlass sun/reflect/generics/tree/Signature
instanceKlass sun/reflect/generics/tree/FormalTypeParameter
instanceKlass sun/reflect/generics/repository/AbstractRepository
instanceKlass org/springframework/core/ResolvableType$EmptyType
instanceKlass org/springframework/core/ResolvableType$VariableResolver
instanceKlass org/springframework/core/SerializableTypeWrapper$TypeProvider
instanceKlass org/springframework/core/ResolvableType
instanceKlass org/springframework/boot/context/properties/bind/Bindable
instanceKlass org/springframework/boot/context/properties/source/ConfigurationPropertyName$ElementsParser
instanceKlass org/springframework/boot/context/properties/source/ConfigurationPropertyName$Elements
instanceKlass org/springframework/boot/context/properties/source/ConfigurationPropertyName
instanceKlass org/springframework/boot/context/logging/LoggingApplicationListener
instanceKlass org/springframework/context/event/GenericApplicationListener
instanceKlass org/springframework/boot/context/config/DelegatingApplicationListener
instanceKlass org/springframework/boot/context/config/AnsiOutputApplicationListener
instanceKlass org/springframework/boot/context/FileEncodingApplicationListener
instanceKlass org/springframework/boot/builder/ParentContextCloserApplicationListener
instanceKlass org/springframework/context/ApplicationContextAware
instanceKlass org/springframework/beans/factory/Aware
instanceKlass org/springframework/boot/ClearCachesApplicationListener
instanceKlass org/springframework/boot/devtools/logger/DevToolsLogFactory$Listener
instanceKlass org/springframework/boot/devtools/restart/RestartInitializer
instanceKlass org/springframework/boot/devtools/restart/RestartApplicationListener
instanceKlass org/springframework/cloud/context/restart/RestartListener
instanceKlass org/springframework/context/event/SmartApplicationListener
instanceKlass org/springframework/cloud/bootstrap/LoggingSystemShutdownListener
instanceKlass org/springframework/boot/origin/OriginLookup
instanceKlass org/springframework/cloud/bootstrap/BootstrapApplicationListener
instanceKlass org/springframework/boot/logging/LogLevel$LogMethod
instanceKlass org/springframework/boot/autoconfigure/logging/ConditionEvaluationReportLoggingListener
instanceKlass org/springframework/boot/autoconfigure/SharedMetadataReaderFactoryContextInitializer
instanceKlass org/springframework/beans/factory/aot/BeanRegistrationExcludeFilter
instanceKlass org/springframework/boot/web/context/ServerPortInfoApplicationContextInitializer
instanceKlass org/springframework/boot/rsocket/context/RSocketPortInfoApplicationContextInitializer
instanceKlass org/springframework/boot/context/config/DelegatingApplicationContextInitializer
instanceKlass org/springframework/boot/context/ContextIdApplicationContextInitializer
instanceKlass org/springframework/boot/context/ConfigurationWarningsApplicationContextInitializer
instanceKlass org/springframework/beans/factory/config/Scope
instanceKlass org/springframework/boot/devtools/restart/RestartScopeInitializer
instanceKlass org/springframework/context/ApplicationContextInitializer
instanceKlass org/springframework/core/DecoratingProxy
instanceKlass org/springframework/util/ObjectUtils
instanceKlass org/springframework/core/annotation/AbstractMergedAnnotation
instanceKlass java/lang/annotation/Target
instanceKlass java/lang/reflect/Proxy$ProxyBuilder$1
instanceKlass jdk/internal/org/objectweb/asm/Edge
instanceKlass java/lang/reflect/ProxyGenerator$PrimitiveTypeInfo
instanceKlass java/util/StringJoiner
instanceKlass java/lang/reflect/ProxyGenerator$ProxyMethod
instanceKlass java/lang/WeakPairMap$Pair$Lookup
instanceKlass java/lang/WeakPairMap$Pair
instanceKlass java/lang/WeakPairMap
instanceKlass java/lang/Module$ReflectionData
instanceKlass jdk/internal/module/Checks
instanceKlass java/lang/module/ModuleDescriptor$Builder
instanceKlass java/lang/PublicMethods
instanceKlass java/lang/reflect/Proxy$ProxyBuilder
instanceKlass java/lang/reflect/Proxy
instanceKlass sun/reflect/annotation/AnnotationInvocationHandler
instanceKlass java/lang/reflect/InvocationHandler
instanceKlass sun/reflect/annotation/AnnotationParser$1
instanceKlass sun/reflect/annotation/ExceptionProxy
instanceKlass java/lang/annotation/Documented
instanceKlass java/lang/annotation/Inherited
instanceKlass java/lang/annotation/Retention
instanceKlass sun/reflect/annotation/AnnotationType$1
instanceKlass sun/reflect/annotation/AnnotationType
instanceKlass java/lang/reflect/GenericArrayType
instanceKlass java/lang/FunctionalInterface
instanceKlass sun/reflect/generics/visitor/Reifier
instanceKlass sun/reflect/generics/visitor/TypeTreeVisitor
instanceKlass sun/reflect/generics/factory/CoreReflectionFactory
instanceKlass sun/reflect/generics/factory/GenericsFactory
instanceKlass sun/reflect/generics/scope/AbstractScope
instanceKlass sun/reflect/generics/scope/Scope
instanceKlass sun/reflect/generics/tree/ClassTypeSignature
instanceKlass sun/reflect/generics/tree/SimpleClassTypeSignature
instanceKlass sun/reflect/generics/tree/FieldTypeSignature
instanceKlass sun/reflect/generics/tree/BaseType
instanceKlass sun/reflect/generics/tree/TypeSignature
instanceKlass sun/reflect/generics/tree/ReturnType
instanceKlass sun/reflect/generics/tree/TypeArgument
instanceKlass sun/reflect/generics/tree/TypeTree
instanceKlass sun/reflect/generics/tree/Tree
instanceKlass sun/reflect/generics/parser/SignatureParser
instanceKlass java/lang/Class$AnnotationData
instanceKlass org/springframework/core/annotation/AnnotationsScanner$1
instanceKlass org/springframework/core/annotation/MergedAnnotationSelectors$FirstDirectlyDeclared
instanceKlass org/springframework/core/annotation/MergedAnnotationSelectors$Nearest
instanceKlass org/springframework/core/annotation/MergedAnnotationSelector
instanceKlass org/springframework/core/annotation/MergedAnnotationSelectors
instanceKlass org/springframework/core/annotation/MergedAnnotation
instanceKlass org/springframework/core/annotation/TypeMappedAnnotations$MergedAnnotationFinder
instanceKlass org/springframework/core/annotation/Order
instanceKlass org/springframework/core/annotation/OrderUtils
instanceKlass org/springframework/core/annotation/AnnotationsScanner
instanceKlass org/springframework/core/annotation/AnnotationsProcessor
instanceKlass org/springframework/core/annotation/TypeMappedAnnotations
instanceKlass java/util/function/Predicate
instanceKlass org/springframework/core/annotation/MergedAnnotations$Search
instanceKlass org/springframework/core/annotation/AnnotationFilter$2
instanceKlass org/springframework/core/annotation/AnnotationFilter$1
instanceKlass org/springframework/core/annotation/PackagesAnnotationFilter
instanceKlass org/springframework/core/annotation/AnnotationFilter
instanceKlass org/springframework/core/annotation/RepeatableContainers
instanceKlass org/springframework/core/annotation/MergedAnnotations
instanceKlass org/springframework/core/PriorityOrdered
instanceKlass org/springframework/core/Ordered
instanceKlass com/netflix/discovery/shared/resolver/EurekaEndpoint
instanceKlass com/netflix/discovery/EurekaClientConfig
instanceKlass org/springframework/cloud/netflix/eureka/config/EurekaConfigServerBootstrapper
instanceKlass org/springframework/security/rsa/crypto/RsaSecretEncryptor
instanceKlass org/springframework/security/rsa/crypto/RsaKeyHolder
instanceKlass org/springframework/security/crypto/encrypt/TextEncryptor
instanceKlass org/springframework/security/crypto/encrypt/BytesEncryptor
instanceKlass org/springframework/cloud/bootstrap/TextEncryptorConfigBootstrapper
instanceKlass org/springframework/util/ReflectionUtils$FieldFilter
instanceKlass org/springframework/util/ReflectionUtils$MethodFilter
instanceKlass org/springframework/util/ReflectionUtils
instanceKlass org/springframework/core/KotlinDetector
instanceKlass org/springframework/core/io/support/SpringFactoriesLoader$FactoryInstantiator
instanceKlass org/springframework/cloud/bootstrap/RefreshBootstrapRegistryInitializer
instanceKlass org/springframework/core/log/LogMessage
instanceKlass java/util/stream/AbstractSpinedBuffer
instanceKlass java/util/stream/Node$Builder
instanceKlass java/util/stream/Node$OfDouble
instanceKlass java/util/stream/Node$OfLong
instanceKlass java/util/stream/Node$OfInt
instanceKlass java/util/stream/Node$OfPrimitive
instanceKlass java/util/stream/Nodes$EmptyNode
instanceKlass java/util/stream/Node
instanceKlass java/util/stream/Nodes
instanceKlass java/util/function/IntFunction
instanceKlass java/util/ImmutableCollections$Access$1
instanceKlass jdk/internal/access/JavaUtilCollectionAccess
instanceKlass java/util/ImmutableCollections$Access
instanceKlass java/util/stream/DistinctOps
instanceKlass java/util/ArrayList$ArrayListSpliterator
instanceKlass java/util/stream/Sink$ChainedReference
instanceKlass java/util/stream/ForEachOps$ForEachOp
instanceKlass java/util/stream/TerminalSink
instanceKlass java/util/stream/Sink
instanceKlass java/util/stream/TerminalOp
instanceKlass java/util/stream/ForEachOps
instanceKlass java/util/BitSet
instanceKlass java/net/URLEncoder
instanceKlass java/net/URLDecoder
instanceKlass org/springframework/util/MultiValueMap
instanceKlass org/springframework/util/CollectionUtils
instanceKlass org/springframework/util/ResourceUtils
instanceKlass org/springframework/util/PropertiesPersister
instanceKlass org/springframework/core/io/support/PropertiesLoaderUtils
instanceKlass org/springframework/core/io/AbstractResource
instanceKlass org/springframework/util/ConcurrentReferenceHashMap$Entry
instanceKlass org/springframework/util/ConcurrentReferenceHashMap$Entries
instanceKlass org/springframework/util/StringUtils
instanceKlass java/util/function/BiConsumer
instanceKlass org/springframework/core/io/support/SpringFactoriesLoader$FailureHandler
instanceKlass org/springframework/core/io/Resource
instanceKlass org/springframework/core/io/InputStreamSource
instanceKlass org/springframework/core/io/support/SpringFactoriesLoader
instanceKlass org/springframework/boot/BootstrapRegistryInitializer
instanceKlass org/springframework/web/context/ConfigurableWebApplicationContext
instanceKlass org/springframework/web/context/WebApplicationContext
instanceKlass jakarta/servlet/Servlet
instanceKlass java/util/IdentityHashMap$EntryIterator$Entry
instanceKlass java/util/IdentityHashMap$IdentityHashMapIterator
instanceKlass org/springframework/util/ConcurrentReferenceHashMap$Reference
instanceKlass org/springframework/util/ConcurrentReferenceHashMap$ReferenceManager
instanceKlass org/springframework/util/ConcurrentReferenceHashMap$Task
instanceKlass org/springframework/util/ClassUtils
instanceKlass org/springframework/util/Assert
instanceKlass org/springframework/core/metrics/DefaultApplicationStartup$DefaultStartupStep$DefaultTags
instanceKlass org/springframework/core/metrics/StartupStep$Tags
instanceKlass org/springframework/core/metrics/DefaultApplicationStartup$DefaultStartupStep
instanceKlass org/springframework/core/metrics/StartupStep
instanceKlass org/springframework/core/metrics/DefaultApplicationStartup
instanceKlass org/springframework/core/metrics/ApplicationStartup
instanceKlass org/springframework/context/ConfigurableApplicationContext
instanceKlass org/springframework/context/Lifecycle
instanceKlass org/springframework/boot/DefaultApplicationContextFactory
instanceKlass org/springframework/boot/ApplicationContextFactory
instanceKlass org/springframework/boot/SpringApplicationShutdownHook$ApplicationContextClosedListener
instanceKlass org/springframework/boot/SpringApplicationShutdownHook$Handlers
instanceKlass org/springframework/boot/SpringApplicationShutdownHandlers
instanceKlass org/springframework/boot/SpringApplicationShutdownHook
instanceKlass org/apache/commons/logging/LogAdapter$Slf4jLog
instanceKlass ch/qos/logback/classic/util/LoggerNameUtil
instanceKlass ch/qos/logback/classic/util/LogbackMDCAdapter
instanceKlass ch/qos/logback/core/util/StatusPrinter
instanceKlass ch/qos/logback/core/status/StatusUtil
instanceKlass ch/qos/logback/core/spi/AppenderAttachableImpl
instanceKlass ch/qos/logback/core/pattern/Converter
instanceKlass java/util/concurrent/atomic/AtomicReference
instanceKlass ch/qos/logback/core/util/CachingDateFormatter$CacheTuple
instanceKlass java/time/Period
instanceKlass java/time/chrono/ChronoPeriod
instanceKlass java/time/format/DateTimeFormatterBuilder$TextPrinterParser
instanceKlass java/time/format/DateTimeTextProvider$1
instanceKlass java/time/format/DateTimeTextProvider
instanceKlass java/util/Collections$1
instanceKlass java/util/AbstractMap$SimpleImmutableEntry
instanceKlass java/time/format/DateTimeTextProvider$LocaleStore
instanceKlass java/time/format/DateTimeFormatterBuilder$InstantPrinterParser
instanceKlass java/time/format/DateTimeFormatterBuilder$StringLiteralPrinterParser
instanceKlass java/time/format/DateTimeFormatterBuilder$ZoneIdPrinterParser
instanceKlass java/time/format/DateTimeFormatterBuilder$OffsetIdPrinterParser
instanceKlass java/time/format/DecimalStyle
instanceKlass java/time/format/DateTimeFormatterBuilder$CompositePrinterParser
instanceKlass java/time/format/DateTimeFormatterBuilder$CharLiteralPrinterParser
instanceKlass java/time/format/DateTimeFormatterBuilder$NumberPrinterParser
instanceKlass java/time/format/DateTimeFormatterBuilder$DateTimePrinterParser
instanceKlass java/time/temporal/JulianFields
instanceKlass java/time/temporal/IsoFields
instanceKlass java/lang/Character$CharacterCache
instanceKlass java/time/temporal/TemporalQuery
instanceKlass java/time/format/DateTimeFormatterBuilder
instanceKlass java/time/format/DateTimeFormatter
instanceKlass java/time/chrono/AbstractChronology
instanceKlass java/time/chrono/Chronology
instanceKlass java/time/LocalTime
instanceKlass java/time/temporal/ValueRange
instanceKlass java/time/Duration
instanceKlass java/time/temporal/TemporalAmount
instanceKlass java/time/temporal/TemporalUnit
instanceKlass java/time/temporal/TemporalField
instanceKlass java/time/LocalDate
instanceKlass java/time/chrono/ChronoLocalDate
instanceKlass java/time/zone/ZoneOffsetTransition
instanceKlass java/time/LocalDateTime
instanceKlass java/time/chrono/ChronoLocalDateTime
instanceKlass java/time/temporal/TemporalAdjuster
instanceKlass java/time/temporal/Temporal
instanceKlass java/time/zone/ZoneOffsetTransitionRule
instanceKlass java/time/zone/ZoneRules
instanceKlass java/time/zone/Ser
instanceKlass java/io/Externalizable
instanceKlass java/time/zone/ZoneRulesProvider$1
instanceKlass java/time/zone/ZoneRulesProvider
instanceKlass sun/util/calendar/ZoneInfoFile$ZoneOffsetTransitionRule
instanceKlass sun/util/calendar/ZoneInfoFile$1
instanceKlass sun/util/calendar/ZoneInfoFile
instanceKlass java/util/TimeZone
instanceKlass java/time/ZoneId
instanceKlass java/time/temporal/TemporalAccessor
instanceKlass ch/qos/logback/core/util/CachingDateFormatter
instanceKlass java/lang/invoke/VarForm
instanceKlass java/lang/invoke/VarHandleGuards
instanceKlass jdk/internal/util/Preconditions$1
instanceKlass java/lang/invoke/VarHandle$1
instanceKlass java/lang/ClassValue$Version
instanceKlass java/lang/ClassValue$Identity
instanceKlass java/lang/ClassValue
instanceKlass java/lang/invoke/VarHandles
instanceKlass java/util/concurrent/atomic/AtomicBoolean
instanceKlass ch/qos/logback/core/util/COWArrayList
instanceKlass ch/qos/logback/core/spi/FilterAttachableImpl
instanceKlass ch/qos/logback/core/Appender
instanceKlass ch/qos/logback/core/spi/FilterAttachable
instanceKlass ch/qos/logback/core/encoder/Encoder
instanceKlass ch/qos/logback/core/Layout
instanceKlass java/lang/invoke/LambdaFormEditor$1
instanceKlass java/lang/invoke/MethodHandles$1
instanceKlass java/lang/Long$LongCache
instanceKlass java/util/TimSort
instanceKlass ch/qos/logback/core/spi/ContextAwareBase
instanceKlass java/util/zip/ZipFile$ZipEntryIterator
instanceKlass ch/qos/logback/classic/util/ClassicEnvUtil
instanceKlass ch/qos/logback/core/status/StatusListener
instanceKlass ch/qos/logback/core/util/StatusListenerConfigHelper
instanceKlass ch/qos/logback/core/status/StatusBase
instanceKlass ch/qos/logback/core/util/EnvUtil
instanceKlass java/security/PermissionsEnumerator
instanceKlass java/io/FilePermissionCollection$1
instanceKlass java/util/PropertyPermissionCollection$1
instanceKlass java/net/SocketPermissionCollection$1
instanceKlass java/util/function/BiFunction
instanceKlass sun/security/provider/PolicyFile$8
instanceKlass sun/security/provider/PolicyFile$6
instanceKlass sun/security/util/PolicyUtil
instanceKlass sun/security/provider/PolicyFile$4
instanceKlass sun/security/util/SecurityProperties
instanceKlass sun/security/util/FilePermCompat
instanceKlass java/io/FilePermission$1
instanceKlass jdk/internal/access/JavaIOFilePermissionAccess
instanceKlass java/util/Collections$UnmodifiableCollection$1
instanceKlass java/util/ComparableTimSort
instanceKlass java/util/Arrays$LegacyMergeSort
instanceKlass java/net/HostPortrange
instanceKlass java/net/URLPermission$Authority
instanceKlass sun/security/util/SecurityConstants
instanceKlass sun/security/provider/PolicyFile$PolicyEntry
instanceKlass java/util/Vector$1
instanceKlass sun/security/util/PropertyExpander
instanceKlass sun/security/provider/PolicyParser$PermissionEntry
instanceKlass sun/security/provider/PolicyParser$GrantEntry
instanceKlass sun/nio/ch/IOStatus
instanceKlass java/nio/DirectByteBuffer$Deallocator
instanceKlass sun/nio/ch/Util$BufferCache
instanceKlass sun/nio/ch/Util
instanceKlass sun/nio/ch/NativeThread
instanceKlass java/io/StreamTokenizer
instanceKlass sun/security/provider/PolicyParser
instanceKlass java/nio/channels/Channels
instanceKlass sun/nio/ch/FileChannelImpl$Closer
instanceKlass sun/nio/ch/NativeDispatcher
instanceKlass sun/nio/ch/NativeThreadSet
instanceKlass sun/nio/ch/IOUtil
instanceKlass java/nio/channels/spi/AbstractInterruptibleChannel
instanceKlass java/nio/channels/InterruptibleChannel
instanceKlass java/nio/channels/ScatteringByteChannel
instanceKlass java/nio/channels/GatheringByteChannel
instanceKlass java/nio/channels/SeekableByteChannel
instanceKlass java/nio/channels/ByteChannel
instanceKlass java/nio/channels/WritableByteChannel
instanceKlass java/nio/channels/ReadableByteChannel
instanceKlass java/nio/channels/Channel
instanceKlass sun/nio/fs/WindowsChannelFactory$Flags
instanceKlass sun/nio/fs/WindowsChannelFactory$1
instanceKlass sun/nio/fs/WindowsChannelFactory
instanceKlass sun/nio/fs/WindowsSecurityDescriptor
instanceKlass java/nio/file/attribute/FileAttribute
instanceKlass sun/security/provider/PolicyFile$2
instanceKlass java/security/ProtectionDomain$JavaSecurityAccessImpl$1
instanceKlass jdk/internal/access/JavaSecurityAccess$ProtectionDomainCache
instanceKlass java/util/Collections$SynchronizedMap
instanceKlass sun/security/provider/PolicyFile$PolicyInfo
instanceKlass sun/security/provider/PolicyFile$1
instanceKlass java/security/Security$2
instanceKlass jdk/internal/access/JavaSecurityPropertiesAccess
instanceKlass java/util/concurrent/ConcurrentHashMap$MapEntry
instanceKlass java/util/Properties$LineReader
instanceKlass java/security/Security$1
instanceKlass java/security/Security
instanceKlass java/security/Policy$1
instanceKlass java/security/Policy$PolicyInfo
instanceKlass java/security/Policy
instanceKlass ch/qos/logback/core/util/Loader$1
instanceKlass ch/qos/logback/core/util/OptionHelper
instanceKlass ch/qos/logback/core/util/Loader
instanceKlass ch/qos/logback/classic/spi/Configurator
instanceKlass ch/qos/logback/core/spi/ContextAwareImpl
instanceKlass ch/qos/logback/classic/util/ContextInitializer$1
instanceKlass ch/qos/logback/core/spi/ContextAware
instanceKlass ch/qos/logback/classic/util/ContextInitializer
instanceKlass ch/qos/logback/classic/Level
instanceKlass ch/qos/logback/classic/spi/ILoggingEvent
instanceKlass ch/qos/logback/core/spi/DeferredProcessingAware
instanceKlass org/slf4j/spi/LoggingEventBuilder
instanceKlass ch/qos/logback/classic/Logger
instanceKlass ch/qos/logback/core/spi/AppenderAttachable
instanceKlass org/slf4j/spi/LoggingEventAware
instanceKlass ch/qos/logback/classic/spi/LoggerContextVO
instanceKlass ch/qos/logback/core/spi/LogbackLock
instanceKlass ch/qos/logback/core/helpers/CyclicBuffer
instanceKlass ch/qos/logback/core/BasicStatusManager
instanceKlass java/util/concurrent/ExecutorService
instanceKlass java/util/concurrent/Executor
instanceKlass ch/qos/logback/core/status/Status
instanceKlass ch/qos/logback/core/status/StatusManager
instanceKlass ch/qos/logback/core/ContextBase
instanceKlass ch/qos/logback/core/spi/LifeCycle
instanceKlass java/util/ServiceLoader$ProviderImpl
instanceKlass java/util/ServiceLoader$Provider
instanceKlass ch/qos/logback/core/Context
instanceKlass ch/qos/logback/core/spi/PropertyContainer
instanceKlass java/util/ServiceLoader$1
instanceKlass ch/qos/logback/classic/spi/LogbackServiceProvider
instanceKlass java/util/LinkedHashMap$LinkedHashIterator
instanceKlass sun/net/www/MessageHeader
instanceKlass sun/net/www/protocol/jar/JarFileFactory
instanceKlass sun/net/www/protocol/jar/URLJarFile$URLJarFileCloseController
instanceKlass java/net/URLConnection
instanceKlass jdk/internal/loader/URLClassPath$1
instanceKlass java/lang/CompoundEnumeration
instanceKlass jdk/internal/loader/BuiltinClassLoader$1
instanceKlass java/util/Collections$EmptyEnumeration
instanceKlass java/util/Collections$EmptyIterator
instanceKlass jdk/internal/jimage/ImageLocation
instanceKlass jdk/internal/jimage/decompressor/Decompressor
instanceKlass jdk/internal/jimage/ImageStringsReader
instanceKlass jdk/internal/jimage/ImageStrings
instanceKlass jdk/internal/jimage/ImageHeader
instanceKlass jdk/internal/jimage/NativeImageBuffer$1
instanceKlass jdk/internal/jimage/NativeImageBuffer
instanceKlass jdk/internal/jimage/BasicImageReader$1
instanceKlass jdk/internal/jimage/BasicImageReader
instanceKlass jdk/internal/jimage/ImageReader
instanceKlass jdk/internal/jimage/ImageReaderFactory$1
instanceKlass java/net/URI$Parser
instanceKlass java/nio/file/FileSystems$DefaultFileSystemHolder$1
instanceKlass java/nio/file/FileSystems$DefaultFileSystemHolder
instanceKlass java/nio/file/FileSystems
instanceKlass java/nio/file/Paths
instanceKlass jdk/internal/jimage/ImageReaderFactory
instanceKlass jdk/internal/module/SystemModuleFinders$SystemImage
instanceKlass jdk/internal/module/SystemModuleFinders$SystemModuleReader
instanceKlass java/lang/module/ModuleReader
instanceKlass jdk/internal/loader/BuiltinClassLoader$5
instanceKlass jdk/internal/loader/BuiltinClassLoader$2
instanceKlass jdk/internal/module/Resources
instanceKlass java/util/ServiceLoader$3
instanceKlass java/util/ServiceLoader$2
instanceKlass java/util/ServiceLoader$LazyClassPathLookupIterator
instanceKlass java/util/Spliterators$1Adapter
instanceKlass java/util/function/Consumer
instanceKlass sun/reflect/annotation/AnnotationParser
instanceKlass java/lang/Class$3
instanceKlass java/util/EnumMap$1
instanceKlass java/util/stream/StreamOpFlag$MaskBuilder
instanceKlass java/util/stream/Stream
instanceKlass java/util/stream/BaseStream
instanceKlass java/util/stream/PipelineHelper
instanceKlass java/util/stream/StreamSupport
instanceKlass java/util/Spliterators$ArraySpliterator
instanceKlass java/util/Spliterator$OfDouble
instanceKlass java/util/Spliterator$OfLong
instanceKlass java/util/Spliterator$OfInt
instanceKlass java/util/Spliterator$OfPrimitive
instanceKlass java/util/Spliterator
instanceKlass java/util/Spliterators$EmptySpliterator
instanceKlass java/util/Spliterators
instanceKlass java/util/ServiceLoader$ModuleServicesLookupIterator
instanceKlass java/util/ServiceLoader
instanceKlass org/slf4j/helpers/Util
instanceKlass org/slf4j/helpers/NOPMDCAdapter
instanceKlass org/slf4j/helpers/NOPLoggerFactory
instanceKlass org/slf4j/helpers/NOP_FallbackServiceProvider
instanceKlass org/slf4j/helpers/ThreadLocalMapOfStacks
instanceKlass org/slf4j/helpers/BasicMDCAdapter
instanceKlass org/slf4j/Marker
instanceKlass org/slf4j/helpers/BasicMarkerFactory
instanceKlass java/util/concurrent/LinkedBlockingQueue$Node
instanceKlass java/util/concurrent/locks/AbstractQueuedSynchronizer$ConditionObject
instanceKlass java/util/concurrent/locks/Condition
instanceKlass java/util/concurrent/BlockingQueue
instanceKlass org/slf4j/helpers/SubstituteLoggerFactory
instanceKlass org/slf4j/ILoggerFactory
instanceKlass org/slf4j/spi/MDCAdapter
instanceKlass org/slf4j/IMarkerFactory
instanceKlass org/slf4j/helpers/SubstituteServiceProvider
instanceKlass org/slf4j/event/LoggingEvent
instanceKlass org/slf4j/spi/SLF4JServiceProvider
instanceKlass org/slf4j/LoggerFactory
instanceKlass jdk/internal/org/objectweb/asm/FieldVisitor
instanceKlass java/lang/invoke/InvokerBytecodeGenerator$ClassData
instanceKlass jdk/internal/org/objectweb/asm/Frame
instanceKlass java/lang/invoke/LambdaFormBuffer
instanceKlass java/lang/invoke/LambdaFormEditor$TransformKey
instanceKlass java/lang/invoke/LambdaFormEditor
instanceKlass sun/invoke/util/Wrapper$1
instanceKlass java/lang/invoke/DelegatingMethodHandle$Holder
instanceKlass java/lang/invoke/DirectMethodHandle$2
instanceKlass sun/invoke/empty/Empty
instanceKlass sun/invoke/util/VerifyType
instanceKlass java/lang/invoke/ClassSpecializer$Factory
instanceKlass java/lang/invoke/ClassSpecializer$SpeciesData
instanceKlass java/lang/invoke/ClassSpecializer$1
instanceKlass java/lang/invoke/ClassSpecializer
instanceKlass java/lang/invoke/InnerClassLambdaMetafactory$1
instanceKlass java/lang/invoke/MethodHandles$Lookup$ClassDefiner
instanceKlass jdk/internal/org/objectweb/asm/ClassReader
instanceKlass java/lang/invoke/MethodHandles$Lookup$ClassFile
instanceKlass jdk/internal/org/objectweb/asm/AnnotationVisitor
instanceKlass jdk/internal/org/objectweb/asm/Attribute
instanceKlass jdk/internal/org/objectweb/asm/Handler
instanceKlass jdk/internal/org/objectweb/asm/Label
instanceKlass jdk/internal/org/objectweb/asm/MethodVisitor
instanceKlass java/lang/invoke/LambdaProxyClassArchive
instanceKlass jdk/internal/org/objectweb/asm/ByteVector
instanceKlass jdk/internal/org/objectweb/asm/Symbol
instanceKlass jdk/internal/org/objectweb/asm/SymbolTable
instanceKlass jdk/internal/org/objectweb/asm/ClassVisitor
instanceKlass java/lang/invoke/InfoFromMemberName
instanceKlass java/lang/invoke/MethodHandleInfo
instanceKlass jdk/internal/org/objectweb/asm/ConstantDynamic
instanceKlass sun/invoke/util/BytecodeDescriptor
instanceKlass jdk/internal/org/objectweb/asm/Handle
instanceKlass sun/security/action/GetBooleanAction
instanceKlass jdk/internal/org/objectweb/asm/Type
instanceKlass java/lang/invoke/AbstractValidatingLambdaMetafactory
instanceKlass java/lang/invoke/MethodHandleImpl$1
instanceKlass jdk/internal/access/JavaLangInvokeAccess
instanceKlass java/lang/invoke/Invokers$Holder
instanceKlass java/lang/invoke/BootstrapMethodInvoker
instanceKlass org/apache/commons/logging/Log
instanceKlass org/apache/commons/logging/LogAdapter$Slf4jAdapter
instanceKlass java/lang/invoke/InvokerBytecodeGenerator$2
instanceKlass java/lang/invoke/InvokerBytecodeGenerator
instanceKlass java/lang/invoke/LambdaForm$Holder
instanceKlass java/lang/invoke/LambdaForm$Name
instanceKlass java/lang/invoke/Invokers
instanceKlass java/lang/invoke/MethodHandleImpl
instanceKlass sun/invoke/util/ValueConversions
instanceKlass java/lang/invoke/DirectMethodHandle$Holder
instanceKlass java/lang/invoke/LambdaForm$NamedFunction
instanceKlass sun/invoke/util/Wrapper$Format
instanceKlass java/lang/invoke/MethodTypeForm
instanceKlass java/lang/invoke/MethodType$ConcurrentWeakInternSet
instanceKlass java/lang/invoke/LambdaMetafactory
instanceKlass org/slf4j/spi/LocationAwareLogger
instanceKlass org/slf4j/Logger
instanceKlass org/apache/logging/log4j/spi/Provider
instanceKlass org/apache/logging/log4j/spi/ExtendedLogger
instanceKlass org/apache/logging/log4j/Logger
instanceKlass org/apache/commons/logging/LogAdapter
instanceKlass org/apache/commons/logging/LogFactory
instanceKlass org/springframework/core/OrderComparator
instanceKlass java/util/EventObject
instanceKlass org/springframework/boot/ApplicationArguments
instanceKlass org/springframework/core/env/ConfigurableEnvironment
instanceKlass org/springframework/core/env/ConfigurablePropertyResolver
instanceKlass org/springframework/core/env/PropertySource
instanceKlass org/springframework/core/convert/support/ConfigurableConversionService
instanceKlass org/springframework/core/convert/converter/ConverterRegistry
instanceKlass org/springframework/core/convert/ConversionService
instanceKlass org/springframework/boot/ConfigurableBootstrapContext
instanceKlass org/springframework/boot/BootstrapContext
instanceKlass org/springframework/boot/BootstrapRegistry
instanceKlass org/springframework/core/env/Environment
instanceKlass org/springframework/core/env/PropertyResolver
instanceKlass org/springframework/context/ApplicationContext
instanceKlass org/springframework/core/io/support/ResourcePatternResolver
instanceKlass org/springframework/core/io/ResourceLoader
instanceKlass org/springframework/context/ApplicationEventPublisher
instanceKlass org/springframework/context/MessageSource
instanceKlass org/springframework/beans/factory/ListableBeanFactory
instanceKlass org/springframework/core/env/EnvironmentCapable
instanceKlass org/springframework/context/ApplicationListener
instanceKlass java/util/EventListener
instanceKlass org/springframework/beans/factory/config/BeanFactoryPostProcessor
instanceKlass org/springframework/core/OrderComparator$OrderSourceProvider
instanceKlass org/springframework/beans/factory/config/ConfigurableBeanFactory
instanceKlass org/springframework/beans/factory/config/SingletonBeanRegistry
instanceKlass org/springframework/beans/factory/HierarchicalBeanFactory
instanceKlass org/springframework/beans/factory/BeanFactory
instanceKlass org/springframework/boot/SpringApplication
instanceKlass java/util/zip/Checksum$1
instanceKlass java/util/zip/CRC32
instanceKlass java/util/zip/Checksum
instanceKlass java/util/ArrayList$Itr
instanceKlass java/util/jar/Attributes$Name
instanceKlass java/util/jar/Attributes
instanceKlass java/util/TreeMap$PrivateEntryIterator
instanceKlass java/util/TreeMap$Entry
instanceKlass java/util/NavigableMap
instanceKlass java/util/SortedMap
instanceKlass java/util/NavigableSet
instanceKlass java/util/SortedSet
instanceKlass java/util/LinkedList$Node
instanceKlass java/io/Reader
instanceKlass sun/security/action/GetIntegerAction
instanceKlass sun/security/util/SignatureFileVerifier
instanceKlass java/util/zip/ZipFile$InflaterCleanupAction
instanceKlass java/util/zip/Inflater$InflaterZStreamRef
instanceKlass java/util/zip/Inflater
instanceKlass java/util/zip/ZipEntry
instanceKlass jdk/internal/util/jar/JarIndex
instanceKlass java/nio/Bits$1
instanceKlass jdk/internal/misc/VM$BufferPool
instanceKlass java/nio/Bits
instanceKlass sun/nio/ch/DirectBuffer
instanceKlass jdk/internal/perf/PerfCounter$CoreCounters
instanceKlass jdk/internal/perf/Perf
instanceKlass jdk/internal/perf/Perf$GetPerfAction
instanceKlass jdk/internal/perf/PerfCounter
instanceKlass java/nio/file/attribute/FileTime
instanceKlass java/util/zip/ZipUtils
instanceKlass java/util/zip/ZipFile$Source$End
instanceKlass java/io/RandomAccessFile$2
instanceKlass jdk/internal/access/JavaIORandomAccessFileAccess
instanceKlass java/io/RandomAccessFile
instanceKlass java/io/DataInput
instanceKlass java/io/DataOutput
instanceKlass sun/nio/fs/WindowsNativeDispatcher$CompletionStatus
instanceKlass sun/nio/fs/WindowsNativeDispatcher$AclInformation
instanceKlass sun/nio/fs/WindowsNativeDispatcher$Account
instanceKlass sun/nio/fs/WindowsNativeDispatcher$DiskFreeSpace
instanceKlass sun/nio/fs/WindowsNativeDispatcher$VolumeInformation
instanceKlass sun/nio/fs/WindowsNativeDispatcher$FirstStream
instanceKlass sun/nio/fs/WindowsNativeDispatcher$FirstFile
instanceKlass java/util/Enumeration
instanceKlass java/util/concurrent/ConcurrentHashMap$Traverser
instanceKlass java/util/concurrent/ConcurrentHashMap$CollectionView
instanceKlass jdk/internal/loader/NativeLibraries$NativeLibraryImpl
instanceKlass jdk/internal/loader/NativeLibrary
instanceKlass java/util/ArrayDeque$DeqIterator
instanceKlass jdk/internal/loader/NativeLibraries$1
instanceKlass jdk/internal/loader/NativeLibraries$LibraryPaths
instanceKlass sun/nio/fs/WindowsNativeDispatcher
instanceKlass sun/nio/fs/NativeBuffer$Deallocator
instanceKlass sun/nio/fs/NativeBuffer
instanceKlass java/lang/ThreadLocal$ThreadLocalMap
instanceKlass sun/nio/fs/NativeBuffers
instanceKlass sun/nio/fs/WindowsFileAttributes
instanceKlass java/nio/file/attribute/DosFileAttributes
instanceKlass sun/nio/fs/AbstractBasicFileAttributeView
instanceKlass sun/nio/fs/DynamicFileAttributeView
instanceKlass sun/nio/fs/WindowsFileAttributeViews
instanceKlass sun/nio/fs/Util
instanceKlass java/nio/file/attribute/BasicFileAttributeView
instanceKlass java/nio/file/attribute/FileAttributeView
instanceKlass java/nio/file/attribute/AttributeView
instanceKlass java/nio/file/Files
instanceKlass java/nio/file/CopyOption
instanceKlass java/nio/file/attribute/BasicFileAttributes
instanceKlass sun/nio/fs/WindowsPath
instanceKlass java/nio/file/Path
instanceKlass java/nio/file/Watchable
instanceKlass java/util/zip/ZipFile$Source$Key
instanceKlass sun/nio/fs/WindowsPathParser$Result
instanceKlass sun/nio/fs/WindowsPathParser
instanceKlass java/util/Collections$UnmodifiableCollection
instanceKlass java/util/Arrays$ArrayItr
instanceKlass java/nio/file/FileSystem
instanceKlass java/nio/file/OpenOption
instanceKlass java/nio/file/spi/FileSystemProvider
instanceKlass sun/nio/fs/DefaultFileSystemProvider
instanceKlass java/util/zip/ZipFile$Source
instanceKlass java/util/zip/ZipCoder
instanceKlass java/util/zip/ZipFile$CleanableResource
instanceKlass java/lang/Runtime$Version
instanceKlass java/util/jar/JavaUtilJarAccessImpl
instanceKlass jdk/internal/access/JavaUtilJarAccess
instanceKlass jdk/internal/loader/FileURLMapper
instanceKlass jdk/internal/loader/URLClassPath$JarLoader$1
instanceKlass java/util/zip/ZipFile$1
instanceKlass jdk/internal/access/JavaUtilZipFileAccess
instanceKlass java/util/zip/ZipFile
instanceKlass java/util/zip/ZipConstants
instanceKlass java/lang/Void
instanceKlass java/lang/PublicMethods$Key
instanceKlass java/lang/PublicMethods$MethodList
instanceKlass jasmineorder/order/OrderApplication
instanceKlass sun/security/util/Debug
instanceKlass java/security/SecureClassLoader$DebugHolder
instanceKlass java/security/PermissionCollection
instanceKlass java/security/SecureClassLoader$1
instanceKlass java/security/SecureClassLoader$CodeSourceKey
instanceKlass java/io/FileInputStream$1
instanceKlass sun/nio/ByteBuffered
instanceKlass jdk/internal/ref/CleanerImpl
instanceKlass java/lang/ref/Cleaner$1
instanceKlass java/lang/ref/Cleaner
instanceKlass jdk/internal/ref/CleanerFactory$1
instanceKlass java/util/concurrent/ThreadFactory
instanceKlass jdk/internal/ref/CleanerFactory
instanceKlass java/lang/ref/Cleaner$Cleanable
instanceKlass java/lang/Package$VersionInfo
instanceKlass java/lang/NamedPackage
instanceKlass jdk/internal/loader/Resource
instanceKlass java/nio/charset/CoderResult
instanceKlass java/lang/Readable
instanceKlass jdk/internal/loader/URLClassPath$Loader
instanceKlass jdk/internal/loader/URLClassPath$3
instanceKlass java/security/PrivilegedExceptionAction
instanceKlass sun/net/util/URLUtil
instanceKlass java/lang/StringCoding
instanceKlass sun/nio/cs/MS1252$Holder
instanceKlass sun/nio/cs/ArrayDecoder
instanceKlass java/nio/charset/CharsetDecoder
instanceKlass sun/launcher/LauncherHelper
instanceKlass jdk/internal/vm/PostVMInitHook$1
instanceKlass jdk/internal/util/EnvUtils
instanceKlass jdk/internal/vm/PostVMInitHook$2
instanceKlass sun/util/locale/LocaleUtils
instanceKlass sun/util/locale/BaseLocale
instanceKlass java/util/Locale
instanceKlass jdk/internal/vm/PostVMInitHook
instanceKlass java/lang/reflect/Array
instanceKlass java/lang/invoke/StringConcatFactory$3
instanceKlass java/lang/invoke/StringConcatFactory$2
instanceKlass java/lang/invoke/StringConcatFactory$1
instanceKlass java/lang/invoke/StringConcatFactory
instanceKlass java/lang/ModuleLayer$Controller
instanceKlass java/util/concurrent/CopyOnWriteArrayList
instanceKlass jdk/internal/module/ServicesCatalog$ServiceProvider
instanceKlass jdk/internal/loader/AbstractClassLoaderValue$Memoizer
instanceKlass java/util/ImmutableCollections$ListItr
instanceKlass java/util/ListIterator
instanceKlass java/lang/ModuleLayer
instanceKlass jdk/internal/module/ModuleLoaderMap$Modules
instanceKlass jdk/internal/module/ModuleLoaderMap$Mapper
instanceKlass java/util/function/Function
instanceKlass jdk/internal/module/ModuleLoaderMap
instanceKlass java/util/ImmutableCollections$Set12$1
instanceKlass java/util/AbstractMap$1$1
instanceKlass java/lang/module/ResolvedModule
instanceKlass java/lang/module/Configuration
instanceKlass java/util/ImmutableCollections$SetN$SetNIterator
instanceKlass jdk/internal/loader/BuiltinClassLoader$LoadedModule
instanceKlass jdk/internal/loader/AbstractClassLoaderValue
instanceKlass jdk/internal/module/ServicesCatalog
instanceKlass jdk/internal/util/Preconditions
instanceKlass sun/net/util/IPAddressUtil
instanceKlass java/net/URLStreamHandler
instanceKlass java/util/HexFormat
instanceKlass sun/net/www/ParseUtil
instanceKlass java/net/URL$3
instanceKlass jdk/internal/access/JavaNetURLAccess
instanceKlass java/net/URL$DefaultFactory
instanceKlass java/net/URLStreamHandlerFactory
instanceKlass jdk/internal/loader/URLClassPath
instanceKlass java/security/Principal
instanceKlass java/security/ProtectionDomain$Key
instanceKlass java/security/ProtectionDomain$JavaSecurityAccessImpl
instanceKlass jdk/internal/access/JavaSecurityAccess
instanceKlass java/lang/ClassLoader$ParallelLoaders
instanceKlass java/security/cert/Certificate
instanceKlass jdk/internal/loader/ArchivedClassLoaders
instanceKlass java/util/Deque
instanceKlass java/util/Queue
instanceKlass jdk/internal/loader/ClassLoaderHelper
instanceKlass jdk/internal/loader/NativeLibraries
instanceKlass jdk/internal/loader/BootLoader
instanceKlass java/util/Optional
instanceKlass jdk/internal/module/SystemModuleFinders$SystemModuleFinder
instanceKlass java/lang/module/ModuleFinder
instanceKlass jdk/internal/module/SystemModuleFinders$3
instanceKlass jdk/internal/module/ModuleHashes$HashSupplier
instanceKlass jdk/internal/module/SystemModuleFinders$2
instanceKlass java/util/function/Supplier
instanceKlass java/lang/module/ModuleReference
instanceKlass jdk/internal/module/ModuleResolution
instanceKlass java/util/Collections$UnmodifiableMap
instanceKlass jdk/internal/module/ModuleHashes$Builder
instanceKlass jdk/internal/module/ModuleHashes
instanceKlass jdk/internal/module/ModuleTarget
instanceKlass java/lang/Enum
instanceKlass java/lang/module/ModuleDescriptor$Version
instanceKlass java/lang/module/ModuleDescriptor$Provides
instanceKlass java/lang/module/ModuleDescriptor$Opens
instanceKlass java/lang/module/ModuleDescriptor$Exports
instanceKlass java/lang/module/ModuleDescriptor$Requires
instanceKlass jdk/internal/module/Builder
instanceKlass jdk/internal/module/SystemModules$default
instanceKlass jdk/internal/module/SystemModules
instanceKlass jdk/internal/module/SystemModulesMap
instanceKlass java/net/URI$1
instanceKlass jdk/internal/access/JavaNetUriAccess
instanceKlass java/net/URI
instanceKlass jdk/internal/module/SystemModuleFinders
instanceKlass jdk/internal/module/ArchivedModuleGraph
instanceKlass jdk/internal/module/ArchivedBootLayer
instanceKlass jdk/internal/module/ModuleBootstrap$Counters
instanceKlass jdk/internal/module/ModulePatcher
instanceKlass java/io/FileSystem
instanceKlass java/io/DefaultFileSystem
instanceKlass java/io/File
instanceKlass java/lang/module/ModuleDescriptor$1
instanceKlass jdk/internal/access/JavaLangModuleAccess
instanceKlass sun/invoke/util/VerifyAccess
instanceKlass java/lang/module/ModuleDescriptor
instanceKlass jdk/internal/module/ModuleBootstrap
instanceKlass sun/security/action/GetPropertyAction
instanceKlass java/lang/invoke/MethodHandleStatics
instanceKlass java/util/Collections
instanceKlass sun/io/Win32ErrorMode
instanceKlass jdk/internal/misc/OSEnvironment
instanceKlass jdk/internal/misc/Signal$NativeHandler
instanceKlass java/util/Hashtable$Entry
instanceKlass jdk/internal/misc/Signal
instanceKlass java/lang/Terminator$1
instanceKlass jdk/internal/misc/Signal$Handler
instanceKlass java/lang/Terminator
instanceKlass java/nio/ByteOrder
instanceKlass java/nio/Buffer$1
instanceKlass jdk/internal/access/JavaNioAccess
instanceKlass jdk/internal/misc/ScopedMemoryAccess
instanceKlass java/nio/charset/CodingErrorAction
instanceKlass sun/nio/cs/SingleByte
instanceKlass java/lang/StringUTF16
instanceKlass sun/nio/cs/IBM437$Holder
instanceKlass sun/nio/cs/ArrayEncoder
instanceKlass java/nio/charset/CharsetEncoder
instanceKlass java/io/Writer
instanceKlass java/lang/reflect/Modifier
instanceKlass java/lang/Class$1
instanceKlass java/lang/Class$Atomic
instanceKlass java/lang/Class$ReflectionData
instanceKlass jdk/internal/util/ArraysSupport
instanceKlass java/nio/charset/StandardCharsets
instanceKlass sun/nio/cs/HistoricallyNamedCharset
instanceKlass java/lang/ThreadLocal
instanceKlass java/nio/charset/spi/CharsetProvider
instanceKlass java/nio/charset/Charset
instanceKlass java/io/OutputStream
instanceKlass java/io/Flushable
instanceKlass java/io/FileDescriptor$1
instanceKlass jdk/internal/access/JavaIOFileDescriptorAccess
instanceKlass java/io/FileDescriptor
instanceKlass jdk/internal/util/StaticProperty
instanceKlass java/util/HashMap$HashIterator
instanceKlass java/lang/Integer$IntegerCache
instanceKlass java/lang/CharacterData
instanceKlass java/util/Arrays
instanceKlass java/lang/VersionProps
instanceKlass java/lang/StringConcatHelper
instanceKlass jdk/internal/misc/VM
instanceKlass jdk/internal/util/SystemProps$Raw
instanceKlass jdk/internal/util/SystemProps
instanceKlass java/lang/System$2
instanceKlass jdk/internal/access/JavaLangAccess
instanceKlass java/lang/ref/Reference$1
instanceKlass jdk/internal/access/JavaLangRefAccess
instanceKlass java/lang/ref/ReferenceQueue$Lock
instanceKlass java/lang/ref/ReferenceQueue
instanceKlass jdk/internal/reflect/ReflectionFactory
instanceKlass jdk/internal/reflect/ReflectionFactory$GetReflectionFactoryAction
instanceKlass java/security/PrivilegedAction
instanceKlass java/util/concurrent/locks/LockSupport
instanceKlass java/util/concurrent/ConcurrentHashMap$Node
instanceKlass java/util/concurrent/ConcurrentHashMap$CounterCell
instanceKlass java/util/concurrent/locks/ReentrantLock
instanceKlass java/util/concurrent/locks/Lock
instanceKlass java/lang/Runtime
instanceKlass java/util/HashMap$Node
instanceKlass java/util/KeyValueHolder
instanceKlass java/util/Map$Entry
instanceKlass java/util/ImmutableCollections$MapN$MapNIterator
instanceKlass java/lang/Math
instanceKlass jdk/internal/reflect/Reflection
instanceKlass java/lang/invoke/MethodHandles$Lookup
instanceKlass java/lang/StringLatin1
instanceKlass java/security/Permission
instanceKlass java/security/Guard
instanceKlass java/lang/invoke/MemberName$Factory
instanceKlass java/lang/invoke/MethodHandles
instanceKlass jdk/internal/access/SharedSecrets
instanceKlass java/lang/reflect/ReflectAccess
instanceKlass jdk/internal/access/JavaLangReflectAccess
instanceKlass java/util/ImmutableCollections
instanceKlass java/util/Objects
instanceKlass java/util/Set
instanceKlass jdk/internal/misc/CDS
instanceKlass java/lang/Module$ArchivedData
instanceKlass java/lang/String$CaseInsensitiveComparator
instanceKlass java/util/Comparator
instanceKlass java/io/ObjectStreamField
instanceKlass jdk/internal/vm/vector/VectorSupport$VectorPayload
instanceKlass jdk/internal/vm/vector/VectorSupport
instanceKlass java/lang/reflect/RecordComponent
instanceKlass java/util/Iterator
instanceKlass java/lang/Number
instanceKlass java/lang/Character
instanceKlass java/lang/Boolean
instanceKlass java/util/concurrent/locks/AbstractOwnableSynchronizer
instanceKlass java/lang/LiveStackFrame
instanceKlass java/lang/StackFrameInfo
instanceKlass java/lang/StackWalker$StackFrame
instanceKlass java/lang/StackStreamFactory$AbstractStackWalker
instanceKlass java/lang/StackWalker
instanceKlass java/nio/Buffer
instanceKlass java/lang/StackTraceElement
instanceKlass java/util/RandomAccess
instanceKlass java/util/List
instanceKlass java/util/AbstractCollection
instanceKlass java/util/Collection
instanceKlass java/lang/Iterable
instanceKlass java/util/concurrent/ConcurrentMap
instanceKlass java/util/AbstractMap
instanceKlass java/security/CodeSource
instanceKlass jdk/internal/loader/ClassLoaders
instanceKlass java/util/jar/Manifest
instanceKlass java/net/URL
instanceKlass java/io/InputStream
instanceKlass java/io/Closeable
instanceKlass java/lang/AutoCloseable
instanceKlass jdk/internal/module/Modules
instanceKlass jdk/internal/misc/Unsafe
instanceKlass jdk/internal/misc/UnsafeConstants
instanceKlass java/lang/AbstractStringBuilder
instanceKlass java/lang/Appendable
instanceKlass java/lang/AssertionStatusDirectives
instanceKlass java/lang/invoke/MethodHandleNatives$CallSiteContext
instanceKlass jdk/internal/invoke/NativeEntryPoint
instanceKlass java/lang/invoke/CallSite
instanceKlass java/lang/invoke/MethodType
instanceKlass java/lang/invoke/TypeDescriptor$OfMethod
instanceKlass java/lang/invoke/LambdaForm
instanceKlass java/lang/invoke/MethodHandleNatives
instanceKlass java/lang/invoke/ResolvedMethodName
instanceKlass java/lang/invoke/MemberName
instanceKlass java/lang/invoke/VarHandle
instanceKlass java/lang/invoke/MethodHandle
instanceKlass jdk/internal/reflect/CallerSensitive
instanceKlass java/lang/annotation/Annotation
instanceKlass jdk/internal/reflect/FieldAccessor
instanceKlass jdk/internal/reflect/ConstantPool
instanceKlass jdk/internal/reflect/ConstructorAccessor
instanceKlass jdk/internal/reflect/MethodAccessor
instanceKlass jdk/internal/reflect/MagicAccessorImpl
instanceKlass java/lang/reflect/Parameter
instanceKlass java/lang/reflect/Member
instanceKlass java/lang/reflect/AccessibleObject
instanceKlass java/lang/Module
instanceKlass java/util/Map
instanceKlass java/util/Dictionary
instanceKlass java/lang/ThreadGroup
instanceKlass java/lang/Thread$UncaughtExceptionHandler
instanceKlass java/lang/Thread
instanceKlass java/lang/Runnable
instanceKlass java/lang/ref/Reference
instanceKlass java/lang/Record
instanceKlass java/security/AccessController
instanceKlass java/security/AccessControlContext
instanceKlass java/security/ProtectionDomain
instanceKlass java/lang/SecurityManager
instanceKlass java/lang/Throwable
instanceKlass java/lang/System
instanceKlass java/lang/ClassLoader
instanceKlass java/lang/Cloneable
instanceKlass java/lang/Class
instanceKlass java/lang/invoke/TypeDescriptor$OfField
instanceKlass java/lang/invoke/TypeDescriptor
instanceKlass java/lang/reflect/Type
instanceKlass java/lang/reflect/GenericDeclaration
instanceKlass java/lang/reflect/AnnotatedElement
instanceKlass java/lang/String
instanceKlass java/lang/constant/ConstantDesc
instanceKlass java/lang/constant/Constable
instanceKlass java/lang/CharSequence
instanceKlass java/lang/Comparable
instanceKlass java/io/Serializable
ciInstanceKlass java/lang/Object 1 1 92 7 1 10 12 1 1 10 7 12 1 1 1 10 7 12 1 1 1 10 12 1 1 8 1 10 12 1 1 10 7 12 1 1 1 10 12 1 10 12 1 1 100 1 8 1 10 12 1 3 8 1 100 1 5 0 1 1 1 1 1 1 1 1 1 1 1 1 1 1 1 1 7 1 1 1 7 1 1 1 1 1 1 1 7 1 1 1 1 1 1 1
ciMethod java/lang/Object equals (Ljava/lang/Object;)Z 576 0 14151 0 96
ciMethod java/lang/Object hashCode ()I 512 0 256 0 -1
ciMethod java/lang/Object clone ()Ljava/lang/Object; 1024 0 512 0 -1
ciInstanceKlass java/lang/Class 1 1 1611 10 7 12 1 1 1 9 7 12 1 1 1 9 12 1 1 7 1 10 10 12 1 1 8 1 10 12 1 8 1 8 1 10 12 1 1 10 12 1 1 10 12 1 10 10 12 1 10 12 1 1 10 12 1 1 10 7 12 1 1 10 12 1 10 12 1 10 12 1 8 1 10 12 1 8 1 10 12 1 8 1 8 1 10 12 1 1 10 7 12 1 1 1 18 12 1 1 11 7 12 1 1 1 8 1 8 1 8 1 10 7 12 1 1 1 11 12 1 1 7 1 8 1 10 12 1 11 7 12 1 1 1 10 12 1 1 11 8 1 18 8 1 10 12 1 10 7 12 1 1 10 7 12 1 1 1 10 12 1 1 10 7 12 1 1 1 9 100 12 1 1 1 10 100 12 1 1 1 10 7 12 1 1 1 10 12 1 1 18 12 1 1 10 7 12 1 1 1 10 7 12 1 1 10 12 1 1 10 7 1 100 1 10 12 1 1 9 12 1 1 7 1 8 1 10 12 1 10 12 1 1 10 12 1 1 10 7 12 1 1 1 7 1 10 12 1 7 1 7 1 10 10 12 1 1 10 12 1 1 100 1 10 100 12 1 1 1 10 12 1 1 10 12 1 1 9 12 1 1 10 12 1 10 12 1 10 12 1 1 9 12 1 1 9 12 1 1 10 12 1 1 10 7 1 10 12 1 10 12 1 10 12 1 1 10 9 12 1 10 12 1 8 1 10 12 1 1 10 12 1 1 10 12 1 10 12 1 1 10 12 1 1 10 12 1 1 9 7 12 1 1 1 10 7 12 1 1 10 12 10 12 1 10 12 1 1 10 100 12 1 1 10 12 1 10 12 1 1 10 100 12 1 1 1 10 12 1 10 12 1 1 10 12 1 10 12 1 10 12 1 1 10 7 1 10 10 10 12 1 1 10 12 1 1 10 12 10 12 1 1 100 1 8 1 10 10 12 1 1 10 12 1 100 1 11 12 1 10 7 12 1 1 10 12 1 10 12 1 10 100 12 1 1 10 10 12 1 1 8 1 10 12 1 10 12 1 1 8 1 9 12 1 10 12 1 10 12 1 10 12 1 10 12 100 1 9 12 1 10 12 1 9 12 1 10 12 1 10 12 1 10 12 1 10 10 12 1 10 12 1 10 12 1 10 12 1 10 12 1 10 12 1 100 1 10 12 1 10 12 1 1 10 12 1 1 10 12 1 1 10 12 1 1 10 12 1 1 10 12 1 1 7 1 10 10 12 1 1 10 12 1 1 10 12 1 1 10 10 12 1 10 12 1 1 10 12 1 1 10 12 1 1 10 12 1 1 7 1 10 10 12 11 100 12 1 1 10 12 1 1 10 12 1 10 7 12 1 1 1 10 12 1 1 10 10 12 1 1 100 1 10 10 12 1 1 10 100 12 1 1 1 100 1 7 1 10 12 1 1 10 12 1 10 10 12 1 1 10 12 1 10 12 1 10 12 1 10 100 12 1 1 1 11 7 12 1 1 10 12 1 10 12 1 9 12 1 10 12 1 1 10 12 1 9 12 1 1 100 1 10 9 12 1 1 10 12 100 1 10 12 1 9 12 1 10 100 12 1 1 1 10 12 1 10 12 1 10 100 12 1 1 1 10 12 1 10 12 10 12 1 1 100 1 10 8 1 10 12 1 11 11 12 1 1 11 7 12 1 1 11 12 1 8 1 10 12 1 10 12 1 1 9 12 1 9 12 1 1 10 7 12 1 1 9 12 1 10 12 1 1 10 10 12 1 10 7 12 1 1 1 10 7 12 1 1 10 7 12 1 1 9 12 1 1 10 12 1 9 12 1 10 12 1 10 12 1 1 9 12 1 1 9 12 1 10 12 1 10 12 1 1 9 12 1 100 1 10 10 12 1 1 7 1 10 12 1 1 100 11 100 1 9 12 1 1 9 12 1 100 1 10 12 1 9 12 1 1 9 12 1 10 12 1 10 12 1 1 9 12 1 7 1 10 10 12 1 1 10 10 12 1 1 10 12 10 10 12 1 9 12 1 10 12 1 1 10 7 12 1 1 1 10 12 1 1 10 12 1 8 10 7 8 1 18 8 1 8 1 10 12 1 9 12 1 9 12 1 1 10 12 1 7 1 7 1 10 12 1 9 12 1 1 7 1 10 10 12 1 10 7 1 9 12 1 8 1 10 12 1 7 1 10 12 1 10 12 1 1 9 12 1 100 1 8 1 10 7 1 4 10 10 12 11 7 12 1 1 1 10 12 1 100 1 10 12 1 1 10 8 1 8 1 10 12 1 1 9 7 12 1 1 11 12 7 1 11 7 12 1 1 9 12 1 10 100 12 1 1 1 10 7 12 1 1 10 12 1 1 9 12 1 9 10 12 1 1 10 12 1 1 10 12 1 1 10 12 1 1 10 12 1 1 11 12 1 7 1 11 12 1 10 7 12 1 1 1 10 12 1 7 1 11 12 1 10 100 12 1 1 1 10 12 1 10 11 12 1 11 12 1 1 10 12 1 10 12 1 1 9 12 1 1 9 100 12 1 1 10 12 1 10 100 12 1 1 1 10 12 1 1 10 12 1 10 12 1 10 12 1 10 7 12 1 1 1 10 12 1 8 1 10 12 1 10 12 1 10 12 1 10 100 12 1 1 1 11 100 12 1 1 1 10 12 1 1 10 12 1 18 12 1 1 11 12 1 1 18 11 12 1 18 12 1 11 12 1 10 12 1 1 10 12 1 10 12 1 10 12 10 12 1 8 1 10 12 1 7 1 9 12 1 1 100 1 100 1 100 1 100 1 100 1 1 1 3 1 3 1 3 1 1 1 1 1 1 1 5 0 1 1 1 1 1 1 1 1 1 1 1 1 1 1 1 1 1 1 1 1 1 1 1 100 1 1 1 1 1 1 1 100 1 1 1 1 1 1 7 1 1 1 1 1 1 1 1 1 1 1 1 1 1 1 1 1 1 1 1 1 1 1 1 1 1 1 1 1 1 1 1 1 1 1 1 1 1 100 1 1 1 1 1 1 1 1 1 1 1 1 1 1 1 1 1 1 1 1 1 1 1 1 1 1 1 1 100 1 1 1 1 1 1 1 1 1 1 1 1 1 1 1 1 1 1 1 1 1 1 1 1 1 1 1 1 1 1 1 1 1 1 1 1 1 1 1 1 1 1 1 1 1 1 1 1 1 1 1 1 1 100 1 100 1 1 1 1 1 1 1 1 1 1 1 1 1 1 1 1 1 1 1 1 1 1 1 1 1 1 1 1 1 1 1 1 1 1 1 1 1 1 1 1 1 1 1 1 1 1 1 1 1 1 1 1 1 1 1 1 1 1 1 1 1 1 1 100 1 1 1 1 1 1 1 1 1 1 1 1 1 1 1 1 1 1 1 1 1 1 1 1 1 1 1 1 1 1 1 1 1 1 1 1 1 1 1 1 1 1 1 1 1 1 1 1 1 1 1 1 1 1 1 1 1 1 1 1 1 1 1 1 1 1 1 1 15 10 7 12 1 1 1 16 15 10 12 16 15 11 12 16 1 16 15 16 15 10 12 16 16 15 10 12 16 15 16 1 15 10 12 16 1 1 1 1 1 1 1 1 100 1 1 100 1 100 1 1 100 1 100 1 1
staticfield java/lang/Class EMPTY_CLASS_ARRAY [Ljava/lang/Class; 0 [Ljava/lang/Class;
staticfield java/lang/Class serialPersistentFields [Ljava/io/ObjectStreamField; 0 [Ljava/io/ObjectStreamField;
ciInstanceKlass java/lang/reflect/AnnotatedElement 1 1 164 11 7 12 1 1 1 11 12 1 1 100 1 10 100 12 1 1 1 10 12 1 1 10 12 1 1 10 12 1 10 100 12 1 1 1 11 12 1 1 11 100 12 1 1 10 100 12 1 1 1 10 12 1 10 100 12 1 1 1 18 12 1 1 11 100 12 1 1 18 12 1 18 12 1 1 10 100 12 1 1 1 11 100 12 1 1 1 100 1 10 100 12 1 1 1 1 1 1 1 1 1 1 1 1 1 1 1 1 1 1 1 1 1 1 1 1 1 100 1 1 1 1 1 1 1 1 1 1 1 15 10 100 12 1 1 1 16 15 16 1 16 1 15 11 12 16 16 1 15 10 100 12 1 1 1 16 1 1 100 1 100 1 1
ciMethod java/lang/Class isArray ()Z 512 0 256 0 -1
ciInstanceKlass java/io/Serializable 1 0 7 100 1 100 1 1 1
instanceKlass jdk/internal/vm/vector/VectorSupport$VectorShuffle
instanceKlass jdk/internal/vm/vector/VectorSupport$VectorMask
instanceKlass jdk/internal/vm/vector/VectorSupport$Vector
ciInstanceKlass jdk/internal/vm/vector/VectorSupport$VectorPayload 0 0 32 10 100 12 1 1 1 9 100 12 1 1 1 10 100 12 1 1 1 1 1 1 1 1 1 1 1 1 1 1 1 1
ciInstanceKlass jdk/internal/vm/vector/VectorSupport$VectorShuffle 0 0 28 10 100 12 1 1 1 100 1 1 1 1 1 1 1 1 1 1 1 1 1 1 1 100 1 1 1 1
ciInstanceKlass jdk/internal/vm/vector/VectorSupport$VectorMask 0 0 28 10 100 12 1 1 1 100 1 1 1 1 1 1 1 1 1 1 1 1 1 1 1 100 1 1 1 1
ciInstanceKlass jdk/internal/vm/vector/VectorSupport$Vector 0 0 28 10 100 12 1 1 1 100 1 1 1 1 1 1 1 1 1 1 1 1 1 1 1 100 1 1 1 1
ciInstanceKlass jdk/internal/vm/vector/VectorSupport 0 0 487 100 1 10 100 12 1 1 1 9 12 1 1 10 12 1 1 100 1 10 12 1 11 100 12 1 1 1 11 100 12 1 1 1 11 100 12 1 1 11 100 12 1 1 1 11 100 1 100 1 10 12 1 1 11 100 12 1 1 11 100 12 1 1 100 1 11 100 12 1 1 11 100 12 1 1 11 100 12 1 1 1 11 100 12 1 1 1 11 100 12 1 1 1 11 100 12 1 1 1 100 1 10 12 1 1 11 100 12 1 1 100 1 11 100 12 1 1 11 100 12 1 1 11 100 12 1 1 11 100 1 100 1 9 12 1 1 10 100 12 1 1 11 100 12 1 1 10 12 1 1 10 100 12 1 1 1 10 12 1 10 12 1 1 10 12 1 1 1 1 1 3 1 3 1 3 1 3 1 3 1 3 1 3 1 3 1 3 1 3 1 3 1 3 1 3 1 3 1 3 1 3 1 3 1 3 1 3 1 3 1 3 1 3 1 3 1 3 1 3 1 3 1 3 1 3 1 3 1 3 1 3 1 3 1 3 1 3 1 3 1 3 1 3 1 3 1 3 1 1 1 1 1 3 1 1 1 1 1 1 3 1 1 1 1 1 1 1 1 1 1 1 1 1 1 1 1 1 1 1 1 1 1 1 1 1 1 1 1 1 1 1 1 1 1 1 1 1 1 1 1 1 1 1 1 1 1 1 1 1 1 1 1 1 1 1 1 1 1 1 1 1 1 1 1 1 1 1 1 1 1 1 1 1 1 1 1 1 1 1 1 1 1 1 1 1 1 1 1 1 1 1 1 1 1 1 1 1 1 1 1 1 1 1 1 1 1 1 1 1 1 1 1 1 1 1 1 1 1 1 1 1 1 1 1 1 1 1 1 1 1 1 1 1 1 1 1 1 1 1 1 1 1 1 1 1 1 1 1 1 1 1 1 1 1 1 1 1 1 1 1 1 1 1 1 1 1 1 1 1 1 1 1 1 1 1 1 1 1 1 1 1 1 1 1 1 1 1 1 1 1 1 1 1 1 1 1 1 1 1 100 1 100 1 1 1 1 1 1 1 1 1 1 1 1 1 1 1 1 1 1 1 1 1 1 1 1
ciInstanceKlass java/lang/reflect/RecordComponent 0 0 196 10 100 12 1 1 1 9 100 12 1 1 1 9 12 1 1 9 12 1 10 12 1 1 10 12 1 1 10 100 12 1 1 1 10 12 1 1 9 12 1 1 10 12 1 1 10 12 1 1 10 12 1 10 100 12 1 1 10 100 12 1 1 9 12 1 1 10 100 12 1 1 1 11 100 12 1 1 1 10 9 100 12 1 1 1 10 100 12 1 1 1 9 12 1 1 10 100 12 1 1 1 10 12 1 1 11 100 12 1 1 10 100 12 1 1 100 1 9 12 1 9 12 1 1 9 12 1 10 100 12 1 1 1 10 12 1 1 10 12 1 1 100 1 10 10 12 1 10 12 1 1 8 1 10 12 1 10 12 1 9 12 1 100 1 1 1 1 1 1 1 1 1 1 1 1 1 1 1 1 1 1 1 1 1 1 100 1 1 1 1 1 1 100 1 1
ciInstanceKlass java/util/Iterator 1 1 53 100 1 8 1 10 12 1 1 10 7 12 1 1 1 11 7 12 1 1 1 11 12 1 1 11 7 12 1 1 1 100 1 1 1 1 1 1 1 1 1 1 1 1 1 1 1 1 1 1 1 1 1
instanceKlass jakarta/websocket/CloseReason$CloseCodes
instanceKlass jakarta/servlet/DispatcherType
instanceKlass org/springframework/boot/web/servlet/server/Encoding$Type
instanceKlass org/h2/expression/aggregate/AggregateType
instanceKlass org/h2/mvstore/db/MVTable$TraceLockEvent
instanceKlass org/h2/engine/IsolationLevel
instanceKlass org/h2/engine/SessionLocal$State
instanceKlass org/h2/mvstore/MVMap$Decision
instanceKlass org/h2/store/FileLockMethod
instanceKlass org/h2/mode/DefaultNullOrdering
instanceKlass org/h2/api/IntervalQualifier
instanceKlass org/h2/engine/Mode$ViewExpressionNames
instanceKlass org/h2/engine/Mode$ExpressionNames
instanceKlass org/h2/engine/Mode$CharPadding
instanceKlass org/h2/engine/NullsDistinct
instanceKlass org/h2/engine/Mode$ModeEnum
instanceKlass org/springframework/boot/jdbc/DatabaseDriver
instanceKlass org/apache/catalina/WebResourceRoot$ArchiveIndexStrategy
instanceKlass jakarta/servlet/SessionTrackingMode
instanceKlass org/apache/tomcat/util/net/SocketEvent
instanceKlass jdk/internal/icu/util/CodePointTrie$ValueWidth
instanceKlass jdk/internal/icu/util/CodePointTrie$Type
instanceKlass java/text/Normalizer$Form
instanceKlass sun/security/util/DisabledAlgorithmConstraints$Constraint$Operator
instanceKlass sun/security/rsa/RSAUtil$KeyType
instanceKlass org/apache/coyote/ContinueResponseTiming
instanceKlass org/apache/tomcat/util/net/AbstractEndpoint$BindState
instanceKlass org/apache/tomcat/util/buf/EncodedSolidusHandling
instanceKlass java/security/DrbgParameters$Capability
instanceKlass org/springframework/boot/autoconfigure/web/servlet/WebMvcProperties$MatchingStrategy
instanceKlass org/springframework/boot/web/servlet/server/Session$SessionTrackingMode
instanceKlass org/springframework/boot/autoconfigure/web/ServerProperties$Jetty$Accesslog$FORMAT
instanceKlass org/springframework/boot/autoconfigure/web/ErrorProperties$IncludeAttribute
instanceKlass org/springframework/data/projection/ProxyProjectionFactory$PropertyAccessingMethodInvokerFactory
instanceKlass org/springframework/data/projection/ProxyProjectionFactory$MapAccessingMethodInterceptorFactory
instanceKlass org/springframework/data/util/NullableWrapperConverters$GuavaOptionalUnwrapper
instanceKlass org/springframework/data/util/NullableWrapperConverters$Jdk8OptionalUnwrapper
instanceKlass org/springframework/data/util/NullableWrapperConverters$WrapperType$Cardinality
instanceKlass org/springframework/data/convert/Jsr310Converters$StringToInstantConverter
instanceKlass org/springframework/data/convert/Jsr310Converters$StringToLocalDateTimeConverter
instanceKlass org/springframework/data/convert/Jsr310Converters$StringToLocalDateConverter
instanceKlass org/springframework/data/convert/Jsr310Converters$StringToPeriodConverter
instanceKlass org/springframework/data/convert/Jsr310Converters$PeriodToStringConverter
instanceKlass org/springframework/data/convert/Jsr310Converters$StringToDurationConverter
instanceKlass org/springframework/data/convert/Jsr310Converters$DurationToStringConverter
instanceKlass org/springframework/data/convert/Jsr310Converters$StringToZoneIdConverter
instanceKlass org/springframework/data/convert/Jsr310Converters$ZoneIdToStringConverter
instanceKlass org/springframework/data/convert/Jsr310Converters$InstantToLocalDateTimeConverter
instanceKlass org/springframework/data/convert/Jsr310Converters$LocalDateTimeToInstantConverter
instanceKlass org/springframework/data/convert/Jsr310Converters$InstantToDateConverter
instanceKlass org/springframework/data/convert/Jsr310Converters$DateToInstantConverter
instanceKlass org/springframework/data/convert/Jsr310Converters$LocalTimeToDateConverter
instanceKlass org/springframework/data/convert/Jsr310Converters$DateToLocalTimeConverter
instanceKlass org/springframework/data/convert/Jsr310Converters$LocalDateToDateConverter
instanceKlass org/springframework/data/convert/Jsr310Converters$DateToLocalDateConverter
instanceKlass org/springframework/data/convert/Jsr310Converters$LocalDateTimeToDateConverter
instanceKlass org/springframework/data/convert/Jsr310Converters$DateToLocalDateTimeConverter
instanceKlass org/springframework/web/bind/annotation/RequestMethod
instanceKlass java/lang/constant/DirectMethodHandleDesc$Kind
instanceKlass java/lang/invoke/VarHandle$VarHandleDesc$Kind
instanceKlass jakarta/persistence/SynchronizationType
instanceKlass jakarta/persistence/PersistenceContextType
instanceKlass org/springframework/boot/sql/init/DatabaseInitializationMode
instanceKlass org/springframework/boot/autoconfigure/reactor/ReactorProperties$ContextPropagationMode
instanceKlass com/google/gson/FieldNamingPolicy
instanceKlass com/google/gson/LongSerializationPolicy
instanceKlass org/springframework/data/util/ReactiveWrappers$ReactiveLibrary
instanceKlass org/springframework/util/ConcurrentLruCache$CacheEntryState
instanceKlass org/springframework/util/ConcurrentLruCache$DrainStatus
instanceKlass org/springframework/data/repository/config/BootstrapMode
instanceKlass org/springframework/data/repository/query/QueryLookupStrategy$Key
instanceKlass org/springframework/boot/autoconfigure/jackson/JacksonProperties$ConstructorDetectorStrategy
instanceKlass org/springframework/orm/jpa/vendor/Database
instanceKlass org/springframework/boot/jdbc/EmbeddedDatabaseConnection
instanceKlass org/springframework/boot/autoconfigure/web/WebProperties$LocaleResolver
instanceKlass org/springframework/validation/DefaultMessageCodesResolver$Format
instanceKlass org/springframework/boot/web/server/Shutdown
instanceKlass org/springframework/boot/autoconfigure/web/ServerProperties$ForwardHeadersStrategy
instanceKlass org/springframework/context/annotation/AdviceMode
instanceKlass org/springframework/boot/autoconfigure/cache/CacheType
instanceKlass org/springframework/boot/jdbc/DataSourceBuilder$DataSourceProperty
instanceKlass org/springframework/boot/autoconfigure/thread/Threading
instanceKlass org/springframework/boot/autoconfigure/condition/SearchStrategy
instanceKlass org/springframework/boot/autoconfigure/condition/ConditionalOnWebApplication$Type
instanceKlass org/apache/catalina/authenticator/AuthenticatorBase$AllowCorsPreflight
instanceKlass org/springframework/jdbc/datasource/embedded/EmbeddedDatabaseType
instanceKlass org/springframework/boot/autoconfigure/condition/ConditionMessage$Style
instanceKlass org/springframework/boot/autoconfigure/condition/FilteringSpringBootCondition$ClassNameFilter
instanceKlass sun/security/util/KnownOIDs
instanceKlass org/apache/catalina/LifecycleState
instanceKlass org/apache/tomcat/util/http/SameSiteCookies
instanceKlass com/fasterxml/jackson/annotation/PropertyAccessor
instanceKlass java/nio/file/FileTreeWalker$EventType
instanceKlass java/nio/file/FileVisitOption
instanceKlass java/nio/file/AccessMode
instanceKlass java/util/Comparators$NaturalOrderComparator
instanceKlass org/springframework/context/annotation/ConfigurationCondition$ConfigurationPhase
instanceKlass com/fasterxml/jackson/annotation/JsonCreator$Mode
instanceKlass com/fasterxml/jackson/core/JsonParser$NumberType
instanceKlass org/springframework/expression/spel/SpelCompilerMode
instanceKlass com/fasterxml/jackson/databind/DeserializationFeature
instanceKlass com/fasterxml/jackson/databind/cfg/JsonNodeFeature
instanceKlass com/fasterxml/jackson/databind/cfg/EnumFeature
instanceKlass com/fasterxml/jackson/databind/SerializationFeature
instanceKlass com/fasterxml/jackson/databind/MapperFeature
instanceKlass com/fasterxml/jackson/annotation/JsonFormat$Shape
instanceKlass com/fasterxml/jackson/databind/cfg/CoercionInputShape
instanceKlass com/fasterxml/jackson/databind/cfg/CoercionAction
instanceKlass com/fasterxml/jackson/databind/type/LogicalType
instanceKlass com/fasterxml/jackson/annotation/JsonAutoDetect$Visibility
instanceKlass com/fasterxml/jackson/annotation/Nulls
instanceKlass com/fasterxml/jackson/annotation/JsonInclude$Include
instanceKlass com/fasterxml/jackson/core/JsonGenerator$Feature
instanceKlass com/fasterxml/jackson/core/JsonParser$Feature
instanceKlass com/fasterxml/jackson/core/JsonFactory$Feature
instanceKlass org/springframework/context/annotation/FilterType
instanceKlass com/fasterxml/jackson/core/Base64Variant$PaddingReadBehaviour
instanceKlass sun/util/locale/provider/LocaleProviderAdapter$Type
instanceKlass java/math/RoundingMode
instanceKlass com/fasterxml/jackson/databind/util/internal/PrivateMaxEntriesMap$DrainStatus
instanceKlass org/springframework/security/rsa/crypto/RsaAlgorithm
instanceKlass org/springframework/context/annotation/ScopedProxyMode
instanceKlass org/springframework/core/annotation/MergedAnnotation$Adapt
instanceKlass com/fasterxml/jackson/core/JsonEncoding
instanceKlass jdk/xml/internal/XMLSecurityManager$NameMap
instanceKlass jdk/xml/internal/XMLSecurityManager$Processor
instanceKlass jdk/xml/internal/XMLSecurityManager$Limit
instanceKlass com/sun/org/apache/xalan/internal/utils/XMLSecurityPropertyManager$Property
instanceKlass com/sun/org/apache/xalan/internal/utils/FeaturePropertyBase$State
instanceKlass jdk/xml/internal/JdkProperty$State
instanceKlass jdk/xml/internal/JdkProperty$ImplPropMap
instanceKlass jdk/xml/internal/JdkXmlFeatures$XmlFeature
instanceKlass org/springframework/boot/ansi/AnsiStyle
instanceKlass ch/qos/logback/core/pattern/parser/TokenStream$TokenizerState
instanceKlass ch/qos/logback/core/subst/Node$Type
instanceKlass ch/qos/logback/core/subst/Token$Type
instanceKlass ch/qos/logback/core/subst/Tokenizer$TokenizerState
instanceKlass org/springframework/core/NativeDetector$Context
instanceKlass java/nio/file/attribute/PosixFilePermission
instanceKlass org/springframework/boot/logging/logback/RollingPolicySystemProperty
instanceKlass org/springframework/boot/logging/LoggingSystemProperty
instanceKlass org/springframework/boot/ansi/AnsiColor
instanceKlass org/springframework/boot/ansi/AnsiOutput$Enabled
instanceKlass java/lang/Thread$State
instanceKlass java/lang/invoke/MethodHandleImpl$ArrayAccess
instanceKlass org/springframework/boot/context/config/Profiles$Type
instanceKlass org/springframework/boot/context/config/LocationResourceLoader$ResourceType
instanceKlass org/springframework/boot/BootstrapRegistry$Scope
instanceKlass org/springframework/boot/context/config/ConfigDataEnvironmentContributor$ImportPhase
instanceKlass org/springframework/boot/context/config/ConfigDataEnvironmentContributor$Kind
instanceKlass org/springframework/boot/context/config/ConfigData$Option
instanceKlass org/springframework/boot/context/properties/source/ConfigurationPropertyState
instanceKlass org/springframework/boot/context/config/ConfigDataNotFoundAction
instanceKlass org/springframework/boot/context/properties/bind/BindMethod
instanceKlass org/springframework/boot/context/config/ConfigDataEnvironmentContributors$BinderOption
instanceKlass org/springframework/boot/cloud/CloudPlatform
instanceKlass java/util/stream/MatchOps$MatchKind
instanceKlass org/springframework/boot/context/properties/source/ConfigurationPropertyName$Form
instanceKlass java/time/Month
instanceKlass java/time/format/FormatStyle
instanceKlass org/springframework/format/datetime/standard/DateTimeFormatterRegistrar$Type
instanceKlass sun/util/logging/PlatformLogger$Level
instanceKlass java/lang/System$Logger$Level
instanceKlass jdk/internal/logger/BootstrapLogger$LoggingBackend
instanceKlass java/lang/annotation/ElementType
instanceKlass org/springframework/core/annotation/IntrospectionFailureLogger
instanceKlass org/springframework/boot/devtools/restart/FailureHandler$Outcome
instanceKlass java/util/regex/Pattern$Qtype
instanceKlass java/util/stream/Collector$Characteristics
instanceKlass java/lang/StackStreamFactory$WalkerState
instanceKlass java/lang/StackWalker$ExtendedOption
instanceKlass java/lang/StackWalker$Option
instanceKlass org/springframework/boot/context/properties/bind/Bindable$BindRestriction
instanceKlass org/springframework/boot/context/properties/source/ConfigurationPropertyName$ElementType
instanceKlass org/springframework/boot/logging/LogLevel
instanceKlass java/lang/annotation/RetentionPolicy
instanceKlass org/springframework/core/annotation/MergedAnnotations$SearchStrategy
instanceKlass ch/qos/logback/core/spi/FilterReply
instanceKlass java/util/stream/StreamShape
instanceKlass org/springframework/util/ConcurrentReferenceHashMap$TaskOption
instanceKlass org/springframework/util/ConcurrentReferenceHashMap$Restructure
instanceKlass org/springframework/util/ConcurrentReferenceHashMap$ReferenceType
instanceKlass org/springframework/boot/WebApplicationType
instanceKlass org/springframework/boot/Banner$Mode
instanceKlass java/time/format/TextStyle
instanceKlass java/time/format/DateTimeFormatterBuilder$SettingsParser
instanceKlass java/util/Locale$Category
instanceKlass java/time/format/ResolverStyle
instanceKlass java/time/format/SignStyle
instanceKlass java/time/temporal/JulianFields$Field
instanceKlass java/time/temporal/IsoFields$Unit
instanceKlass java/time/temporal/IsoFields$Field
instanceKlass java/time/temporal/ChronoUnit
instanceKlass java/time/temporal/ChronoField
instanceKlass ch/qos/logback/core/joran/spi/ConsoleTarget
instanceKlass ch/qos/logback/classic/spi/Configurator$ExecutionStatus
instanceKlass java/util/stream/StreamOpFlag$Type
instanceKlass java/util/stream/StreamOpFlag
instanceKlass java/lang/invoke/MethodHandles$Lookup$ClassOption
instanceKlass java/lang/invoke/VarHandle$AccessType
instanceKlass java/lang/invoke/VarHandle$AccessMode
instanceKlass java/lang/invoke/MethodHandleImpl$Intrinsic
instanceKlass java/lang/invoke/LambdaForm$BasicType
instanceKlass java/lang/invoke/LambdaForm$Kind
instanceKlass sun/invoke/util/Wrapper
instanceKlass java/util/concurrent/TimeUnit
instanceKlass java/nio/file/LinkOption
instanceKlass sun/nio/fs/WindowsPathType
instanceKlass java/nio/file/StandardOpenOption
instanceKlass java/io/File$PathStatus
instanceKlass java/lang/module/ModuleDescriptor$Requires$Modifier
instanceKlass java/lang/module/ModuleDescriptor$Modifier
ciInstanceKlass java/lang/Enum 1 1 188 9 7 12 1 1 1 9 12 1 1 10 7 12 1 1 1 10 12 1 1 100 1 10 10 12 1 1 10 12 1 100 1 10 10 7 12 1 1 10 12 1 1 18 12 1 1 10 100 12 1 1 1 10 12 1 1 11 7 12 1 1 1 100 1 8 1 10 12 1 7 1 7 1 10 8 1 10 12 1 1 10 12 1 1 8 1 10 12 1 10 100 1 8 1 10 10 12 1 1 10 100 12 1 1 1 100 1 100 1 100 1 1 1 1 1 1 1 1 1 1 1 1 1 1 1 1 1 1 1 1 1 1 1 1 1 1 1 1 1 1 1 1 1 1 1 1 1 1 1 1 1 100 1 100 1 1 100 1 1 1 1 1 1 1 1 1 1 1 15 10 100 12 1 1 1 16 15 10 12 16 1 1 100 1 100 1 1
ciInstanceKlass java/lang/System 1 1 803 10 100 12 1 1 1 9 7 12 1 1 1 10 12 1 10 12 1 1 10 12 1 1 10 12 1 9 12 1 1 10 7 12 1 1 1 11 7 12 1 1 1 10 100 12 1 1 1 10 12 1 1 10 12 1 1 100 1 8 1 10 12 1 10 100 12 1 1 1 10 7 12 1 1 1 18 12 1 1 10 100 12 1 1 1 100 1 10 12 1 1 10 100 12 1 1 1 10 12 1 10 7 12 1 1 1 9 100 12 1 1 1 10 100 12 1 1 1 11 7 12 1 1 1 10 12 1 1 10 7 12 1 1 1 100 1 10 10 12 1 1 8 1 10 12 1 8 1 10 12 1 9 12 1 1 8 1 10 7 12 1 1 1 10 12 1 1 100 1 8 1 10 9 12 1 1 8 1 10 12 1 1 10 100 12 1 1 1 8 1 10 12 1 100 1 10 12 1 8 1 10 12 1 10 12 1 1 100 1 10 12 10 12 1 9 12 1 1 9 12 1 1 10 7 12 1 1 1 10 7 12 1 1 1 10 12 1 1 10 12 1 10 12 1 10 7 12 1 1 1 10 12 1 100 1 100 1 8 1 10 12 1 10 12 1 1 7 1 10 12 1 100 1 8 1 10 10 12 1 100 1 8 1 10 8 1 10 7 12 1 1 8 1 10 12 100 1 8 1 10 10 12 1 1 10 7 12 1 1 1 100 1 18 12 1 100 1 9 100 12 1 1 1 10 12 1 100 1 10 12 1 1 10 12 1 1 10 7 12 1 1 1 10 12 1 1 10 12 1 10 12 1 10 12 1 1 10 12 1 7 1 10 12 1 10 12 1 100 1 10 12 1 10 7 12 1 1 1 100 1 8 1 10 9 12 1 9 12 1 10 12 1 10 100 12 1 1 10 12 1 10 12 1 1 8 1 10 12 1 1 8 1 11 12 1 10 12 11 12 1 1 11 7 12 1 1 1 11 7 12 1 1 11 12 1 1 7 1 11 12 1 10 12 1 8 1 10 12 1 1 8 1 8 1 8 1 8 1 11 12 1 10 12 1 10 12 1 10 12 1 10 7 12 1 1 8 1 7 1 9 7 12 1 1 1 10 12 1 7 1 9 12 10 9 12 7 1 10 12 8 1 10 12 1 1 8 1 10 7 12 1 1 10 12 1 10 7 12 1 1 1 10 12 1 1 10 7 12 1 1 1 10 12 10 7 12 1 1 1 9 12 1 1 100 1 8 1 10 12 1 1 10 7 12 1 1 1 7 1 10 12 1 1 8 1 10 8 1 8 1 8 1 8 1 10 10 7 12 1 1 10 12 1 1 10 12 1 1 10 12 1 1 10 12 1 10 100 12 1 1 1 10 100 1 8 1 10 10 10 12 1 1 10 12 1 1 8 1 10 12 1 8 1 10 12 1 10 12 1 1 7 1 10 10 12 1 10 12 1 9 12 1 1 1 3 1 3 1 1 1 1 1 1 1 1 1 1 1 1 100 1 1 100 1 1 1 1 1 1 1 1 1 1 1 100 1 100 1 1 1 1 1 1 1 1 1 1 1 1 1 1 1 1 1 1 1 1 1 1 1 1 1 1 1 1 1 1 1 1 1 1 1 1 1 1 1 1 1 1 1 1 1 1 1 1 1 1 1 1 1 1 1 1 1 1 100 1 1 1 1 1 1 1 1 1 1 1 1 1 1 1 1 1 1 1 1 1 1 1 1 1 1 1 1 1 1 1 1 1 100 1 1 15 10 100 12 1 1 1 16 15 10 12 1 1 16 15 10 12 16 1 1 1 1 1 1 1 100 1 100 1 1
staticfield java/lang/System in Ljava/io/InputStream; java/io/BufferedInputStream
staticfield java/lang/System out Ljava/io/PrintStream; java/io/PrintStream
staticfield java/lang/System err Ljava/io/PrintStream; java/io/PrintStream
instanceKlass org/springframework/core/DecoratingClassLoader
instanceKlass jdk/internal/reflect/DelegatingClassLoader
instanceKlass java/security/SecureClassLoader
ciInstanceKlass java/lang/ClassLoader 1 1 1098 9 7 12 1 1 1 10 7 12 1 1 1 9 12 1 1 10 7 12 1 1 1 7 1 10 12 1 1 10 12 1 1 9 12 1 1 10 12 1 1 100 1 10 12 1 10 12 1 1 10 7 12 1 1 1 100 1 8 1 10 12 1 10 7 12 1 1 1 10 100 12 1 10 7 1 10 7 1 7 1 7 1 10 12 1 10 12 1 9 12 1 1 10 10 7 12 1 1 1 9 12 1 1 9 12 1 9 12 1 1 9 12 1 9 12 1 1 9 12 1 1 7 1 10 12 1 9 12 1 1 10 12 1 1 10 7 12 1 1 1 9 12 1 9 12 1 1 9 12 1 10 12 1 1 9 12 10 12 1 1 7 1 10 8 1 10 12 1 1 10 12 1 10 7 1 7 1 10 12 1 1 10 7 12 1 1 1 8 1 10 12 1 10 12 1 10 12 1 1 10 12 1 1 10 12 1 1 10 12 1 1 10 12 1 1 10 12 1 7 1 10 12 1 10 100 12 1 1 1 10 12 1 1 10 12 1 10 12 1 10 12 1 10 12 1 10 12 1 1 10 10 12 1 10 12 1 10 100 12 1 1 10 12 1 1 10 12 1 1 10 12 1 100 1 10 12 1 100 1 10 12 1 10 100 12 1 1 1 10 10 12 1 1 10 12 1 1 100 1 8 1 10 8 1 10 12 1 10 12 1 100 1 8 1 10 12 1 1 10 12 1 1 10 10 12 1 1 10 12 1 1 10 12 1 1 10 7 1 10 12 1 1 10 12 1 1 10 12 1 1 10 12 1 1 10 12 1 1 10 12 1 1 10 12 1 10 7 12 1 1 1 10 12 1 10 12 1 10 12 1 1 10 12 1 10 12 1 10 12 1 10 12 1 1 10 12 1 10 12 1 1 8 1 9 12 1 10 12 1 1 8 1 8 1 10 7 12 1 1 100 1 10 10 12 10 12 1 10 12 1 10 12 1 10 12 1 1 10 7 12 1 1 10 12 1 10 7 1 7 1 10 12 1 1 10 12 1 10 7 1 10 12 1 100 1 18 12 1 10 100 12 1 1 1 10 100 12 1 1 1 10 7 12 1 1 10 12 1 1 10 12 1 10 12 1 1 7 1 10 12 1 10 12 1 1 10 7 12 1 1 10 12 1 8 1 100 1 10 10 12 1 9 12 1 10 7 12 1 1 10 12 1 100 1 8 1 10 12 1 10 8 1 8 1 10 12 1 1 10 12 1 1 10 12 1 1 10 100 12 1 1 1 100 1 100 1 10 12 1 1 100 1 100 1 10 100 12 1 1 10 12 1 10 12 1 1 10 12 1 10 12 1 1 10 12 1 1 9 100 12 1 1 1 10 12 1 1 10 12 1 10 12 1 10 12 1 1 10 12 1 8 1 10 12 1 7 1 18 12 1 1 10 12 1 1 10 12 1 10 12 1 10 12 1 8 1 10 12 1 10 12 1 18 12 1 11 100 12 1 1 1 100 1 10 12 1 1 10 12 1 10 11 12 1 1 10 18 10 12 1 1 11 100 12 1 18 12 1 11 12 1 1 10 12 10 12 1 1 10 12 1 1 7 1 8 1 10 10 12 1 8 1 8 1 10 7 12 1 1 10 12 1 100 1 10 10 12 1 8 1 8 1 8 1 10 12 1 10 12 1 1 10 12 1 10 100 12 1 1 1 11 100 12 1 1 100 1 10 11 10 12 1 10 12 1 10 12 1 1 9 100 12 1 1 9 12 1 1 9 12 9 12 1 9 12 1 9 12 1 8 10 12 1 1 10 7 12 1 1 1 10 12 1 1 10 12 1 1 10 12 1 10 10 12 1 11 12 1 1 10 100 12 1 1 1 100 1 10 12 1 10 12 1 10 12 1 1 1 1 1 1 1 1 1 1 1 1 1 1 1 1 1 1 1 1 1 1 1 1 1 1 1 1 100 1 1 1 1 1 1 1 1 1 1 1 1 1 1 1 1 1 1 1 1 1 100 1 1 1 1 1 1 1 1 1 1 7 1 1 1 1 1 1 1 1 1 1 1 1 1 1 1 1 1 1 1 1 1 1 1 1 1 1 1 1 1 1 1 1 1 1 1 1 1 1 1 1 1 100 1 1 1 1 1 1 1 1 1 1 1 1 1 1 1 1 1 1 100 1 1 1 1 1 1 1 1 1 1 1 1 1 1 1 1 1 1 1 1 1 1 1 1 1 1 1 1 1 1 1 1 1 1 1 1 1 1 1 1 1 1 1 1 1 1 1 1 1 1 1 100 1 1 1 1 1 1 1 1 1 1 1 1 1 1 1 1 1 1 1 1 1 1 1 1 1 1 1 1 1 1 1 1 1 1 1 1 1 1 1 1 1 1 1 1 1 1 15 10 100 12 1 1 1 16 1 15 10 12 16 1 16 15 10 12 16 1 16 1 15 10 12 16 15 10 12 16 15 10 12 16 1 1 100 1 100 1 1
staticfield java/lang/ClassLoader nocerts [Ljava/security/cert/Certificate; 0 [Ljava/security/cert/Certificate;
staticfield java/lang/ClassLoader $assertionsDisabled Z 1
ciInstanceKlass jdk/internal/reflect/DelegatingClassLoader 1 1 18 10 7 12 1 1 1 100 1 1 1 1 1 1 1 1 1 1
instanceKlass java/net/URLClassLoader
instanceKlass jdk/internal/loader/BuiltinClassLoader
ciInstanceKlass java/security/SecureClassLoader 1 1 102 10 7 12 1 1 1 7 1 10 12 1 9 7 12 1 1 1 10 12 1 10 12 1 10 12 1 1 10 12 1 1 10 12 1 7 1 10 7 1 10 12 1 7 1 10 12 1 11 7 12 1 1 1 7 1 11 12 1 10 12 1 1 1 1 1 1 1 1 1 1 1 1 1 1 1 1 1 1 1 1 1 1 1 1 1 1 1 1 1 1 1 1 1 1 1 1 100 1 1 1 1
instanceKlass jdk/internal/loader/ClassLoaders$BootClassLoader
instanceKlass jdk/internal/loader/ClassLoaders$PlatformClassLoader
instanceKlass jdk/internal/loader/ClassLoaders$AppClassLoader
ciInstanceKlass jdk/internal/loader/BuiltinClassLoader 1 1 737 9 7 12 1 1 1 10 7 12 1 1 1 10 7 12 1 1 1 9 12 1 1 9 12 1 1 7 1 10 12 1 9 12 1 10 12 1 9 12 1 10 7 12 1 1 1 10 7 12 1 1 1 10 7 12 1 1 1 11 7 12 1 1 1 100 1 100 1 10 10 12 1 1 8 1 10 12 1 10 12 7 1 10 12 1 10 12 1 1 11 7 12 1 1 1 11 7 12 1 1 1 11 12 1 1 7 1 8 1 8 1 10 9 12 1 1 10 7 12 1 1 11 12 1 1 10 12 1 1 10 12 1 1 10 12 1 1 10 7 12 1 1 1 10 12 1 10 100 12 1 1 1 10 12 1 1 11 7 12 1 1 1 10 7 12 1 1 7 1 10 7 12 1 1 1 10 12 1 100 1 8 1 10 12 1 1 10 8 1 10 12 1 1 10 12 1 1 10 12 1 1 11 7 12 1 1 11 12 1 7 1 10 11 12 1 1 11 10 12 1 1 7 1 10 12 1 10 7 12 1 10 12 1 7 1 10 12 1 10 7 12 1 1 1 100 1 10 12 1 1 11 12 1 100 1 100 1 10 12 1 10 12 1 1 100 1 100 1 10 12 1 10 12 1 18 12 1 1 10 12 1 10 12 1 1 18 100 1 10 7 12 1 1 1 7 1 10 10 12 1 1 10 12 1 1 10 12 1 1 10 12 1 9 12 1 1 100 1 10 10 12 1 1 10 12 1 1 10 12 1 10 12 10 12 1 1 10 12 1 1 10 12 1 1 10 12 1 10 12 1 1 18 12 1 7 1 10 12 1 1 10 12 1 10 12 1 1 10 12 1 100 1 10 12 1 7 1 10 12 1 10 7 12 1 1 1 10 12 1 11 12 1 7 1 10 12 1 7 1 100 1 10 12 1 10 12 1 11 12 1 1 10 12 1 1 10 12 1 1 10 12 1 1 10 12 1 1 10 12 1 10 12 1 10 12 1 10 12 1 8 1 10 12 1 1 10 7 12 1 1 10 12 1 100 1 8 1 8 1 10 10 12 1 8 1 8 1 10 7 12 1 1 1 11 7 12 1 1 1 9 7 12 1 1 1 10 7 12 1 1 1 9 12 1 9 12 1 9 12 1 9 12 1 9 12 1 9 12 1 10 7 12 1 1 1 8 1 10 12 1 7 1 10 12 1 1 10 12 1 7 1 10 11 12 1 1 10 12 10 12 1 10 12 1 100 1 10 12 1 10 12 1 10 10 12 1 10 7 12 1 1 8 1 10 7 12 1 1 10 12 1 1 1 1 1 1 1 1 1 1 1 1 1 1 1 1 1 1 1 1 1 1 1 1 1 1 1 1 1 1 1 1 1 1 1 1 1 1 1 1 1 1 1 1 1 1 1 1 1 1 1 1 1 1 1 1 100 1 1 1 1 1 1 1 1 1 1 1 1 1 1 1 1 1 1 100 1 100 1 1 1 1 1 1 1 1 1 1 1 1 1 1 1 1 1 1 1 1 1 1 1 1 1 1 1 1 1 1 1 1 1 1 1 1 1 1 1 1 1 1 1 1 1 1 1 1 1 1 1 100 1 1 15 10 100 12 1 1 1 16 15 10 12 16 15 10 12 16 15 10 12 16 1 1 1 100 1 1 1 1 1 100 1 100 1 1
staticfield jdk/internal/loader/BuiltinClassLoader packageToModule Ljava/util/Map; java/util/concurrent/ConcurrentHashMap
staticfield jdk/internal/loader/BuiltinClassLoader $assertionsDisabled Z 1
ciInstanceKlass java/security/AccessController 1 1 295 10 100 12 1 1 1 10 7 12 1 1 1 10 7 12 1 1 1 10 12 1 1 10 12 1 1 10 7 12 1 1 1 10 12 1 1 10 12 1 10 12 1 1 10 12 1 100 1 8 1 10 12 1 10 12 1 10 12 1 1 10 12 1 100 1 100 1 10 12 1 1 10 12 1 10 12 1 10 12 1 1 10 7 12 1 1 1 10 12 1 1 9 100 12 1 1 1 10 100 12 1 1 1 10 12 1 10 12 1 9 100 12 1 1 1 10 12 1 10 12 1 1 9 12 1 1 10 100 1 10 11 7 12 1 1 1 10 7 12 1 1 11 7 1 100 1 10 12 1 10 12 1 10 12 1 8 1 10 12 1 1 8 1 10 100 12 1 1 1 8 1 100 1 10 10 12 1 1 10 12 1 10 7 12 1 1 1 10 12 1 8 1 10 100 12 1 1 8 1 8 1 10 12 1 8 1 10 12 1 10 12 1 1 10 12 1 1 1 1 1 1 1 1 1 1 1 1 1 1 1 1 1 1 1 1 1 1 1 1 1 1 1 1 100 1 1 1 1 1 1 1 1 1 1 1 1 1 1 1 1 1 1 1 1 1 1 1 1 1 1 1 1 1 1 1 1 1 1 100 1 100 1 1 1 1 1 1 1 1 1 3 1 1 1
staticfield java/security/AccessController $assertionsDisabled Z 1
ciMethod java/lang/ClassLoader createOrGetClassLoaderValueMap ()Ljava/util/concurrent/ConcurrentHashMap; 674 0 5471 0 96
instanceKlass jdk/internal/reflect/GeneratedConstructorAccessor26
instanceKlass jdk/internal/reflect/GeneratedConstructorAccessor25
instanceKlass jdk/internal/reflect/GeneratedConstructorAccessor24
instanceKlass jdk/internal/reflect/GeneratedConstructorAccessor23
instanceKlass jdk/internal/reflect/GeneratedConstructorAccessor22
instanceKlass jdk/internal/reflect/GeneratedConstructorAccessor21
instanceKlass jdk/internal/reflect/GeneratedConstructorAccessor20
instanceKlass jdk/internal/reflect/GeneratedConstructorAccessor19
instanceKlass jdk/internal/reflect/GeneratedConstructorAccessor18
instanceKlass jdk/internal/reflect/GeneratedConstructorAccessor17
instanceKlass jdk/internal/reflect/GeneratedConstructorAccessor16
instanceKlass jdk/internal/reflect/GeneratedConstructorAccessor15
instanceKlass jdk/internal/reflect/GeneratedConstructorAccessor14
instanceKlass jdk/internal/reflect/GeneratedConstructorAccessor13
instanceKlass jdk/internal/reflect/GeneratedConstructorAccessor12
instanceKlass jdk/internal/reflect/GeneratedConstructorAccessor11
instanceKlass jdk/internal/reflect/GeneratedConstructorAccessor10
instanceKlass jdk/internal/reflect/GeneratedConstructorAccessor9
instanceKlass jdk/internal/reflect/GeneratedConstructorAccessor8
instanceKlass jdk/internal/reflect/GeneratedConstructorAccessor7
instanceKlass jdk/internal/reflect/GeneratedConstructorAccessor6
instanceKlass jdk/internal/reflect/GeneratedConstructorAccessor5
instanceKlass jdk/internal/reflect/GeneratedConstructorAccessor4
instanceKlass jdk/internal/reflect/GeneratedConstructorAccessor3
instanceKlass jdk/internal/reflect/GeneratedConstructorAccessor2
instanceKlass jdk/internal/reflect/BootstrapConstructorAccessorImpl
instanceKlass jdk/internal/reflect/GeneratedConstructorAccessor1
instanceKlass jdk/internal/reflect/DelegatingConstructorAccessorImpl
instanceKlass jdk/internal/reflect/NativeConstructorAccessorImpl
ciInstanceKlass jdk/internal/reflect/ConstructorAccessorImpl 1 1 27 10 7 12 1 1 1 100 1 100 1 1 1 1 1 1 1 1 1 100 1 100 1 100 1 1 1
instanceKlass jdk/internal/reflect/FieldAccessorImpl
instanceKlass jdk/internal/reflect/ConstructorAccessorImpl
instanceKlass jdk/internal/reflect/MethodAccessorImpl
ciInstanceKlass jdk/internal/reflect/MagicAccessorImpl 1 1 16 10 7 12 1 1 1 100 1 1 1 1 1 1 1 1
instanceKlass jdk/internal/reflect/GeneratedMethodAccessor2
instanceKlass jdk/internal/reflect/GeneratedMethodAccessor1
instanceKlass jdk/internal/reflect/DelegatingMethodAccessorImpl
instanceKlass jdk/internal/reflect/NativeMethodAccessorImpl
ciInstanceKlass jdk/internal/reflect/MethodAccessorImpl 1 1 25 10 7 12 1 1 1 100 1 100 1 1 1 1 1 1 1 1 1 100 1 100 1 1 1
ciInstanceKlass java/lang/Module 1 1 959 10 7 12 1 1 1 9 7 12 1 1 1 10 7 12 1 1 1 9 12 1 9 12 1 1 9 12 1 1 10 12 1 1 10 12 1 10 12 1 1 10 7 12 1 1 1 7 1 10 7 12 1 1 1 10 12 1 1 11 7 12 1 1 1 10 12 1 1 10 7 12 1 1 1 10 12 1 1 10 7 12 1 1 1 9 100 12 1 1 1 10 100 12 1 1 1 10 12 1 8 1 10 7 12 1 1 1 10 7 12 1 1 1 9 12 1 1 9 12 1 1 10 12 1 9 12 1 1 11 12 1 9 7 12 1 1 10 7 12 1 1 1 10 100 12 1 1 1 10 12 1 1 100 1 100 1 10 10 12 1 1 8 1 10 12 1 10 12 10 12 1 10 12 1 1 10 12 1 1 10 12 1 1 9 7 12 1 1 1 10 12 1 1 10 12 1 1 9 12 1 10 12 1 10 12 1 9 12 1 1 11 7 12 1 1 10 12 1 1 9 12 1 9 12 1 10 12 1 10 12 1 100 1 8 1 10 10 12 1 1 10 12 1 8 1 10 12 1 1 8 1 8 1 10 12 1 1 10 12 1 10 12 1 1 18 12 1 1 10 12 1 1 11 12 1 9 12 1 11 12 10 100 12 1 1 100 1 8 1 10 7 1 11 12 1 1 10 12 1 10 12 1 10 12 1 1 11 12 1 1 11 7 12 1 1 11 12 1 1 9 12 1 11 12 1 10 12 1 1 10 12 1 1 9 12 1 10 12 10 7 12 1 1 10 7 12 1 1 10 7 1 18 12 1 1 11 100 12 1 1 1 18 12 1 11 12 1 1 10 100 12 1 1 1 11 12 1 1 10 7 12 1 1 4 7 1 11 12 1 7 1 7 1 10 10 7 12 1 1 1 10 11 7 12 1 8 1 10 10 12 1 1 10 7 12 1 1 10 12 1 10 12 1 7 1 10 12 1 10 11 12 1 1 10 12 10 12 1 1 9 12 1 100 1 10 10 12 1 1 11 100 1 10 12 1 1 11 12 1 10 10 12 1 11 10 12 1 1 10 12 1 1 10 12 1 1 10 7 12 1 1 10 12 1 10 12 1 1 10 10 12 1 1 10 12 1 18 12 1 11 12 1 18 12 1 10 12 1 10 12 1 10 12 7 1 10 12 1 10 12 1 10 12 1 9 12 1 7 1 10 10 10 10 12 1 10 12 1 10 12 1 10 12 1 1 10 12 1 1 10 12 1 9 12 1 18 12 1 1 10 100 12 1 1 1 100 1 8 1 10 12 1 1 10 12 1 1 10 100 12 1 1 100 1 10 12 1 1 100 1 8 1 100 1 10 100 1 100 1 3 10 12 1 100 1 10 12 1 10 12 1 1 10 12 1 1 100 1 10 12 1 10 12 1 1 100 1 100 1 10 12 8 1 10 12 1 1 10 12 1 1 10 100 12 1 1 10 12 1 1 10 12 1 10 12 10 12 1 1 100 1 10 10 12 1 1 10 100 12 1 1 1 100 1 8 1 10 12 1 1 10 100 12 1 1 8 1 10 12 1 8 1 10 12 1 10 12 10 12 1 8 1 10 10 100 12 1 1 7 1 10 10 12 1 10 7 12 1 1 9 12 1 9 12 1 9 12 1 9 12 1 10 12 11 12 1 10 12 1 100 1 1 1 1 1 1 1 1 1 1 1 1 1 1 1 1 100 1 1 1 1 1 1 1 1 1 1 1 1 1 1 1 1 1 1 1 1 1 1 1 1 1 1 1 1 1 1 1 1 1 1 1 1 1 1 1 1 1 1 1 1 1 1 1 1 1 1 1 1 1 1 1 1 1 1 1 1 1 1 1 1 1 1 1 1 1 1 1 1 1 1 1 1 1 1 1 1 1 1 1 100 100 1 1 1 1 1 1 1 1 1 1 1 1 1 1 1 1 1 1 1 1 1 1 1 1 1 1 1 1 1 1 1 1 1 1 100 1 100 1 7 1 1 1 1 1 1 1 1 1 1 1 1 1 1 1 1 1 1 1 1 1 1 1 1 1 1 1 1 15 10 7 12 1 1 1 16 15 10 12 16 16 15 10 12 16 16 15 10 16 1 15 10 12 16 1 15 10 12 16 1 16 15 10 12 16 1 1 1 1 1 1 1 100 1 100 1 1
staticfield java/lang/Module ALL_UNNAMED_MODULE Ljava/lang/Module; java/lang/Module
staticfield java/lang/Module ALL_UNNAMED_MODULE_SET Ljava/util/Set; java/util/ImmutableCollections$Set12
staticfield java/lang/Module EVERYONE_MODULE Ljava/lang/Module; java/lang/Module
staticfield java/lang/Module EVERYONE_SET Ljava/util/Set; java/util/ImmutableCollections$Set12
staticfield java/lang/Module $assertionsDisabled Z 1
instanceKlass org/springframework/beans/factory/support/ManagedList
ciInstanceKlass java/util/ArrayList 1 1 492 10 7 12 1 1 1 7 1 9 7 12 1 1 1 9 12 1 100 1 100 1 10 8 1 10 12 1 1 10 12 1 10 12 1 1 10 12 1 9 12 1 11 7 12 1 1 1 9 12 1 1 10 12 1 1 7 10 7 12 1 1 1 9 12 1 10 12 1 10 12 1 1 10 7 12 1 1 1 10 7 12 1 1 1 10 12 1 1 10 12 1 1 10 12 1 1 10 12 1 10 12 1 1 100 1 100 1 10 12 1 10 7 12 1 1 1 10 7 12 1 1 10 12 1 10 12 10 12 1 1 10 12 1 1 10 12 1 1 100 1 10 12 1 1 10 12 1 1 10 12 1 100 1 10 11 12 1 1 11 100 12 1 1 1 11 12 1 10 12 1 10 12 1 10 12 1 1 100 1 10 12 1 1 10 10 12 1 1 10 12 1 8 1 8 1 8 1 8 1 10 12 1 1 10 12 1 1 11 12 1 100 1 10 100 12 1 1 10 12 1 10 12 1 1 10 100 12 1 1 10 12 1 10 100 12 1 1 1 11 100 12 1 1 1 10 12 1 100 1 8 1 10 100 1 10 12 1 7 1 10 12 1 10 12 1 1 7 1 10 12 1 10 12 1 1 11 7 12 1 1 7 1 10 12 1 10 12 1 1 11 7 12 1 1 10 12 1 1 10 12 1 1 10 12 1 1 10 12 1 1 11 100 12 1 1 10 12 1 1 100 1 100 1 100 1 1 1 1 5 0 1 3 1 1 1 1 1 1 1 1 1 1 1 1 1 1 1 1 1 1 1 1 1 1 1 1 1 1 1 1 1 1 1 1 1 1 1 1 1 1 1 1 1 1 1 1 1 1 1 1 1 1 1 1 1 1 1 1 1 1 1 1 1 1 1 1 1 1 1 1 1 1 1 1 1 1 1 1 1 1 1 1 1 1 1 1 1 1 1 1 1 1 1 1 1 1 1 1 100 1 1 1 1 100 1 1 1 1 1 1 1 1 1 1 1 1 1 1 1 1 1 1 1 1 1 1 1 1 1 1 1 1 1 100 1 1 1 1 1 1 1 1 1 1 1 1 1 1 1 1 1 1 100 1 100 1 1 1 1 1 1
staticfield java/util/ArrayList EMPTY_ELEMENTDATA [Ljava/lang/Object; 0 [Ljava/lang/Object;
staticfield java/util/ArrayList DEFAULTCAPACITY_EMPTY_ELEMENTDATA [Ljava/lang/Object; 0 [Ljava/lang/Object;
instanceKlass org/h2/value/CaseInsensitiveConcurrentMap
ciInstanceKlass java/util/concurrent/ConcurrentHashMap 1 1 1210 7 1 7 1 3 10 12 1 1 3 100 1 10 7 12 1 1 1 100 1 10 100 12 1 1 1 100 1 11 12 1 1 11 12 1 11 12 1 1 9 12 1 1 9 12 1 1 9 12 1 10 7 12 1 1 1 7 1 10 12 1 1 10 12 1 1 10 7 12 1 1 1 4 10 12 1 9 12 1 10 12 1 1 100 1 10 5 0 10 12 1 10 12 1 1 5 0 10 12 1 1 10 12 1 9 12 1 1 10 12 1 1 9 12 1 9 12 1 1 10 12 1 1 9 12 1 10 12 1 1 9 12 1 1 10 12 1 1 100 1 10 7 1 10 12 1 10 12 1 1 10 12 1 1 10 12 1 1 10 12 1 10 12 1 1 10 12 1 1 100 1 10 12 1 1 7 1 100 1 8 1 10 12 1 10 12 1 1 10 12 1 1 11 7 12 1 1 10 12 1 1 11 12 1 1 11 7 12 1 1 1 11 7 12 1 1 1 11 12 1 7 1 11 12 1 11 12 1 10 12 1 1 10 12 1 1 9 12 1 1 10 100 12 1 1 1 9 10 12 1 1 9 12 1 10 12 1 1 5 0 9 12 1 1 7 1 10 12 1 9 12 1 1 7 1 10 12 1 9 12 1 7 1 10 100 1 10 10 12 1 1 8 1 10 12 1 10 12 1 1 11 100 1 10 12 1 10 100 12 1 1 1 8 1 10 100 12 1 1 1 8 1 10 12 1 8 1 10 12 1 10 12 1 1 10 100 12 1 1 10 12 1 10 12 1 10 12 1 9 12 1 9 10 12 1 9 12 1 1 11 7 12 1 1 1 11 100 12 1 1 1 100 1 10 12 11 100 12 1 1 10 11 7 12 1 10 12 1 100 1 10 12 1 7 1 10 10 9 7 12 1 1 1 10 12 3 10 100 12 1 1 9 12 1 10 12 1 1 9 12 1 1 9 12 1 10 12 1 1 10 100 12 1 1 9 12 1 9 7 12 1 1 10 12 1 1 10 12 1 3 9 12 1 9 12 1 10 12 1 1 7 1 9 3 9 12 1 100 1 10 12 1 9 12 1 10 12 1 9 12 1 10 12 1 9 12 1 10 100 12 1 1 1 100 10 12 1 100 1 5 0 10 100 12 1 1 100 1 10 12 1 1 10 12 1 10 12 1 100 1 10 12 1 10 100 1 100 1 10 10 12 1 10 100 1 10 12 1 10 100 1 10 12 1 10 100 1 10 12 1 1 100 1 10 12 1 10 10 12 1 100 1 10 12 1 10 10 12 1 100 1 10 12 1 10 100 1 10 12 1 10 100 1 10 12 1 10 100 1 10 12 1 10 100 1 10 12 1 10 100 1 10 12 1 10 100 1 10 12 1 10 100 1 10 12 1 10 100 1 10 10 100 1 10 10 100 1 10 10 100 1 10 12 1 10 100 1 10 12 1 10 100 1 10 12 1 10 100 1 10 12 1 10 100 1 10 12 1 10 100 1 10 10 100 1 10 10 100 1 10 10 100 1 10 12 1 10 100 1 10 12 1 10 100 1 10 12 1 10 100 1 10 12 1 10 100 1 10 12 1 10 10 12 1 10 7 12 1 1 1 10 12 1 7 1 7 1 10 12 1 9 12 1 1 9 12 1 1 10 12 1 1 8 10 12 1 1 8 8 8 8 7 10 12 1 1 10 12 1 100 1 8 1 10 7 1 100 1 100 1 1 1 5 0 1 1 3 1 3 1 1 1 1 3 1 3 1 3 1 1 1 1 1 3 1 3 1 3 1 1 1 1 1 1 1 1 1 1 1 1 1 1 1 1 1 1 1 1 1 1 1 1 1 100 1 1 1 1 1 1 1 1 1 1 1 1 1 1 1 1 1 1 1 1 1 1 1 1 1 1 1 1 1 1 1 1 1 1 1 1 1 1 1 1 1 1 1 1 1 1 1 1 1 1 1 1 1 1 1 1 1 1 1 1 1 1 1 1 1 1 1 1 1 1 1 1 1 1 1 1 1 1 1 1 1 1 1 1 100 1 1 1 1 1 1 1 1 1 1 1 100 1 1 1 1 1 1 1 1 1 1 1 1 1 1 1 1 1 1 1 1 1 1 1 1 1 1 1 1 1 1 1 1 1 1 1 1 1 1 1 1 1 1 1 1 1 1 1 1 1 1 1 1 1 1 1 1 1 1 1 1 1 1 1 1 1 1 1 1 1 1 1 1 1 1 1 1 1 1 1 1 1 1 1 1 1 1 1 1 1 1 1 1 1 1 1 1 1 1 1 1 1 1 1 1 1 1 1 1 1 1 1 1 1 1 1 1 1 1 1 1 1 1 1 1 1 1 1 1 1 1 1 1 1 1 1 1 1 1 1 1 1 1 1 1 1 1 1 1 1 1 1 1 1 1 1 1 1 1 1 1 1 1 1 1 1 1 1 1 1 1 1 1 1 1 1 1 1 1 1 1 1 1 1 1 1 1 1 1 1 1 1 1 1 1 1 1 1 1 1 1 1 1 1 1 1 1 1 1 1 1 1 1 1 1 1 1 1 1 1 1 1 1 1 100 1 100 1 100 1 100 1 100 1 100 1 100 1 100 1 100 1 1 1 1 1 1 1 1 1 1 1 1 1 1 1 1 1 1 1 1 1 1 1 1 1 1 1 1 1 1 1 1 1 1 1 1 1 1 1 1 1 1 1 1 1 1 1 1 1 1 1 1 1 1 1 1 1 1
staticfield java/util/concurrent/ConcurrentHashMap NCPU I 8
staticfield java/util/concurrent/ConcurrentHashMap serialPersistentFields [Ljava/io/ObjectStreamField; 3 [Ljava/io/ObjectStreamField;
staticfield java/util/concurrent/ConcurrentHashMap U Ljdk/internal/misc/Unsafe; jdk/internal/misc/Unsafe
staticfield java/util/concurrent/ConcurrentHashMap SIZECTL J 20
staticfield java/util/concurrent/ConcurrentHashMap TRANSFERINDEX J 32
staticfield java/util/concurrent/ConcurrentHashMap BASECOUNT J 24
staticfield java/util/concurrent/ConcurrentHashMap CELLSBUSY J 36
staticfield java/util/concurrent/ConcurrentHashMap CELLVALUE J 144
staticfield java/util/concurrent/ConcurrentHashMap ABASE I 16
staticfield java/util/concurrent/ConcurrentHashMap ASHIFT I 2
ciInstanceKlass java/lang/String 1 1 1396 10 7 12 1 1 1 8 1 9 7 12 1 1 1 9 12 1 1 9 12 1 1 10 12 1 10 12 1 1 10 12 1 1 9 12 1 1 10 7 12 1 1 1 10 7 1 10 7 12 1 1 1 10 12 1 1 10 12 1 1 10 12 1 10 12 1 1 10 12 1 10 7 12 1 1 1 9 7 12 1 1 1 10 7 12 1 1 1 10 12 1 1 10 12 1 1 10 12 1 1 10 12 1 1 10 12 1 1 9 7 12 1 1 10 12 9 7 12 1 1 3 10 7 12 1 1 1 7 1 11 12 1 1 11 12 1 11 12 1 1 10 100 12 1 1 1 10 12 1 1 9 100 12 1 1 1 10 12 1 1 10 12 1 11 12 1 1 10 12 1 1 10 12 10 12 1 1 10 100 12 1 1 1 10 7 12 1 1 1 10 12 1 1 7 1 100 1 10 12 1 10 12 1 10 12 1 1 100 1 10 12 1 1 100 1 10 12 1 1 10 12 1 1 10 10 12 1 100 1 100 1 7 1 10 12 1 10 12 1 1 10 12 1 1 10 12 1 10 12 1 1 10 12 1 1 10 7 12 1 1 7 1 11 11 12 1 11 12 1 10 12 1 1 10 12 1 10 12 10 12 1 1 10 10 100 12 1 1 1 10 100 12 1 1 10 12 1 1 10 100 12 1 1 10 12 1 10 12 1 1 10 12 1 1 10 12 1 10 12 1 10 12 1 1 100 1 10 12 1 1 10 12 10 12 1 10 12 1 1 10 100 12 1 1 1 10 12 1 10 12 1 1 10 12 1 10 12 1 3 3 10 12 1 10 12 1 1 10 12 1 1 10 12 1 1 10 12 1 10 12 1 1 10 12 1 1 10 12 1 10 12 1 10 12 1 10 12 1 1 10 12 1 10 12 1 10 12 1 10 12 1 10 12 1 10 12 1 10 100 1 10 8 1 10 12 1 1 10 12 1 8 1 10 12 1 1 10 12 10 12 1 8 1 10 10 12 1 1 10 12 1 1 10 12 1 10 12 1 1 10 12 10 100 1 10 10 12 1 10 12 1 10 12 1 10 10 12 1 10 12 1 1 10 12 1 100 1 10 10 12 1 100 1 10 10 12 1 10 12 1 1 10 12 1 10 12 1 1 10 10 12 1 1 10 100 1 10 10 12 1 10 12 1 1 10 12 1 1 10 100 1 10 12 1 10 12 1 10 12 1 10 12 1 1 10 12 1 11 7 1 11 12 10 12 1 10 12 1 1 10 12 1 1 10 10 12 1 10 12 1 9 12 1 1 11 7 12 1 1 1 10 10 12 1 10 12 1 1 10 10 12 1 10 12 1 10 12 1 1 9 12 1 10 12 1 1 10 10 12 1 1 10 12 10 10 12 1 10 12 10 10 12 10 10 12 1 10 12 1 10 12 10 10 12 10 12 1 10 12 10 12 10 10 12 1 10 12 1 1 10 12 1 10 10 12 1 10 7 12 1 1 1 10 12 1 1 10 10 7 12 1 1 1 11 10 12 1 10 12 1 1 10 12 1 1 10 7 12 1 1 1 10 12 1 10 10 12 1 10 12 1 10 12 1 10 100 12 1 1 10 12 1 100 1 100 1 8 1 10 10 10 12 1 8 1 10 12 1 3 3 7 1 10 10 12 1 10 12 1 10 12 1 1 10 12 1 1 11 7 12 1 1 1 7 1 10 12 1 1 10 12 1 10 12 1 1 10 12 1 1 8 1 10 12 1 1 10 12 1 11 7 12 1 1 1 11 7 12 1 1 11 12 1 1 10 12 1 10 12 1 1 10 10 7 12 1 1 1 10 12 1 10 12 1 10 10 12 10 12 1 1 10 10 12 1 10 10 12 1 10 10 12 1 10 10 12 1 10 12 1 1 10 10 12 1 8 1 10 12 1 1 18 12 1 1 11 100 12 1 1 1 7 1 3 18 12 1 18 12 1 8 1 10 100 12 1 1 1 11 12 1 1 10 12 10 10 12 1 10 11 12 1 1 10 12 1 1 11 12 1 18 3 11 10 12 1 11 11 10 12 1 10 12 1 1 8 1 10 12 1 10 12 1 10 12 1 1 10 10 12 1 11 100 12 1 7 1 100 1 10 12 1 7 1 10 10 7 12 1 1 1 100 1 10 7 1 10 10 12 1 10 10 12 1 8 1 10 10 12 1 8 1 8 1 10 12 1 10 12 1 10 10 12 10 100 12 1 1 10 100 12 1 1 10 100 12 1 1 8 1 10 12 1 10 12 1 1 10 10 12 8 1 8 1 10 8 1 8 1 8 1 8 1 10 12 1 10 12 1 8 1 10 100 12 1 1 1 10 12 10 12 1 1 10 12 10 10 12 10 12 7 1 9 12 1 1 7 1 10 100 1 100 1 100 1 100 1 1 1 1 1 1 5 0 1 1 1 1 1 3 1 3 1 1 1 1 1 1 1 1 1 1 1 1 1 1 1 100 1 1 1 100 1 1 1 1 1 1 1 1 1 1 1 1 1 1 1 1 1 1 1 1 1 1 1 1 1 1 1 100 1 1 1 1 1 1 1 1 1 100 1 1 1 1 1 1 1 1 1 1 1 1 1 1 1 1 1 1 1 1 1 1 1 1 1 1 1 1 1 1 1 1 1 1 1 1 1 1 1 1 1 1 1 1 1 1 1 1 1 1 1 1 1 1 1 1 1 1 1 1 1 1 1 1 1 1 1 1 1 1 1 1 1 1 1 1 1 1 1 1 1 1 1 1 1 1 1 1 1 1 1 1 1 1 1 1 1 1 1 1 1 1 1 1 1 1 1 1 1 1 1 1 1 1 1 1 1 1 1 1 1 1 1 1 1 1 1 1 1 1 1 1 1 1 1 1 1 1 1 1 1 1 1 1 1 1 1 1 1 1 1 1 1 1 1 1 1 1 1 1 1 1 1 1 1 1 1 1 1 100 1 1 1 1 1 1 1 1 1 1 1 1 1 1 1 1 1 1 1 1 1 1 1 1 100 1 1 1 1 1 1 1 1 1 1 1 1 1 7 1 1 1 1 1 1 1 1 1 1 1 1 1 1 1 15 10 100 12 1 1 1 16 15 10 12 16 15 10 12 15 10 12 15 10 12 1 1 1 1 100 1 100 1 1 1
staticfield java/lang/String COMPACT_STRINGS Z 1
staticfield java/lang/String serialPersistentFields [Ljava/io/ObjectStreamField; 0 [Ljava/io/ObjectStreamField;
staticfield java/lang/String CASE_INSENSITIVE_ORDER Ljava/util/Comparator; java/lang/String$CaseInsensitiveComparator
ciInstanceKlass java/security/ProtectionDomain 1 1 324 10 7 12 1 1 1 9 7 12 1 1 1 7 1 10 9 12 1 1 9 12 1 1 9 12 1 1 10 7 12 1 1 7 1 9 12 1 9 12 1 1 7 1 9 12 1 1 9 12 1 10 7 12 1 1 10 7 12 1 1 1 10 12 1 1 10 12 1 9 12 1 9 100 12 1 1 10 12 1 1 10 100 1 10 12 1 1 8 1 100 1 8 1 10 12 1 10 10 100 12 1 1 1 10 12 1 1 8 1 11 8 1 10 12 1 8 1 8 1 10 12 1 1 10 12 1 10 12 1 1 10 12 1 8 1 10 12 1 8 1 8 1 10 100 12 1 1 1 9 100 12 1 1 1 10 12 1 1 9 100 12 1 1 1 10 100 12 1 1 1 100 1 100 1 10 12 1 10 100 12 1 1 1 10 100 1 10 12 1 10 12 1 1 11 100 12 1 1 11 12 1 100 1 11 100 12 1 1 1 10 12 1 10 11 12 1 1 11 12 1 1 10 12 1 10 7 12 1 1 10 100 12 1 1 11 12 1 10 12 8 1 8 1 10 7 12 1 1 1 7 1 10 10 7 12 1 1 1 1 1 1 1 1 1 1 100 1 1 100 1 1 1 1 1 1 1 1 1 1 1 1 1 1 1 1 1 1 1 1 1 1 1 1 1 1 1 1 1 1 1 1 1 1 1 1 1 1 1 1 1 1 100 1 1 1 1 1 100 1 1 1 1 1
staticfield java/security/ProtectionDomain filePermCompatInPD Z 0
ciInstanceKlass java/security/CodeSource 1 1 395 10 7 12 1 1 1 9 7 12 1 1 1 9 12 1 1 9 12 1 1 9 12 1 1 10 7 12 1 1 1 9 12 1 1 10 100 12 1 1 10 100 10 7 12 1 1 1 10 100 12 1 1 1 10 12 1 1 100 1 10 10 100 12 1 1 1 10 100 12 1 1 1 10 12 1 1 10 12 1 100 1 10 12 1 1 10 12 1 1 10 12 1 1 10 12 1 10 10 10 12 1 1 10 7 12 1 1 1 10 12 1 10 12 1 10 12 1 8 1 10 12 1 10 12 1 10 12 1 1 10 12 1 8 1 10 12 1 1 10 100 1 10 10 12 1 1 8 1 10 12 1 10 12 1 10 12 1 8 1 8 1 9 12 1 1 100 1 8 1 10 12 1 10 12 1 1 8 1 10 12 1 8 1 8 1 8 1 10 100 12 1 1 10 12 1 1 10 12 1 10 12 1 1 10 12 1 1 10 12 1 1 100 1 100 1 10 12 1 10 12 10 12 1 1 10 100 12 1 1 10 12 1 100 1 10 12 10 8 1 10 12 1 10 12 1 10 12 1 1 100 1 10 12 1 1 100 1 100 1 8 1 8 1 10 10 12 1 1 10 100 12 1 1 1 100 1 10 12 10 12 1 1 11 100 12 1 1 10 10 12 1 11 10 12 1 8 1 100 1 10 12 1 10 12 1 1 10 12 1 11 12 1 1 11 100 1 1 1 1 5 0 1 1 1 1 1 1 1 1 1 1 1 1 1 1 1 1 1 1 1 1 1 1 1 1 1 1 1 1 1 1 1 1 1 1 1 1 1 1 1 1 1 1 1 1 1 1 1 1 1 1 1 1 1 1 1 1 1 1 1 1 1 1 1 1 1 100 1 1 1 1 1 1 1
ciInstanceKlass java/lang/StringBuilder 1 1 409 10 7 12 1 1 1 10 12 1 10 12 1 10 12 1 1 10 7 12 1 1 1 10 7 12 1 1 1 10 12 1 10 12 1 10 12 1 10 12 1 10 12 1 10 12 1 10 12 1 10 12 1 10 12 1 10 12 1 10 12 1 10 12 1 10 12 1 10 12 1 1 10 12 1 10 12 1 1 10 12 1 1 10 12 1 10 12 1 10 12 1 10 12 1 10 12 1 10 12 1 10 12 1 10 12 10 12 1 10 12 1 10 12 1 10 12 1 1 10 12 1 10 12 1 10 12 10 12 1 1 10 12 1 1 9 12 1 1 9 12 1 1 10 7 12 1 1 1 10 7 1 10 100 12 1 1 1 10 12 1 10 12 1 1 10 12 1 1 10 10 12 1 1 10 100 12 1 1 10 12 1 10 12 1 1 100 1 100 1 8 1 10 10 12 1 1 10 12 1 1 10 12 1 10 12 1 10 12 1 10 12 1 10 12 1 10 12 1 10 12 1 10 12 1 10 12 1 10 12 1 10 12 1 10 12 1 10 12 1 10 12 1 10 12 1 1 10 12 1 1 10 12 1 10 12 1 10 12 1 10 12 10 12 10 12 1 10 12 1 10 12 1 10 12 10 12 1 10 12 1 10 12 1 10 12 1 10 12 1 10 12 1 10 12 1 10 12 1 10 12 1 1 10 12 1 10 12 1 1 10 12 1 10 12 1 1 10 12 1 10 12 1 1 10 12 1 10 12 1 10 12 1 10 10 12 1 10 12 1 100 1 100 1 100 1 1 1 1 5 0 1 1 1 1 1 1 1 1 1 1 1 1 1 1 1 1 1 1 1 1 1 1 1 1 1 1 1 1 1 1 1 1 1 1 1 1 1 1 1 1 1 1 1 100 1 1 1 100 1 1 1 1 1 1 1 1 1 1
ciInstanceKlass jdk/internal/reflect/Reflection 1 1 376 10 100 12 1 1 1 10 7 12 1 1 1 10 12 1 1 10 7 12 1 1 1 10 100 12 1 1 1 11 100 12 1 1 1 100 1 100 1 10 8 1 10 12 1 1 10 12 1 10 12 1 1 10 12 1 10 7 12 1 1 1 10 12 1 1 10 12 1 1 10 7 12 1 1 1 10 12 1 1 10 12 1 10 12 1 10 12 1 10 12 1 10 12 1 10 7 12 1 1 1 10 12 1 10 12 1 1 10 12 1 1 10 12 1 1 9 12 1 1 10 12 1 1 9 12 1 11 7 12 1 1 100 1 8 1 10 7 1 10 12 1 11 7 12 1 1 1 11 12 1 1 10 12 1 1 7 1 7 1 10 12 1 8 1 11 12 1 1 10 100 12 1 1 1 100 1 11 100 12 1 1 10 7 12 1 1 10 7 12 1 1 1 7 1 10 12 1 1 10 12 1 1 11 100 12 1 1 1 10 12 1 8 1 10 12 1 1 8 1 8 1 8 1 8 1 8 1 10 12 1 8 1 8 1 8 1 8 1 100 1 10 8 1 11 12 1 1 9 12 1 1 7 1 8 1 8 1 11 12 1 7 1 7 1 7 1 7 1 8 1 11 12 1 11 12 1 1 1 1 1 1 1 1 1 1 1 1 1 1 1 1 1 1 1 1 1 1 1 1 1 1 1 1 1 1 1 1 1 1 1 1 1 1 1 1 1 1 1 1 1 1 1 1 1 1 1 1 1 1 1 1 1 1 1 1 1 1 1 1 1 1 1 1 1 1 1 1 1 1 1 1 1 1 1 1 1 1 1 1 1 1 1 1 1 1 1 1 1 100 1 1 1 1 1 1
staticfield jdk/internal/reflect/Reflection ALL_MEMBERS Ljava/util/Set; java/util/ImmutableCollections$Set12
ciInstanceKlass jdk/internal/misc/VM 1 1 314 10 7 12 1 1 1 9 7 12 1 1 1 9 12 1 1 100 1 100 1 10 8 1 10 12 1 1 10 12 1 10 12 1 1 10 12 1 10 12 1 10 12 1 10 12 1 10 12 1 9 12 1 1 9 12 1 1 9 12 1 3 10 7 12 1 1 1 9 12 1 1 100 1 8 1 10 11 7 12 1 1 1 7 1 10 100 12 1 1 1 8 1 8 1 10 12 1 1 8 1 10 12 1 1 10 7 12 1 1 1 10 12 1 1 10 100 12 1 1 1 5 0 8 1 8 1 8 1 10 12 1 1 10 12 1 1 10 7 12 1 1 1 10 12 1 10 12 1 9 12 1 100 1 10 12 1 10 7 12 1 1 9 12 1 9 12 1 9 7 12 1 1 1 9 12 1 9 12 1 9 12 1 9 12 1 9 12 1 10 12 1 10 12 1 10 12 1 10 12 1 10 12 1 9 100 12 1 1 1 5 0 10 1 1 3 1 3 1 3 1 3 1 3 1 1 1 1 1 1 1 3 1 3 1 3 1 1 1 1 1 1 1 100 1 1 1 100 1 1 1 1 1 1 1 1 1 1 1 1 1 1 1 1 1 1 1 1 1 1 1 1 1 1 1 1 1 1 1 1 1 1 1 1 1 1 1 1 1 1 1 1 1 1 1 1 1 1 1 1 1 1 1 1 1 1 100 1 1 100 1 1 1 1
staticfield jdk/internal/misc/VM lock Ljava/lang/Object; java/lang/Object
ciInstanceKlass jdk/internal/loader/ClassLoaders 1 1 183 10 100 12 1 1 1 10 7 12 1 1 1 10 12 1 1 10 100 12 1 1 1 9 7 12 1 1 1 9 12 1 1 9 12 1 1 7 1 11 100 12 1 1 1 100 1 11 12 1 1 11 12 1 1 10 100 12 1 1 1 10 100 12 1 1 1 100 1 100 1 10 7 12 1 1 1 9 12 1 1 10 12 1 1 7 1 10 12 1 1 10 12 1 7 1 8 1 10 7 12 1 1 1 10 12 1 1 7 1 10 12 1 10 12 1 10 12 1 8 1 10 7 12 1 1 8 1 8 1 10 12 1 7 1 10 12 1 10 12 1 10 12 1 1 1 1 1 1 1 1 1 1 1 1 1 1 1 1 1 1 1 1 100 1 1 1 1 1 1 1 1 1 1 1 1 1 1 1 1 1 1 1
staticfield jdk/internal/loader/ClassLoaders JLA Ljdk/internal/access/JavaLangAccess; java/lang/System$2
staticfield jdk/internal/loader/ClassLoaders BOOT_LOADER Ljdk/internal/loader/ClassLoaders$BootClassLoader; jdk/internal/loader/ClassLoaders$BootClassLoader
staticfield jdk/internal/loader/ClassLoaders PLATFORM_LOADER Ljdk/internal/loader/ClassLoaders$PlatformClassLoader; jdk/internal/loader/ClassLoaders$PlatformClassLoader
staticfield jdk/internal/loader/ClassLoaders APP_LOADER Ljdk/internal/loader/ClassLoaders$AppClassLoader; jdk/internal/loader/ClassLoaders$AppClassLoader
ciInstanceKlass jdk/internal/misc/Unsafe 1 1 1285 10 7 12 1 1 1 9 7 12 1 1 1 9 12 1 1 10 12 1 1 10 7 12 1 1 1 10 12 1 1 10 12 1 1 10 12 1 1 10 12 1 1 10 12 1 1 10 12 1 1 10 12 1 1 10 12 1 1 10 12 1 1 10 12 1 1 10 12 1 1 10 12 1 1 10 12 1 1 10 12 1 10 12 1 100 1 10 10 12 1 1 10 12 1 1 5 0 10 12 1 1 10 12 1 1 10 7 12 1 1 1 10 12 1 1 10 12 1 10 12 1 10 12 1 1 10 12 1 1 10 12 1 10 12 1 100 1 100 1 10 8 1 10 12 1 1 10 12 1 8 1 10 12 1 1 10 12 1 10 12 1 10 12 1 1 10 12 1 10 12 1 1 10 12 1 1 10 12 1 10 12 1 10 12 1 10 12 1 1 10 12 1 10 12 1 10 12 1 1 10 12 1 5 0 5 0 5 0 10 12 1 10 12 1 10 12 1 10 12 1 10 12 1 10 12 1 10 12 1 10 12 1 10 12 1 1 10 12 1 10 12 1 100 1 8 1 10 100 1 10 10 12 1 1 10 12 1 1 10 12 1 10 12 1 1 10 12 1 1 10 12 1 10 12 1 1 10 12 1 9 7 12 1 1 9 12 1 100 1 10 10 12 1 1 8 1 10 8 1 8 1 10 12 1 1 9 7 12 1 1 1 9 100 1 9 7 1 9 7 1 9 9 100 1 9 100 1 9 100 1 10 12 1 1 10 12 1 1 10 12 1 1 10 12 1 1 5 0 5 0 9 12 1 1 10 12 1 10 12 1 10 12 1 1 10 12 1 1 10 12 1 8 1 3 10 12 1 1 10 12 1 1 10 12 1 10 12 1 1 10 12 1 1 10 12 1 10 12 1 10 12 1 10 12 1 10 12 1 10 12 1 1 10 12 1 1 10 12 1 10 12 1 10 12 1 10 12 1 10 12 1 10 12 1 1 10 12 1 1 10 12 1 10 12 1 10 12 1 10 12 1 10 12 1 10 12 1 1 10 12 1 1 10 12 1 1 10 12 1 1 10 12 1 10 12 1 10 12 1 10 12 1 10 12 1 10 12 1 10 12 1 1 10 12 1 1 10 12 1 10 12 1 10 12 1 10 12 1 10 12 1 10 12 1 10 12 1 1 10 12 1 1 10 12 1 10 12 1 10 12 1 10 12 1 10 12 1 10 12 1 10 12 1 10 12 1 1 10 12 1 10 12 1 10 12 1 10 12 1 10 12 1 1 10 12 1 10 12 1 10 12 1 10 12 1 10 12 1 10 12 1 10 12 1 10 12 1 1 10 12 1 10 12 1 10 12 1 10 12 1 10 12 1 10 12 1 1 10 12 1 10 12 1 10 12 1 1 10 12 1 10 12 1 10 12 1 10 12 1 10 12 1 10 12 1 10 12 1 10 12 1 10 12 1 10 12 1 10 12 1 10 12 1 10 12 1 10 12 1 10 12 1 10 12 1 10 12 1 10 12 1 10 12 1 10 12 1 10 12 1 10 12 1 100 1 10 100 1 10 9 12 1 5 0 10 12 1 1 5 0 10 12 1 5 0 10 12 1 10 12 1 10 12 1 1 10 12 1 1 10 12 1 10 12 1 10 12 1 10 12 1 1 10 12 1 10 12 1 10 12 1 10 12 1 10 12 1 1 10 12 1 10 12 1 10 12 1 10 12 1 1 10 12 1 10 12 1 10 12 1 1 10 12 1 10 12 1 10 12 1 10 12 1 1 10 12 1 10 10 12 1 1 10 12 1 10 12 1 1 10 12 1 10 12 5 0 5 0 5 0 10 12 1 1 10 12 1 10 12 1 10 12 10 100 12 1 1 8 1 100 1 11 12 1 1 8 1 11 12 1 1 10 100 12 1 1 10 12 1 10 12 1 10 12 1 10 12 1 10 12 1 1 10 12 1 10 12 1 10 12 1 10 12 1 10 12 1 10 12 1 10 7 1 10 12 1 9 12 1 7 1 9 12 1 7 1 9 12 1 7 1 9 12 1 7 1 9 12 1 7 1 9 12 1 7 1 9 12 1 7 1 9 12 1 7 1 9 12 1 10 12 1 9 12 1 9 12 1 9 12 1 9 12 1 9 12 1 9 12 1 9 12 1 9 12 1 9 12 1 9 12 1 1 1 3 1 1 1 1 1 1 1 1 1 1 1 1 1 1 1 1 1 1 1 1 1 1 1 1 1 1 1 1 1 1 1 1 1 1 1 1 1 1 1 1 1 1 1 1 1 1 1 1 1 1 1 1 1 1 1 1 1 1 1 1 1 1 1 1 1 1 1 1 1 1 1 1 1 1 1 1 1 1 1 1 1 1 1 1 1 1 1 1 1 100 1 1 1 1 1 1 1 1 1 1 1 1 1 1 1 1 1 1 1 1 1 1 1 1 1 1 1 1 1 1 1 1 1 1 1 1 1 1 1 1 1 1 1 1 1 1 1 1 1 1 1 1 1 1 1 1 1 1 1 1 1 1 1 1 1 1 1 1 1 1 1 1 1 1 1 1 1 1 1 1 1 1 1 1 1 1 1 1 1 1 1 1 1 1 1 1 1 1 1 1 1 1 1 1 1 1 1 1 1 1 1 1 1 1 1 1 1 1 1 1 1 1 1 1 1 1 1 1 1 1 1 1 1 1 1 1 1 1 1 1 1 1 1 1 1 1 1 1 1 1 1 1 1 1 1 1 1 1 1 1 1 1 1 1 1 1 1 1 1 1 1 1 1 1 1 1 1 1 1 1 1 1 1 1 1 1 1 1 1 1 1 1 1 1 1 1 1 1 1 1 1 1 1 1 1 1 1 3 1 1 1 1 1 1 1 1 1 1 1 1 1 1 1 1 1 1 1 1 1
staticfield jdk/internal/misc/Unsafe theUnsafe Ljdk/internal/misc/Unsafe; jdk/internal/misc/Unsafe
staticfield jdk/internal/misc/Unsafe ARRAY_BOOLEAN_BASE_OFFSET I 16
staticfield jdk/internal/misc/Unsafe ARRAY_BYTE_BASE_OFFSET I 16
staticfield jdk/internal/misc/Unsafe ARRAY_SHORT_BASE_OFFSET I 16
staticfield jdk/internal/misc/Unsafe ARRAY_CHAR_BASE_OFFSET I 16
staticfield jdk/internal/misc/Unsafe ARRAY_INT_BASE_OFFSET I 16
staticfield jdk/internal/misc/Unsafe ARRAY_LONG_BASE_OFFSET I 16
staticfield jdk/internal/misc/Unsafe ARRAY_FLOAT_BASE_OFFSET I 16
staticfield jdk/internal/misc/Unsafe ARRAY_DOUBLE_BASE_OFFSET I 16
staticfield jdk/internal/misc/Unsafe ARRAY_OBJECT_BASE_OFFSET I 16
staticfield jdk/internal/misc/Unsafe ARRAY_BOOLEAN_INDEX_SCALE I 1
staticfield jdk/internal/misc/Unsafe ARRAY_BYTE_INDEX_SCALE I 1
staticfield jdk/internal/misc/Unsafe ARRAY_SHORT_INDEX_SCALE I 2
staticfield jdk/internal/misc/Unsafe ARRAY_CHAR_INDEX_SCALE I 2
staticfield jdk/internal/misc/Unsafe ARRAY_INT_INDEX_SCALE I 4
staticfield jdk/internal/misc/Unsafe ARRAY_LONG_INDEX_SCALE I 8
staticfield jdk/internal/misc/Unsafe ARRAY_FLOAT_INDEX_SCALE I 4
staticfield jdk/internal/misc/Unsafe ARRAY_DOUBLE_INDEX_SCALE I 8
staticfield jdk/internal/misc/Unsafe ARRAY_OBJECT_INDEX_SCALE I 4
staticfield jdk/internal/misc/Unsafe ADDRESS_SIZE I 8
ciMethod java/lang/ClassLoader checkClassLoaderPermission (Ljava/lang/ClassLoader;Ljava/lang/Class;)V 0 0 1 0 -1
ciMethod java/lang/ClassLoader trySetObjectField (Ljava/lang/String;Ljava/lang/Object;)Z 8 0 4 0 -1
ciInstanceKlass jdk/internal/access/SharedSecrets 1 1 407 10 100 12 1 1 1 9 7 12 1 1 1 8 1 10 7 12 1 1 1 100 1 9 12 1 1 100 1 10 12 1 1 9 12 1 1 9 12 1 1 8 1 9 12 1 1 7 1 9 12 1 1 9 12 1 1 9 12 1 1 7 1 9 12 1 1 7 1 9 12 1 1 100 1 9 12 1 1 100 1 9 12 1 1 100 1 9 12 1 1 7 1 9 12 1 1 9 12 1 1 100 1 100 1 9 12 1 1 100 1 9 12 1 1 100 1 9 12 1 1 7 1 9 12 1 1 9 12 1 1 9 12 1 1 9 12 1 1 100 1 9 12 1 1 100 1 9 12 1 1 9 12 1 1 100 1 9 12 1 1 100 1 9 12 1 1 100 1 9 12 1 1 100 1 9 12 1 1 100 1 9 12 1 1 100 1 10 7 12 1 1 1 10 7 12 1 1 1 100 1 9 12 1 1 1 1 1 1 1 1 1 1 1 1 1 100 1 1 100 1 1 1 1 1 1 1 1 1 1 1 1 1 100 1 1 1 1 1 1 100 1 1 1 1 1 1 1 1 1 1 1 1 1 1 1 100 1 1 1 1 1 100 1 1 1 1 1 1 100 1 1 1 1 1 1 100 1 1 1 1 1 100 1 1 1 1 1 1 100 1 1 1 1 1 1 100 1 1 1 1 1 1 100 1 1 1 1 1 1 100 1 1 1 1 1 1 100 1 1 1 100 1 1 1 1 1 1 1 1 1 1 1 1 1 1 1 1 1 1 1 100 1 1 1 1 1 100 1 1 1 1 1 100 1 1 1 1 1 100 1 1 1 1 1 1 1 1 100 1 1 1 1 1 1 100 1 1 1 1 1 1 1 1 1 1 1 1 1 1 1 100 1 1 1 1 1 1 1 1 1 1 1 100 1 1 1
staticfield jdk/internal/access/SharedSecrets lookup Ljava/lang/invoke/MethodHandles$Lookup; java/lang/invoke/MethodHandles$Lookup
ciInstanceKlass java/util/Map 1 1 259 11 7 12 1 1 1 11 12 1 1 10 100 12 1 1 11 12 1 1 11 7 12 1 1 1 11 100 12 1 1 1 11 12 1 1 7 1 11 12 1 11 12 1 100 1 100 1 10 12 1 1 11 100 12 1 1 1 11 100 12 1 1 1 11 12 1 11 12 1 10 12 1 1 11 12 1 11 100 12 1 9 7 12 1 1 1 100 1 10 12 7 1 7 1 10 12 1 7 1 10 7 1 11 12 1 1 7 1 11 12 1 1 1 1 1 1 1 1 1 1 1 1 1 1 1 1 1 1 1 1 1 1 1 1 1 1 1 1 1 1 1 1 1 1 1 1 1 1 1 1 1 1 1 1 1 1 1 1 1 1 1 1 1 1 1 1 1 1 1 1 1 1 1 1 1 1 1 1 1 1 1 1 1 1 1 1 1 1 1 1 1 1 1 1 1 1 1 1 1 1 1 1 1 1 1 1 1 1 1 1 1 1 1 1 1 1 1 1 1 1 1 1 1 1 1 1 1 1 1 1 1 1 1 1 1 1 1 1 1 100 1 1 1 1 1 1 1 1 1 1 1 1 1 1 1 1 1 1
ciInstanceKlass java/lang/ThreadGroup 1 1 293 10 7 12 1 1 1 9 7 12 1 1 1 8 1 9 12 1 1 7 1 9 12 1 9 12 1 1 10 12 1 1 10 12 1 1 10 12 1 10 12 1 1 10 12 1 9 12 1 1 10 12 1 1 10 12 1 9 12 1 10 100 12 1 1 1 9 12 1 9 12 1 1 10 7 12 1 1 1 100 10 12 1 1 10 7 12 1 1 1 10 100 12 1 9 12 1 10 12 1 1 10 12 1 1 9 12 1 1 10 12 1 1 10 12 1 10 12 1 10 12 1 1 10 12 1 1 10 12 1 10 12 1 10 10 12 1 10 12 1 10 100 1 10 10 12 1 10 12 1 10 12 1 7 10 12 1 9 12 1 1 10 12 1 1 8 1 10 100 12 1 1 1 10 12 1 1 10 12 1 1 10 12 1 1 11 100 1 100 1 9 12 1 100 1 10 8 1 10 12 1 1 10 12 1 1 8 1 10 12 1 10 100 12 1 1 1 10 12 1 1 10 100 1 8 1 10 8 1 10 12 1 8 1 1 1 1 1 1 1 1 1 1 1 1 1 1 1 1 1 3 1 1 1 1 1 1 1 1 1 1 1 1 1 1 1 1 1 1 1 1 1 1 1 1 1 1 1 1 1 1 1 1 1 1 1 1 1 1 1 1 1 1
ciInstanceKlass java/io/PrintStream 1 1 346 100 1 10 12 1 1 8 1 10 7 12 1 1 1 10 7 12 1 1 1 100 1 100 1 100 1 10 10 7 12 1 1 9 12 1 1 9 12 1 9 12 1 7 1 10 9 12 1 1 7 1 10 12 1 9 12 1 1 10 12 1 10 12 1 8 1 7 1 10 12 1 10 12 1 10 12 1 100 1 10 10 12 1 8 1 10 12 1 9 12 1 1 100 1 8 1 10 10 12 1 1 10 12 1 10 12 1 10 10 10 12 1 1 10 12 1 1 100 1 10 100 12 1 1 1 10 12 1 10 12 1 10 10 12 1 10 12 1 10 10 12 1 10 12 10 7 12 1 1 1 10 12 1 1 10 10 12 1 10 12 1 10 12 1 10 12 1 10 12 1 10 10 12 1 10 10 7 12 1 1 1 10 12 1 10 12 1 1 10 12 1 10 12 10 12 1 10 12 1 10 12 1 10 12 10 12 10 12 10 12 1 1 10 12 1 9 12 1 1 10 100 12 1 1 1 9 100 12 1 1 1 10 100 12 1 1 1 10 12 1 10 12 1 10 12 1 8 1 11 100 12 1 1 1 10 12 1 1 10 12 1 10 12 1 100 1 100 1 1 1 1 1 1 1 1 1 1 1 1 1 1 1 1 100 1 1 1 1 1 1 1 1 100 1 1 1 1 1 1 1 1 1 100 1 1 1 1 1 1 1 1 1 1 1 1 1 1 1 1 1 1 1 1 1 1 1 1 1 1 100 1 1 1 1 1 1 1 1 1 1 1 1 1 1 1
ciInstanceKlass java/lang/System$2 1 1 435 10 7 12 1 1 1 10 7 12 1 1 1 10 12 1 1 10 12 1 1 10 12 1 1 10 12 1 1 10 12 1 1 10 12 1 10 12 1 1 10 12 1 1 7 1 10 100 12 1 1 1 10 7 12 1 1 1 10 12 1 10 12 1 10 7 12 1 1 1 10 12 1 1 10 12 1 1 10 12 1 1 10 12 1 1 10 7 12 1 1 1 10 100 12 1 1 1 10 12 1 7 1 10 12 1 10 12 1 10 12 1 1 10 12 1 10 12 1 1 10 12 1 10 12 1 10 12 1 10 12 1 10 12 1 10 12 1 1 10 12 1 1 10 12 1 10 12 1 1 10 12 1 10 12 1 1 10 7 12 1 1 1 10 12 1 10 12 1 1 10 12 1 10 7 12 1 1 1 10 12 1 1 10 12 1 1 10 12 1 1 10 7 12 1 1 1 10 12 1 1 10 7 12 1 1 1 10 100 12 1 1 1 10 12 1 1 10 7 12 1 1 1 10 12 1 1 10 12 1 1 10 12 1 1 10 12 1 1 10 12 1 1 10 12 1 1 10 12 1 1 8 1 100 1 100 1 1 1 1 1 1 1 1 1 1 1 1 1 1 1 1 1 1 1 1 1 1 1 1 1 1 1 1 1 1 1 1 1 1 1 1 1 1 1 1 1 1 1 1 1 1 1 1 1 1 1 1 1 1 1 1 1 1 1 1 1 1 1 1 1 1 1 1 1 1 1 1 1 1 1 1 1 1 1 1 1 1 1 1 1 1 1 1 1 1 1 1 1 1 1 1 1 1 1 1 1 1 1 1 1 1 1 1 1 1 1 1 1 1 1 1 1 1 1 1 1 1 1 1 1 1 1 1 1 1 1 100 1 1 1 1 1 1 1 1 1 1 1 1 1 1 1 1 1 1 1 1 1 1 1 1 1 1 1 1 1 1 1 1 1 1 1 1 1 1 1 1 1 100 1 12 1 1 1
instanceKlass org/h2/util/SortedProperties
instanceKlass org/springframework/beans/factory/support/ManagedProperties
instanceKlass java/security/Provider
instanceKlass org/springframework/core/SortedProperties
ciInstanceKlass java/util/Properties 1 1 651 10 7 12 1 1 1 100 1 10 7 12 1 1 7 1 10 12 1 9 12 1 1 9 12 1 1 9 12 1 1 10 7 12 1 1 1 10 12 1 1 8 1 10 7 12 1 1 1 7 1 10 12 1 10 12 1 1 8 1 10 12 1 7 1 10 12 10 12 1 1 9 12 1 1 10 12 1 1 7 1 10 12 1 10 12 1 10 12 1 1 100 1 8 1 10 12 1 10 12 1 10 12 1 1 10 12 1 100 1 3 10 10 100 12 1 1 1 10 12 1 10 12 1 1 8 1 10 12 1 10 12 1 1 8 1 10 100 12 1 1 10 12 1 1 10 12 1 10 12 1 1 100 1 10 12 1 10 12 1 1 100 1 9 100 12 1 1 1 10 12 1 10 12 1 1 100 1 10 10 10 12 1 1 11 7 12 1 1 1 11 7 12 1 1 1 11 12 1 1 7 1 11 12 1 11 12 1 10 12 1 1 8 1 10 12 1 10 12 1 100 1 10 10 12 1 1 10 100 12 1 1 9 100 12 1 1 10 12 1 1 10 100 12 1 1 1 100 1 100 1 100 1 10 8 1 8 1 10 12 1 10 12 1 10 12 1 1 10 10 12 1 1 10 12 1 1 7 1 10 10 12 1 11 7 12 1 1 10 7 12 1 1 1 8 1 10 100 12 1 1 11 8 1 10 100 1 11 10 12 1 10 12 1 10 12 1 10 12 1 1 10 12 1 1 10 12 1 1 10 12 1 10 12 1 10 10 12 1 10 12 1 10 12 1 10 10 12 1 1 10 12 1 1 7 1 10 10 12 1 10 12 1 10 12 1 10 12 1 10 12 1 1 10 12 1 1 10 12 1 10 12 1 10 12 1 1 10 12 10 12 1 1 10 12 1 1 10 12 1 10 12 1 1 10 12 1 1 10 12 100 1 10 11 100 12 1 1 4 11 10 12 1 1 10 100 12 1 1 11 12 1 10 12 1 1 10 100 12 1 1 10 12 1 100 1 8 1 10 12 1 10 10 100 12 1 1 1 100 1 6 0 10 12 1 1 11 100 12 1 1 1 10 12 1 10 12 1 1 1 1 1 5 0 1 1 1 1 1 1 1 1 1 1 1 1 1 1 1 1 1 1 1 1 1 1 1 1 1 1 1 1 1 1 1 1 1 1 1 1 1 1 1 1 100 1 1 1 1 1 1 1 1 1 1 1 1 1 1 1 1 1 1 1 1 100 1 1 1 1 1 1 1 100 1 100 1 1 1 1 100 1 1 1 1 1 1 1 1 1 1 1 1 1 1 1 1 1 1 1 1 1 1 1 1 1 1 1 1 1 1 1 1 1 1 1 1 1 1 1 1 1 1 1 1 1 1 1 1 1 1 1 1 1 1 1 1 1 1 1 1 1 1 1 1 1 1 1 1 1 1 1 1 1 1 1 1 100 1 1 1 1 1 1 1 1 1 100 1 1 1
staticfield java/util/Properties UNSAFE Ljdk/internal/misc/Unsafe; jdk/internal/misc/Unsafe
instanceKlass java/util/Hashtable
ciInstanceKlass java/util/Dictionary 1 1 36 10 7 12 1 1 1 100 1 1 1 1 1 1 1 1 1 1 1 1 1 1 1 1 1 1 1 1 1 1 1 1 1 1 1 1
instanceKlass java/util/Properties
ciInstanceKlass java/util/Hashtable 1 1 512 100 1 10 7 12 1 1 1 9 7 12 1 1 1 100 1 100 1 10 8 1 10 12 1 1 10 12 1 10 12 1 1 10 12 1 10 7 12 1 1 1 8 1 10 12 1 9 12 1 1 7 1 9 12 1 1 4 10 7 12 1 1 1 9 12 1 4 10 12 1 11 100 12 1 1 1 10 12 1 1 10 12 1 1 9 12 1 10 12 1 1 100 1 10 9 12 1 1 10 7 12 1 1 1 9 12 1 1 10 12 1 10 12 1 3 9 12 1 9 12 1 3 10 12 1 10 12 1 10 12 1 1 11 12 1 1 11 100 12 1 1 1 11 100 12 1 1 1 11 12 1 100 1 11 12 1 11 12 1 10 12 1 1 10 12 1 1 10 12 1 9 12 1 1 9 12 9 12 1 1 10 100 1 100 1 10 12 1 10 8 1 10 10 12 1 8 1 10 8 1 10 7 12 1 1 1 7 1 10 12 1 10 12 1 7 1 10 12 1 10 12 1 1 100 1 10 100 1 10 10 12 1 1 11 12 1 1 11 12 1 100 1 10 10 10 100 12 1 1 11 100 12 1 1 1 100 1 10 11 100 12 1 1 11 100 12 1 10 12 1 10 12 1 1 10 100 12 1 1 10 12 1 1 10 12 1 1 10 12 1 1 10 100 12 1 1 1 8 10 100 12 1 1 100 1 8 1 10 4 10 12 4 10 12 1 8 1 10 12 10 100 12 1 1 1 100 1 11 100 12 1 1 1 10 100 12 1 1 1 10 12 1 10 12 1 1 10 100 1 100 1 1 1 1 1 1 5 0 1 1 1 1 1 3 1 3 1 3 1 1 1 1 1 1 1 1 1 1 1 1 1 1 1 1 1 1 1 1 1 1 1 1 1 100 1 1 1 1 1 1 1 1 1 1 1 1 1 1 1 1 1 1 1 1 1 1 1 1 1 1 1 1 1 100 1 1 1 1 1 1 1 1 1 1 1 1 1 1 1 1 1 1 1 1 1 1 1 1 1 1 1 1 1 1 1 1 1 1 1 1 1 1 1 1 1 1 1 1 1 1 1 1 1 1 1 1 1 1 1 1 1 1 100 1 1 1 100 1 1 1 1 1 100 1 1 1 1 1 1 1 1 1 1 1 1 1 1 1 1 1 1
ciInstanceKlass java/util/Set 1 1 140 100 1 10 7 12 1 1 1 9 7 12 1 1 1 7 1 10 12 1 1 10 12 1 7 1 7 1 10 12 1 7 1 7 1 7 1 10 12 1 10 12 1 1 11 12 1 1 100 1 1 1 1 1 1 1 1 1 1 1 1 1 1 1 1 1 1 1 1 1 1 1 1 1 1 1 1 1 1 1 1 1 1 1 1 1 1 1 1 1 1 1 1 1 1 1 1 1 1 1 1 1 1 1 1 1 1 1 1 1 1 1 1 1 1 1 1 1 1 1 1 1 1 1 1 1 1 1 1 1 1 1 1 1 1 1 1 1 1 1
instanceKlass org/h2/mvstore/StreamStore$Stream
instanceKlass org/h2/store/CountingReaderInputStream
instanceKlass java/util/jar/JarVerifier$VerifierStream
instanceKlass java/io/ObjectInputStream
instanceKlass sun/nio/ch/ChannelInputStream
instanceKlass java/util/zip/ZipFile$ZipFileInputStream
instanceKlass java/io/FilterInputStream
instanceKlass java/io/FileInputStream
instanceKlass java/io/ByteArrayInputStream
ciInstanceKlass java/io/InputStream 1 1 184 100 1 10 7 12 1 1 1 100 1 10 10 7 12 1 1 1 10 7 12 1 1 1 10 12 1 100 1 3 10 12 1 1 100 1 8 1 10 12 1 10 7 12 1 1 1 3 100 1 8 1 10 10 7 12 1 1 1 7 1 10 11 7 12 1 1 1 10 12 1 1 11 12 1 1 11 7 12 1 1 1 11 12 1 1 7 1 10 7 12 1 1 1 5 0 10 12 1 10 12 1 1 100 1 10 8 1 10 8 1 8 1 10 12 1 1 10 100 12 1 1 1 100 1 1 1 1 3 1 3 1 1 1 1 1 1 1 1 1 1 1 1 1 1 1 1 1 1 1 1 1 1 1 1 1 1 1 1 1 1 1 1 1 1 1 1 1 1 1 1 1 1 1 1 1 1 1 1 1 1 1 1 1
ciInstanceKlass java/io/ByteArrayInputStream 1 1 96 10 7 12 1 1 1 9 7 12 1 1 1 9 12 1 1 9 12 1 9 12 1 10 100 12 1 1 1 10 7 12 1 1 1 10 7 12 1 1 1 10 100 12 1 1 1 10 12 1 1 10 100 12 1 1 1 1 1 1 1 1 1 1 1 1 1 1 1 1 1 1 1 1 1 1 1 1 1 1 1 100 1 1 1 1 1 1 1 1 1 1 1 1 1 1
instanceKlass org/apache/tomcat/util/threads/TaskThread
instanceKlass org/springframework/boot/web/embedded/tomcat/TomcatWebServer$1
instanceKlass org/springframework/boot/autoconfigure/ssl/FileWatcher$WatcherThread
instanceKlass org/springframework/context/support/AbstractApplicationContext$1
instanceKlass java/util/logging/LogManager$Cleaner
instanceKlass org/springframework/boot/devtools/restart/RestartLauncher
instanceKlass org/springframework/boot/devtools/restart/Restarter$LeakSafeThread
instanceKlass jdk/internal/misc/InnocuousThread
instanceKlass java/lang/ref/Finalizer$FinalizerThread
instanceKlass java/lang/ref/Reference$ReferenceHandler
ciInstanceKlass java/lang/Thread 1 1 612 9 7 12 1 1 1 9 12 1 1 10 12 1 1 9 12 1 1 9 12 1 1 100 1 8 1 10 12 1 1 3 8 1 100 1 5 0 10 12 1 1 10 7 12 1 1 9 12 1 1 9 12 1 9 12 1 1 9 12 1 100 1 8 1 10 9 12 1 1 10 7 12 1 1 1 10 100 12 1 1 1 10 10 7 12 1 1 10 12 1 1 10 12 1 1 9 100 12 1 1 1 10 12 1 1 10 12 1 9 12 1 1 10 12 1 1 10 12 1 1 9 12 1 10 12 1 1 9 12 1 1 10 7 12 1 1 1 9 12 1 1 9 12 1 1 10 12 1 1 10 7 12 1 1 1 9 12 1 10 12 1 1 9 12 1 100 1 10 7 1 10 8 1 10 12 1 1 10 12 1 10 12 1 10 12 1 1 10 12 1 10 12 1 9 12 1 100 1 10 10 12 1 1 10 12 1 10 12 1 100 1 11 7 12 1 1 9 7 12 1 1 1 10 12 1 10 12 1 10 12 9 12 1 1 10 9 12 1 10 12 1 100 1 10 10 12 1 1 9 12 1 10 12 1 11 100 12 1 1 10 12 1 9 12 1 10 12 1 10 12 1 10 10 12 1 10 12 1 10 12 1 10 12 1 10 12 1 1 100 1 10 10 12 1 10 12 1 10 12 1 9 100 12 1 1 1 10 12 1 1 10 12 1 7 1 8 1 10 10 12 1 10 12 8 1 10 12 1 8 1 10 8 1 8 1 10 100 12 1 1 10 100 12 1 1 1 100 1 8 1 10 9 12 1 9 12 1 1 10 12 1 1 10 10 12 1 1 9 12 1 10 12 1 1 100 1 10 12 11 100 12 1 1 1 9 100 12 1 1 1 9 12 1 1 10 12 1 1 100 1 10 12 1 11 100 12 1 1 1 100 1 10 12 1 10 12 1 1 11 12 1 10 12 1 100 1 10 12 1 10 12 1 1 10 7 12 1 1 1 8 1 9 12 1 10 12 1 1 11 100 12 1 1 1 10 100 12 1 1 1 11 12 1 10 12 1 7 1 1 1 1 3 1 3 1 3 1 1 1 1 1 1 1 1 1 1 1 1 1 1 1 1 1 1 1 100 1 1 1 1 1 1 1 1 1 1 1 1 100 1 100 1 1 1 1 1 1 1 1 1 1 1 1 1 1 1 1 1 1 1 1 1 1 1 1 1 1 1 1 1 1 1 1 1 1 1 1 1 1 1 1 1 1 1 100 100 1 1 1 1 1 1 1 1 1 100 1 1 1 1 1 1 1 1 1 1 1 1 1 1 1 1 1 1 1 1 1 1 1 1 1 1 1 1 100 1 1 1 1 1 1 100 1 1 100 1 1 1 1 1 1
staticfield java/lang/Thread EMPTY_STACK_TRACE [Ljava/lang/StackTraceElement; 0 [Ljava/lang/StackTraceElement;
ciInstanceKlass java/lang/invoke/MethodHandleStatics 1 1 312 10 100 12 1 1 1 9 7 12 1 1 1 9 12 1 9 12 1 9 12 1 9 12 1 9 12 1 9 100 12 1 1 1 100 1 10 8 1 10 12 1 1 10 100 12 1 1 1 8 1 10 100 12 1 1 1 10 12 1 1 8 1 8 1 10 12 1 10 100 12 1 1 1 10 7 12 1 1 1 8 1 10 12 1 1 8 1 8 1 8 1 8 1 10 12 1 1 100 1 10 12 10 12 1 10 12 1 100 1 10 10 12 1 1 100 1 10 10 12 1 100 1 100 1 8 1 8 1 10 12 1 8 1 100 1 10 12 1 8 1 10 10 12 1 10 7 12 1 1 1 9 12 1 1 10 7 12 1 1 1 8 1 10 7 12 1 1 10 7 12 1 1 1 8 1 8 1 8 1 8 1 8 1 8 1 10 12 1 10 7 12 1 1 1 9 12 1 1 8 1 8 1 8 1 8 1 9 12 1 8 1 9 12 1 8 1 8 1 9 12 1 8 1 8 1 9 12 1 8 1 9 12 1 8 1 9 12 1 8 1 8 1 9 12 1 8 1 10 12 1 1 1 1 1 1 1 1 1 1 1 1 1 1 1 1 1 1 1 1 1 100 1 100 1 100 1 1 1 1 1 1 1 1 1 1 1 1 1 1 1 1 1 1 1 1 1 1 1 1 1 1 1 1 1 1 1 1 1 1 1 1
staticfield java/lang/invoke/MethodHandleStatics UNSAFE Ljdk/internal/misc/Unsafe; jdk/internal/misc/Unsafe
staticfield java/lang/invoke/MethodHandleStatics DEBUG_METHOD_HANDLE_NAMES Z 0
staticfield java/lang/invoke/MethodHandleStatics DUMP_CLASS_FILES Z 0
staticfield java/lang/invoke/MethodHandleStatics TRACE_INTERPRETER Z 0
staticfield java/lang/invoke/MethodHandleStatics TRACE_METHOD_LINKAGE Z 0
staticfield java/lang/invoke/MethodHandleStatics TRACE_RESOLVE Z 0
staticfield java/lang/invoke/MethodHandleStatics COMPILE_THRESHOLD I 0
staticfield java/lang/invoke/MethodHandleStatics LOG_LF_COMPILATION_FAILURE Z 0
staticfield java/lang/invoke/MethodHandleStatics DONT_INLINE_THRESHOLD I 30
staticfield java/lang/invoke/MethodHandleStatics PROFILE_LEVEL I 0
staticfield java/lang/invoke/MethodHandleStatics PROFILE_GWT Z 1
staticfield java/lang/invoke/MethodHandleStatics CUSTOMIZE_THRESHOLD I 127
staticfield java/lang/invoke/MethodHandleStatics VAR_HANDLE_GUARDS Z 1
staticfield java/lang/invoke/MethodHandleStatics MAX_ARITY I 255
staticfield java/lang/invoke/MethodHandleStatics VAR_HANDLE_IDENTITY_ADAPT Z 0
ciMethod java/lang/System getSecurityManager ()Ljava/lang/SecurityManager; 516 0 57344 0 96
ciMethod java/lang/System allowSecurityManager ()Z 516 0 57388 0 0
ciInstanceKlass java/lang/Math 1 1 395 10 100 12 1 1 1 10 7 12 1 1 1 10 12 1 10 12 1 10 12 1 10 12 1 10 12 1 7 1 6 0 6 0 10 12 1 10 12 1 10 12 1 10 12 1 10 12 1 10 12 1 1 10 12 1 10 12 1 10 12 1 10 12 1 10 12 1 10 7 12 1 1 1 100 1 3 3 3 10 7 12 1 1 1 100 1 5 0 5 0 5 0 5 0 5 0 9 100 12 1 1 1 10 100 12 1 1 1 100 1 8 1 10 12 1 8 1 10 12 1 1 10 12 1 1 100 1 5 0 5 0 100 1 3 5 0 3 5 0 10 12 1 10 12 1 8 1 10 12 1 8 1 9 12 1 1 9 12 1 10 12 1 1 6 0 10 12 1 9 12 1 1 100 1 10 10 12 1 100 1 10 12 1 10 12 1 1 10 12 1 10 12 1 10 12 1 10 12 1 1 10 12 1 1 10 12 1 1 10 12 6 0 10 12 1 1 10 12 1 1 10 12 10 12 1 4 10 12 1 1 10 12 1 10 12 1 10 12 10 12 1 10 12 1 10 12 1 10 12 1 10 12 1 10 12 1 10 12 1 5 0 6 0 4 6 0 4 6 0 4 10 12 1 1 9 12 1 1 10 12 1 9 12 1 10 7 12 1 1 1 4 6 0 1 1 6 0 1 6 0 1 1 1 1 1 1 1 1 1 1 1 1 1 1 1 1 1 1 1 1 1 1 1 1 1 1 1 1 1 1 1 1 1 1 1 1 1 1 1 1 1 1 1 1 1 1 1 1 1 1 1 1 1 1 1 1 1 1 1 1 1 1 1 1 1 1 1 1 1 1 1 1 1 1 1 1 1 1 1 1 1 1 1 1 1 1 1 1 1 1 1 1 1 1
staticfield java/lang/Math negativeZeroFloatBits J -2147483648
staticfield java/lang/Math negativeZeroDoubleBits J -9223372036854775808
staticfield java/lang/Math $assertionsDisabled Z 1
ciInstanceKlass java/util/Arrays 1 1 988 10 7 12 1 1 1 10 7 12 1 1 1 10 7 12 1 1 1 10 12 1 10 12 1 10 12 1 10 12 1 10 12 1 10 12 1 10 100 12 1 1 1 100 1 100 1 10 8 1 10 12 1 1 10 12 1 8 1 8 1 10 12 1 1 10 12 1 100 1 10 12 1 9 100 12 1 1 1 10 7 12 1 1 100 1 10 12 1 1 10 7 12 1 1 10 7 12 1 1 1 100 1 10 12 1 10 12 1 1 7 1 9 7 12 1 1 1 10 12 1 1 10 7 12 1 1 10 12 1 10 12 1 1 10 12 1 10 12 1 1 7 1 11 12 1 1 10 12 1 10 7 12 1 1 1 10 12 10 12 1 10 12 1 10 12 10 12 1 11 100 12 1 1 1 10 7 12 1 1 1 100 1 10 12 1 10 100 1 10 12 1 10 100 1 10 12 1 10 100 1 10 12 1 10 10 12 1 1 10 12 1 10 12 1 10 12 1 10 12 1 10 12 1 10 100 12 1 1 1 10 12 1 10 100 12 1 1 1 10 12 1 10 12 1 10 7 12 1 1 1 10 12 1 10 12 1 10 12 1 10 12 1 10 12 1 10 12 1 10 12 1 10 12 1 10 12 1 10 12 1 10 12 1 10 12 1 10 12 1 10 12 1 10 12 1 10 12 1 1 10 12 1 1 10 7 12 1 1 1 10 12 1 8 1 7 1 10 12 10 12 1 10 12 1 1 10 12 1 1 9 100 12 1 1 1 100 1 10 12 1 9 100 1 100 1 10 12 1 9 100 1 100 1 10 12 1 9 100 1 100 1 10 12 1 9 100 1 100 1 10 12 1 9 100 1 100 1 10 12 1 9 100 1 10 12 1 100 1 10 12 1 10 12 1 9 12 1 100 1 10 10 12 1 1 10 12 1 10 12 1 10 12 1 10 12 1 10 12 1 10 12 1 10 12 1 10 12 1 10 12 1 8 1 8 1 10 12 1 10 12 1 8 1 10 12 1 10 12 1 10 12 1 10 100 12 1 1 1 3 10 100 1 10 10 12 1 1 11 100 12 1 1 10 12 1 1 10 12 1 10 12 1 10 12 1 10 12 1 10 12 1 10 12 1 10 12 1 10 12 1 11 12 1 8 1 10 11 12 1 11 100 12 1 1 1 11 100 12 1 1 1 11 12 1 1 18 12 1 1 11 12 1 1 11 100 12 1 1 1 18 12 1 11 100 12 1 1 1 18 12 1 11 100 12 1 1 1 18 12 1 100 1 10 7 12 1 1 1 10 12 1 10 12 1 10 12 1 10 12 1 10 12 1 10 12 1 10 12 1 10 12 1 1 10 12 1 10 7 12 1 1 10 12 1 10 12 1 10 12 1 1 10 12 1 10 12 1 10 12 1 1 10 12 1 10 12 1 10 12 1 1 10 12 1 10 12 1 10 12 1 10 12 1 10 12 10 12 1 10 12 10 12 10 12 1 10 12 10 12 1 10 12 1 10 12 1 1 1 1 3 1 3 1 1 1 1 1 1 1 1 1 1 1 1 1 1 1 1 1 1 1 1 1 1 1 1 1 1 1 1 1 1 1 1 1 1 1 1 1 1 1 1 1 1 1 1 1 1 1 1 1 1 1 1 1 1 1 1 1 1 1 1 1 1 1 1 1 1 1 1 1 1 1 1 1 1 1 1 1 1 1 1 1 1 1 1 1 1 1 1 1 1 1 1 1 1 1 1 1 1 1 1 1 1 1 1 1 1 1 1 1 1 1 1 1 1 1 1 1 1 1 1 1 1 1 1 1 1 1 1 1 1 1 1 1 1 1 1 1 1 1 1 1 1 1 1 1 1 1 1 1 1 1 1 1 1 1 1 1 1 1 1 1 1 1 1 1 1 1 1 1 1 1 1 1 1 1 1 1 1 1 1 1 1 1 1 1 1 1 1 1 1 1 1 1 1 1 1 1 1 1 1 1 1 1 1 1 1 1 1 1 1 1 1 1 1 1 1 1 1 1 1 1 1 1 1 1 1 1 1 1 1 1 1 1 1 1 1 1 1 1 1 1 1 1 1 1 1 1 1 1 1 1 1 1 1 1 1 1 1 1 1 1 100 1 1 15 10 100 12 1 1 1 16 15 10 12 15 10 12 15 10 12 15 10 12 1 1 100 1 100 1 1 1 1 100 1 1 1 1 1 1 100 1 1 100 1 1 100 1 1 1 100 1 100 1 1
staticfield java/util/Arrays $assertionsDisabled Z 1
ciInstanceKlass java/lang/StringUTF16 1 1 598 100 1 7 1 10 100 12 1 1 1 100 1 10 7 1 3 100 1 100 1 10 8 1 10 12 1 1 10 12 1 8 1 10 12 1 1 10 12 1 9 12 1 1 10 12 1 1 100 1 8 1 10 12 1 9 12 1 1 9 12 1 10 10 12 1 1 10 12 1 1 10 100 12 1 1 1 10 12 1 10 12 1 1 10 12 1 1 10 12 1 1 10 12 1 1 10 12 1 10 12 1 1 10 12 1 1 10 12 1 1 10 12 1 1 10 12 1 10 12 1 10 12 1 1 10 12 1 100 1 10 12 1 10 10 12 1 1 10 12 1 10 12 1 1 10 12 1 10 100 12 1 1 1 10 100 12 1 1 1 10 12 10 12 1 1 10 12 1 10 12 1 1 10 12 1 1 10 12 1 10 12 1 10 12 1 3 10 12 1 1 10 12 1 10 12 1 10 12 1 10 12 1 10 12 1 10 12 1 1 9 12 1 10 12 1 10 12 1 10 12 1 10 12 1 10 12 1 10 10 12 10 12 10 10 100 12 1 1 1 10 7 12 1 1 1 10 12 1 10 12 1 100 1 8 1 8 1 10 12 1 1 100 1 10 10 100 12 1 1 1 10 100 12 1 1 8 1 8 1 8 1 10 12 1 1 10 12 1 1 10 12 10 12 1 10 100 12 1 1 10 12 1 1 10 12 1 1 10 12 1 10 12 10 12 10 12 1 10 12 10 12 1 10 12 1 10 12 1 10 12 1 10 12 1 10 100 12 1 1 1 10 100 12 1 1 1 10 12 1 1 10 12 1 1 11 100 12 1 1 10 12 1 10 12 1 10 12 1 1 9 12 1 1 9 12 1 5 0 5 0 10 12 1 10 12 10 12 10 7 12 1 1 1 10 12 1 1 1 1 1 1 1 1 1 1 1 1 1 1 1 1 1 1 1 1 1 1 1 1 1 1 1 1 1 1 1 100 1 1 1 1 1 1 1 1 1 1 1 1 1 1 1 1 1 1 1 1 1 1 1 1 1 1 1 1 1 1 1 1 1 1 1 1 1 1 1 1 1 1 1 1 1 1 1 1 1 1 1 1 1 1 1 1 1 1 1 1 1 1 1 1 1 1 1 1 1 1 1 1 1 1 1 1 1 1 1 1 1 1 100 1 1 1 1 1 1 1 1 1 1 1 1 1 1 1 1 1 100 1 1 1 1 1 1 1 1 1 1 1 1 1 1 1 1 1 1 1 1 1 1 1 1 1 1 1 1 1 1 1 1 1 1 1 1 1 1 1 1 1 1 1 1 1 1 1 1 1 1 1 1 1 1 1 1 1 1 1 1 1 100 1 100 1 1 1 1 1
staticfield java/lang/StringUTF16 HI_BYTE_SHIFT I 0
staticfield java/lang/StringUTF16 LO_BYTE_SHIFT I 8
staticfield java/lang/StringUTF16 $assertionsDisabled Z 1
ciMethod java/lang/StringUTF16 getChar ([BI)C 1024 0 10379 0 -1
instanceKlass java/lang/Exception
instanceKlass java/lang/Error
ciInstanceKlass java/lang/Throwable 1 1 393 10 7 12 1 1 1 9 7 12 1 1 1 9 12 1 1 9 12 1 9 12 1 1 9 12 1 10 12 1 1 9 12 1 1 10 12 1 1 10 12 1 100 1 100 1 10 8 1 10 12 1 1 8 1 10 100 12 1 1 10 10 12 1 100 1 8 1 10 10 12 1 1 10 7 12 1 1 10 12 1 8 1 9 100 12 1 1 1 10 12 1 1 100 1 10 12 10 12 1 100 1 10 10 7 12 1 1 1 11 100 12 1 1 1 10 100 12 1 1 1 10 12 1 1 10 12 1 1 8 1 10 12 1 10 12 1 1 8 1 8 1 10 12 1 1 10 12 1 8 1 8 1 9 12 1 1 10 100 12 1 1 100 1 10 11 12 1 8 1 8 1 10 7 12 1 1 8 1 10 12 1 8 1 100 1 10 12 1 9 12 1 1 10 12 1 10 7 12 1 9 12 1 1 10 12 1 1 100 1 8 1 10 12 1 10 100 12 1 1 10 12 1 1 100 1 10 100 12 1 1 1 10 12 1 11 100 12 1 1 1 11 100 12 1 1 1 11 12 1 8 1 10 12 1 1 8 1 10 10 9 100 12 1 1 1 8 1 10 12 1 1 10 100 1 8 1 10 11 12 1 1 8 1 9 12 1 10 100 12 1 1 11 9 12 1 1 11 12 1 1 100 10 12 1 10 12 1 1 100 1 1 1 1 5 0 1 1 1 1 1 1 1 1 1 1 1 1 1 100 1 1 1 1 1 1 1 1 1 1 1 1 1 1 1 1 1 1 1 1 1 1 1 1 1 1 1 1 1 1 1 1 1 1 1 1 1 1 1 1 1 1 100 1 100 1 1 1 1 1 1 1 1 1 1 1 1 1 1 1 1 1 1
staticfield java/lang/Throwable UNASSIGNED_STACK [Ljava/lang/StackTraceElement; 0 [Ljava/lang/StackTraceElement;
staticfield java/lang/Throwable SUPPRESSED_SENTINEL Ljava/util/List; java/util/Collections$EmptyList
staticfield java/lang/Throwable EMPTY_THROWABLE_ARRAY [Ljava/lang/Throwable; 0 [Ljava/lang/Throwable;
staticfield java/lang/Throwable $assertionsDisabled Z 1
instanceKlass jakarta/websocket/EncodeException
instanceKlass org/apache/tomcat/websocket/AuthenticationException
instanceKlass org/h2/security/auth/AuthenticationException
instanceKlass com/zaxxer/hikari/pool/PoolBase$ConnectionSetupException
instanceKlass org/apache/catalina/connector/CoyoteAdapter$RecycleRequiredException
instanceKlass jakarta/websocket/DeploymentException
instanceKlass java/lang/instrument/IllegalClassFormatException
instanceKlass org/ietf/jgss/GSSException
instanceKlass javax/management/JMException
instanceKlass org/springframework/validation/BindException
instanceKlass java/beans/PropertyVetoException
instanceKlass java/sql/SQLException
instanceKlass java/security/PrivilegedActionException
instanceKlass sun/security/pkcs11/wrapper/PKCS11Exception
instanceKlass org/apache/catalina/LifecycleException
instanceKlass java/beans/IntrospectionException
instanceKlass java/util/concurrent/ExecutionException
instanceKlass org/springframework/expression/AccessException
instanceKlass java/lang/CloneNotSupportedException
instanceKlass javax/xml/parsers/ParserConfigurationException
instanceKlass org/xml/sax/SAXException
instanceKlass jakarta/xml/bind/JAXBException
instanceKlass jakarta/servlet/ServletException
instanceKlass ch/qos/logback/core/spi/ScanException
instanceKlass java/text/ParseException
instanceKlass sun/nio/fs/WindowsException
instanceKlass javax/naming/NamingException
instanceKlass java/net/URISyntaxException
instanceKlass java/util/concurrent/TimeoutException
instanceKlass java/lang/InterruptedException
instanceKlass ch/qos/logback/core/boolex/EvaluationException
instanceKlass java/security/GeneralSecurityException
instanceKlass ch/qos/logback/core/util/DynamicClassLoadingException
instanceKlass ch/qos/logback/core/util/IncompatibleClassException
instanceKlass ch/qos/logback/core/joran/spi/JoranException
instanceKlass java/io/IOException
instanceKlass java/lang/ReflectiveOperationException
instanceKlass java/lang/RuntimeException
ciInstanceKlass java/lang/Exception 1 1 40 10 7 12 1 1 1 10 12 1 10 12 1 10 12 1 10 12 1 100 1 1 1 1 5 0 1 1 1 1 1 1 1 1 1 1 1 1 1 1
instanceKlass java/lang/reflect/InvocationTargetException
instanceKlass java/lang/IllegalAccessException
instanceKlass java/lang/InstantiationException
instanceKlass java/lang/NoSuchFieldException
instanceKlass java/lang/NoSuchMethodException
instanceKlass java/lang/ClassNotFoundException
ciInstanceKlass java/lang/ReflectiveOperationException 1 1 34 10 7 12 1 1 1 10 12 1 10 12 1 10 12 1 100 1 1 1 1 5 0 1 1 1 1 1 1 1 1 1 1 1
ciInstanceKlass java/lang/NoSuchMethodException 1 1 26 10 7 12 1 1 1 10 12 1 100 1 1 1 1 5 0 1 1 1 1 1 1 1 1 1
ciMethod java/lang/Throwable printStackTrace (Ljava/io/PrintStream;)V 0 0 1 0 -1
instanceKlass org/apache/tomcat/util/threads/StopPooledThreadException
instanceKlass org/h2/mvstore/MVStoreException
instanceKlass org/h2/message/DbException
instanceKlass org/springframework/boot/jdbc/UnsupportedDataSourcePropertyException
instanceKlass com/zaxxer/hikari/pool/HikariPool$PoolInitializationException
instanceKlass java/nio/BufferUnderflowException
instanceKlass org/apache/coyote/ProtocolException
instanceKlass javax/management/JMRuntimeException
instanceKlass org/springframework/boot/ssl/NoSuchSslBundleException
instanceKlass org/springframework/boot/web/server/WebServerException
instanceKlass org/springframework/context/NoSuchMessageException
instanceKlass org/springframework/transaction/interceptor/TransactionAspectSupport$ThrowableHolderException
instanceKlass java/lang/reflect/InaccessibleObjectException
instanceKlass org/springframework/cglib/core/CodeGenerationException
instanceKlass org/springframework/objenesis/ObjenesisException
instanceKlass org/springframework/boot/autoconfigure/condition/OnBeanCondition$BeanTypeDeductionException
instanceKlass java/security/ProviderException
instanceKlass org/apache/juli/logging/LogConfigurationException
instanceKlass java/lang/reflect/MalformedParametersException
instanceKlass org/springframework/expression/ExpressionException
instanceKlass java/nio/file/FileSystemNotFoundException
instanceKlass org/springframework/boot/context/properties/bind/UnboundConfigurationPropertiesException
instanceKlass org/springframework/boot/context/config/ConfigDataException
instanceKlass org/springframework/boot/context/properties/bind/BindException
instanceKlass java/util/ConcurrentModificationException
instanceKlass java/time/DateTimeException
instanceKlass java/util/MissingResourceException
instanceKlass org/springframework/cglib/core/ClassNameReader$EarlyExitException
instanceKlass org/springframework/boot/devtools/restart/SilentExitExceptionHandler$SilentExitException
instanceKlass java/util/concurrent/RejectedExecutionException
instanceKlass java/lang/TypeNotPresentException
instanceKlass org/springframework/boot/context/properties/source/InvalidConfigurationPropertyNameException
instanceKlass org/springframework/core/NestedRuntimeException
instanceKlass java/util/NoSuchElementException
instanceKlass java/lang/reflect/UndeclaredThrowableException
instanceKlass java/io/UncheckedIOException
instanceKlass ch/qos/logback/core/LogbackException
instanceKlass java/lang/IndexOutOfBoundsException
instanceKlass java/lang/SecurityException
instanceKlass java/lang/UnsupportedOperationException
instanceKlass java/lang/IllegalStateException
instanceKlass org/springframework/boot/SpringApplication$AbandonedRunException
instanceKlass java/lang/IllegalArgumentException
instanceKlass java/lang/ArithmeticException
instanceKlass java/lang/NullPointerException
instanceKlass java/lang/IllegalMonitorStateException
instanceKlass java/lang/ArrayStoreException
instanceKlass java/lang/ClassCastException
ciInstanceKlass java/lang/RuntimeException 1 1 40 10 7 12 1 1 1 10 12 1 10 12 1 10 12 1 10 12 1 100 1 1 1 1 5 0 1 1 1 1 1 1 1 1 1 1 1 1 1 1
instanceKlass java/nio/file/InvalidPathException
instanceKlass org/springframework/aop/framework/adapter/UnknownAdviceTypeException
instanceKlass java/security/InvalidParameterException
instanceKlass org/springframework/http/InvalidMediaTypeException
instanceKlass org/springframework/util/InvalidMimeTypeException
instanceKlass java/lang/NumberFormatException
ciInstanceKlass java/lang/IllegalArgumentException 1 1 35 10 7 12 1 1 1 10 12 1 10 12 1 10 12 1 100 1 1 1 1 5 0 1 1 1 1 1 1 1 1 1 1 1 1
instanceKlass java/lang/AssertionError
instanceKlass java/util/ServiceConfigurationError
instanceKlass java/lang/VirtualMachineError
instanceKlass java/lang/LinkageError
instanceKlass java/lang/ThreadDeath
ciInstanceKlass java/lang/Error 1 1 40 10 7 12 1 1 1 10 12 1 10 12 1 10 12 1 10 12 1 100 1 1 1 1 5 0 1 1 1 1 1 1 1 1 1 1 1 1 1 1
instanceKlass java/lang/StackOverflowError
instanceKlass java/lang/OutOfMemoryError
instanceKlass java/lang/InternalError
ciInstanceKlass java/lang/VirtualMachineError 1 1 34 10 7 12 1 1 1 10 12 1 10 12 1 10 12 1 100 1 1 1 1 5 0 1 1 1 1 1 1 1 1 1 1 1
ciInstanceKlass java/lang/StackOverflowError 1 1 26 10 100 12 1 1 1 10 12 1 100 1 1 1 1 5 0 1 1 1 1 1 1 1 1 1
instanceKlass java/lang/UnsatisfiedLinkError
instanceKlass java/lang/ClassFormatError
instanceKlass java/lang/IncompatibleClassChangeError
instanceKlass java/lang/BootstrapMethodError
instanceKlass java/lang/NoClassDefFoundError
ciInstanceKlass java/lang/LinkageError 1 1 31 10 7 12 1 1 1 10 12 1 10 12 1 100 1 1 1 1 5 0 1 1 1 1 1 1 1 1 1 1 1
ciInstanceKlass java/lang/ArrayStoreException 1 1 26 10 100 12 1 1 1 10 12 1 100 1 1 1 1 5 0 1 1 1 1 1 1 1 1 1
ciInstanceKlass java/lang/ThreadDeath 0 0 21 10 100 12 1 1 1 100 1 1 1 1 5 0 1 1 1 1 1 1 1
ciInstanceKlass java/util/Collections 1 1 851 10 7 12 1 1 1 11 7 12 1 1 1 7 1 11 12 1 1 7 1 10 12 1 1 10 12 1 11 12 1 1 100 1 11 12 1 1 11 12 1 1 10 12 1 11 100 12 1 1 11 12 1 1 11 12 1 10 12 1 10 12 1 10 12 11 100 12 1 1 1 10 12 1 1 11 12 1 11 12 1 1 9 12 1 1 100 1 10 10 12 1 1 10 12 1 1 11 12 1 1 10 12 1 11 12 1 100 1 8 1 10 12 1 11 7 12 1 1 1 11 100 1 11 12 1 1 10 12 1 1 10 12 1 10 12 1 1 10 12 1 11 12 1 1 10 12 1 1 10 12 1 1 10 12 1 1 10 12 1 1 7 1 10 12 1 7 1 10 12 1 100 1 10 12 1 100 1 10 12 1 7 1 7 1 10 12 10 7 1 10 12 1 100 1 10 12 1 100 1 10 12 1 100 1 10 10 12 1 7 1 10 10 12 1 100 1 10 100 1 10 100 1 10 100 1 10 10 12 1 10 7 1 10 100 1 10 100 1 10 100 1 10 12 1 10 100 12 1 1 1 100 1 100 1 10 12 1 100 1 10 12 1 100 1 10 12 1 100 1 10 12 1 100 1 10 12 1 100 1 10 100 1 10 12 1 100 1 10 12 1 100 1 10 12 1 9 7 12 1 1 1 9 100 12 1 1 9 7 12 1 1 1 9 12 1 1 9 12 1 1 9 12 1 1 9 12 1 1 9 12 1 1 7 1 10 12 7 1 10 7 1 10 7 1 10 7 1 10 12 1 100 1 100 1 10 8 1 10 12 1 1 10 12 1 10 12 1 1 10 7 1 10 12 1 9 7 12 1 1 1 9 7 12 1 1 1 7 1 9 12 1 1 10 12 7 1 10 7 1 10 11 7 12 1 1 11 12 1 10 12 1 100 1 11 11 12 1 11 7 1 10 100 1 10 100 12 1 1 1 100 1 10 12 1 7 1 10 7 1 10 7 1 10 1 1 1 3 1 3 1 3 1 3 1 3 1 3 1 3 1 3 1 1 1 1 1 1 1 1 1 1 1 1 1 1 1 1 1 1 1 1 1 1 1 1 1 1 1 1 1 1 1 1 1 1 1 1 1 1 1 1 1 1 1 1 1 1 1 1 1 1 1 1 1 1 1 1 1 1 1 1 1 1 1 1 1 1 1 1 1 1 1 1 1 1 1 1 1 1 1 1 1 1 1 1 1 1 1 1 1 1 1 1 1 1 1 1 1 1 1 1 1 1 1 1 1 1 1 1 1 1 1 1 1 1 1 1 1 1 1 1 1 1 1 1 1 1 1 1 1 1 1 1 1 1 1 1 1 1 1 1 1 1 1 1 1 1 1 1 1 1 1 1 1 1 1 1 1 1 1 1 1 1 1 1 1 1 1 1 1 1 1 1 1 1 1 1 1 1 1 1 1 1 1 1 1 1 1 1 1 1 1 1 1 1 1 1 1 1 1 1 1 1 1 1 1 1 1 1 1 1 1 1 1 1 1 1 1 1 1 1 1 1 1 1 1 1 1 1 1 1 1 1 1 1 1 1 1 1 1 1 1 1 1 1 1 1 1 1 1 1 1 1 1 1 1 1 1 1 1 1 1 1 1 1 1 1 1 1 1 1 1 1 1 1 1 1 1 1 1 1 1 1 1 1 1 1 1 1 1 1 1 1 1 1 1 1 1 1 1 1 1 1 1 1 1 1 1 1 1 1 100 1 100 1 100 1 100 1 100 1 100 1 100 1 100 1 100 1 100 1 100 1 100 1 100 1 1 1 1 1 1 1 1 1 1 1 1 1 1 1 1 1 1 1 1 1 1 1 1 1 1 1 1 1 1 1 1 1 1 1 1 1 1 1 100 1 1 1 1 1 1 1 1 1 1 1 1 1 1
staticfield java/util/Collections EMPTY_SET Ljava/util/Set; java/util/Collections$EmptySet
staticfield java/util/Collections EMPTY_LIST Ljava/util/List; java/util/Collections$EmptyList
staticfield java/util/Collections EMPTY_MAP Ljava/util/Map; java/util/Collections$EmptyMap
ciInstanceKlass java/lang/StackTraceElement 1 1 224 10 7 12 1 1 1 10 7 12 1 1 9 12 1 1 9 12 1 1 9 12 1 9 12 1 8 1 10 100 12 1 1 1 100 1 9 12 1 8 1 9 12 1 9 12 1 9 12 1 1 8 1 10 12 1 1 10 12 1 100 1 10 10 12 1 1 8 1 10 12 1 1 10 12 1 8 1 8 1 8 1 10 12 1 8 1 8 1 10 12 1 8 1 8 1 10 12 1 1 10 12 1 10 12 1 1 10 12 1 9 12 1 1 10 7 12 1 1 1 10 12 1 1 7 1 10 12 1 1 10 7 12 1 1 10 7 12 1 1 1 10 7 12 1 1 10 7 12 1 1 10 10 12 1 1 10 12 1 10 12 1 1 100 1 1 1 1 1 3 1 3 1 1 5 0 1 1 1 1 1 1 1 1 1 1 1 1 1 1 1 1 1 1 1 1 1 1 1 1 1 1 100 1 100 1 1 1 1 1 1 1 1 1 1 100 1 1 1 1 1 1 1 1
instanceKlass org/springframework/boot/web/servlet/ServletContextInitializerBeans
instanceKlass java/util/TreeMap$Values
instanceKlass com/fasterxml/jackson/databind/util/internal/LinkedDeque
instanceKlass java/util/concurrent/ConcurrentLinkedDeque
instanceKlass java/util/LinkedHashMap$LinkedValues
instanceKlass java/util/IdentityHashMap$Values
instanceKlass java/util/HashMap$Values
instanceKlass java/util/AbstractQueue
instanceKlass java/util/ArrayDeque
instanceKlass java/util/AbstractSet
instanceKlass java/util/ImmutableCollections$AbstractImmutableCollection
instanceKlass java/util/AbstractList
ciInstanceKlass java/util/AbstractCollection 1 1 160 10 7 12 1 1 1 10 7 12 1 1 1 10 12 1 1 11 7 12 1 1 1 11 12 1 1 10 12 1 1 10 100 12 1 1 1 10 12 1 1 10 12 1 1 10 7 12 1 1 10 7 12 1 1 1 7 1 10 100 12 1 1 1 10 100 12 1 1 1 100 1 10 11 12 1 11 7 1 10 12 1 10 12 1 10 7 12 1 1 1 11 8 1 7 1 10 10 12 1 1 8 1 10 12 1 10 12 1 1 1 1 1 1 1 1 1 1 1 1 1 1 1 1 1 1 1 1 1 1 1 1 1 1 1 1 1 1 1 1 1 1 1 1 1 1 1 1 1 1 1 1 1 1 1 1 1 1 1 1
ciInstanceKlass java/lang/Boolean 1 1 151 10 7 12 1 1 1 9 7 12 1 1 1 10 12 1 1 10 12 1 8 1 10 7 12 1 1 9 12 1 1 9 12 1 8 1 10 12 1 1 10 12 1 1 10 7 12 1 1 1 100 1 100 1 10 12 1 1 9 100 12 1 1 9 12 10 100 12 1 1 1 10 12 1 1 8 1 10 7 12 1 1 1 9 12 1 1 100 1 100 1 100 1 1 1 1 1 1 5 0 1 1 1 1 1 1 1 1 1 1 3 1 1 1 1 1 1 1 1 1 1 1 1 1 1 1 1 1 1 1 1 100 1 1 1 1 1 1 1 1 1 1 100 1 1 1 1 1 1 1 1
staticfield java/lang/Boolean TRUE Ljava/lang/Boolean; java/lang/Boolean
staticfield java/lang/Boolean FALSE Ljava/lang/Boolean; java/lang/Boolean
staticfield java/lang/Boolean TYPE Ljava/lang/Class; java/lang/Class
instanceKlass java/util/concurrent/locks/AbstractQueuedSynchronizer
ciInstanceKlass java/util/concurrent/locks/AbstractOwnableSynchronizer 1 1 32 10 7 12 1 1 1 9 7 12 1 1 1 100 1 1 1 1 5 0 1 1 1 1 1 1 1 1 1 1 1 1
instanceKlass org/apache/tomcat/util/threads/LimitLatch$Sync
instanceKlass java/util/concurrent/locks/ReentrantReadWriteLock$Sync
instanceKlass java/util/concurrent/ThreadPoolExecutor$Worker
instanceKlass java/util/concurrent/CountDownLatch$Sync
instanceKlass java/util/concurrent/locks/ReentrantLock$Sync
ciInstanceKlass java/util/concurrent/locks/AbstractQueuedSynchronizer 1 1 349 10 7 12 1 1 1 9 7 12 1 1 1 9 12 1 1 9 12 1 1 10 7 12 1 1 1 9 12 1 10 12 1 1 100 1 10 9 12 1 9 12 1 1 10 7 12 1 1 1 10 12 1 10 12 1 1 9 12 1 9 12 1 9 12 1 1 10 7 12 1 1 1 9 12 1 10 12 1 1 100 1 10 7 12 1 1 1 9 12 1 10 12 1 10 12 1 10 12 1 10 12 1 1 100 1 10 12 1 1 10 12 1 10 12 1 10 10 12 1 1 10 100 12 1 1 1 10 12 1 1 10 12 1 10 12 1 1 10 12 1 10 12 1 10 12 1 3 100 1 10 10 12 1 1 100 1 10 10 12 1 10 12 1 100 1 10 10 12 1 100 1 10 10 12 1 1 100 1 10 10 100 12 1 1 1 10 12 1 1 8 1 10 12 1 1 10 12 1 8 1 10 12 1 8 1 8 1 8 1 10 10 100 12 1 1 1 10 12 1 1 100 1 8 1 10 12 1 10 12 1 10 12 1 10 12 1 1 10 12 1 1 8 10 12 1 1 8 8 100 1 1 1 5 0 1 3 1 1 3 1 1 1 1 1 1 1 1 1 1 1 1 1 1 1 1 1 1 1 1 1 1 1 1 1 1 1 1 1 1 1 1 1 1 1 1 1 1 1 1 1 1 1 1 1 1 1 1 1 1 1 1 1 1 1 1 1 1 1 1 1 1 1 1 1 1 1 1 1 1 100 1 1 1 1 1 1 1 1 1 1 100 1 1 1 1 1 1 1
staticfield java/util/concurrent/locks/AbstractQueuedSynchronizer U Ljdk/internal/misc/Unsafe; jdk/internal/misc/Unsafe
staticfield java/util/concurrent/locks/AbstractQueuedSynchronizer STATE J 16
staticfield java/util/concurrent/locks/AbstractQueuedSynchronizer HEAD J 20
staticfield java/util/concurrent/locks/AbstractQueuedSynchronizer TAIL J 24
instanceKlass java/util/concurrent/locks/ReentrantLock$FairSync
instanceKlass java/util/concurrent/locks/ReentrantLock$NonfairSync
ciInstanceKlass java/util/concurrent/locks/ReentrantLock$Sync 1 1 127 10 7 12 1 1 1 10 7 12 1 1 1 10 7 12 1 1 1 10 12 1 1 10 12 1 1 10 12 1 100 1 8 1 10 12 1 10 12 1 1 10 12 1 1 10 12 1 10 12 1 100 1 10 10 12 1 10 12 1 1 100 1 10 7 1 10 12 1 10 12 1 10 100 12 1 1 1 1 1 5 0 1 1 1 1 1 1 1 1 1 1 1 1 1 1 1 1 1 1 1 1 1 1 1 1 1 1 1 1 1 1 1 1 1 100 1 100 1 1 1 1 100 1 1 1 1
ciInstanceKlass java/util/concurrent/locks/ReentrantLock$NonfairSync 1 1 69 10 7 12 1 1 1 10 7 12 1 1 1 10 7 12 1 1 1 10 12 1 1 10 12 1 10 12 1 1 100 1 8 1 10 12 1 10 12 1 1 1 1 1 5 0 1 1 1 1 1 1 1 1 1 1 1 1 1 1 1 1 1 1 100 1 1 1 1
ciMethod java/util/concurrent/locks/ReentrantLock$Sync tryRelease (I)Z 202 0 3042 0 0
ciMethod java/util/concurrent/locks/ReentrantLock$Sync initialTryLock ()Z 0 0 1 0 -1
ciMethod java/util/concurrent/locks/AbstractQueuedSynchronizer tryRelease (I)Z 0 0 1 0 -1
ciMethod java/util/concurrent/locks/AbstractQueuedSynchronizer getState ()I 256 0 128 0 0
ciMethod java/util/concurrent/locks/AbstractQueuedSynchronizer release (I)Z 202 0 3054 0 0
ciMethod java/util/concurrent/locks/AbstractQueuedSynchronizer acquire (I)V 0 0 9 0 -1
ciMethod java/util/concurrent/locks/AbstractQueuedSynchronizer signalNext (Ljava/util/concurrent/locks/AbstractQueuedSynchronizer$Node;)V 170 0 3056 0 0
ciMethod java/util/concurrent/locks/AbstractQueuedSynchronizer setState (I)V 256 0 128 0 0
ciMethod java/util/concurrent/locks/AbstractQueuedSynchronizer compareAndSetState (II)Z 516 0 1305 0 96
instanceKlass java/lang/LiveStackFrameInfo
ciInstanceKlass java/lang/StackFrameInfo 1 1 132 10 7 12 1 1 1 9 7 12 1 1 1 9 7 1 9 12 1 1 11 7 12 1 1 1 9 12 1 1 11 12 1 1 10 12 1 1 10 100 12 1 1 1 10 12 1 11 12 1 11 12 1 1 11 12 1 10 12 1 1 9 12 1 1 10 12 1 1 10 100 12 1 1 10 12 1 1 11 12 1 1 10 12 1 9 12 1 1 10 12 1 1 100 1 8 1 10 12 1 10 7 12 1 1 1 100 1 1 1 1 1 1 1 1 1 1 1 1 1 1 1 1 1 1 100 1 1 1 1 1 1
staticfield java/lang/StackFrameInfo JLIA Ljdk/internal/access/JavaLangInvokeAccess; java/lang/invoke/MethodHandleImpl$1
ciInstanceKlass java/lang/LiveStackFrameInfo 0 0 97 10 100 12 1 1 1 9 100 12 1 1 1 9 12 1 9 12 1 9 12 1 9 12 1 1 100 1 10 12 1 1 10 12 1 8 1 10 12 1 1 8 1 8 1 8 1 10 100 1 10 12 1 100 1 10 12 1 100 1 100 1 1 1 3 1 3 1 1 1 1 1 1 1 1 1 1 1 1 1 1 1 1 1 1 1 1 1 1 1 1 1 1 1 100 1 1
ciMethod java/util/concurrent/locks/AbstractOwnableSynchronizer setExclusiveOwnerThread (Ljava/lang/Thread;)V 256 0 128 0 0
ciMethod java/util/concurrent/locks/AbstractOwnableSynchronizer getExclusiveOwnerThread ()Ljava/lang/Thread; 256 0 128 0 0
ciInstanceKlass java/lang/Character 1 1 576 7 1 100 1 100 1 9 12 1 1 8 1 9 12 1 1 100 1 9 12 1 1 10 100 12 1 1 1 10 100 12 1 1 1 10 100 12 1 1 1 10 7 12 1 1 1 9 7 12 1 1 1 10 12 1 10 12 1 1 10 12 1 1 10 100 12 1 1 10 12 1 1 3 3 3 3 3 10 12 1 1 10 12 1 3 11 7 12 1 1 1 11 12 1 1 10 12 1 1 10 12 1 1 100 1 10 10 12 1 3 10 12 1 1 10 12 1 10 12 1 1 100 1 8 1 10 12 1 1 10 12 1 10 12 1 10 12 1 10 12 1 10 12 1 1 10 12 1 10 7 12 1 1 10 10 12 1 10 10 12 1 10 12 1 1 10 12 1 10 10 12 1 10 12 1 10 12 1 10 12 1 10 12 1 10 12 1 10 12 1 10 12 10 10 12 10 10 12 1 10 10 12 1 10 10 12 1 10 10 12 1 10 10 12 1 10 10 12 1 10 10 12 1 1 10 10 12 1 10 5 0 10 12 1 10 12 1 10 10 12 1 10 10 12 1 1 10 10 12 1 10 10 12 1 9 12 1 1 100 1 10 10 12 1 10 12 1 1 3 10 100 12 1 1 1 10 12 1 10 100 12 1 1 100 1 10 10 12 1 1 10 12 1 1 10 12 1 1 8 1 10 12 1 9 100 12 1 1 1 10 12 1 10 10 12 1 10 12 1 1 10 12 1 10 10 12 1 1 10 10 12 1 1 100 1 8 1 10 12 1 1 10 7 12 1 1 1 8 1 10 12 1 1 9 12 1 1 100 1 100 1 100 1 1 1 1 3 1 3 1 3 1 3 1 1 1 1 1 3 1 1 3 1 3 1 3 1 3 1 3 1 3 1 3 1 3 1 3 1 3 1 3 1 3 1 3 1 3 1 3 1 3 1 3 1 3 1 3 1 3 1 3 1 3 1 3 1 3 1 3 1 3 1 3 1 3 1 1 1 1 1 1 1 1 1 1 1 1 1 1 1 1 1 1 1 3 1 1 1 1 1 1 1 3 1 1 3 1 1 1 1 1 3 1 1 5 0 1 1 1 1 1 1 1 1 1 1 1 1 1 1 1 1 1 1 1 1 1 1 1 1 1 1 1 1 1 1 1 1 1 1 1 1 1 1 1 1 1 1 1 1 1 1 1 1 1 1 1 1 1 1 1 1 1 1 1 1 1 1 1 1 1 1 1 1 1 1 1 1 1 1 1 1 1 1 1 1 1 1 1 1 1 1 1 1 1 100 1 100 1 1 1 1 1 1
staticfield java/lang/Character TYPE Ljava/lang/Class; java/lang/Class
staticfield java/lang/Character $assertionsDisabled Z 1
ciInstanceKlass java/lang/Float 1 1 223 7 1 100 1 10 100 12 1 1 1 10 100 12 1 1 1 4 100 1 10 12 1 1 10 12 1 1 8 1 8 1 10 100 12 1 1 1 10 12 1 1 10 12 1 1 10 4 4 4 10 7 12 1 1 9 12 1 1 10 12 1 1 10 12 1 10 12 1 10 12 1 1 10 12 1 10 12 1 3 10 12 1 1 10 12 1 1 10 12 1 10 100 12 1 1 1 10 12 1 1 10 12 1 1 8 1 10 7 12 1 1 1 9 12 1 1 100 1 100 1 100 1 1 1 1 1 4 1 1 1 4 1 1 3 1 3 1 3 1 3 1 1 1 1 5 0 1 1 1 1 1 1 1 1 1 1 100 1 1 1 1 1 1 1 1 1 1 1 1 1 3 1 1 1 1 1 1 1 1 1 1 1 1 1 1 1 1 1 1 1 1 1 1 1 1 1 1 1 1 1 1 1 1 1 1 1 1 1 1 100 1 1 1 1 1 1 1 100 1 100 1 1
staticfield java/lang/Float TYPE Ljava/lang/Class; java/lang/Class
instanceKlass java/util/concurrent/atomic/Striped64
instanceKlass java/math/BigDecimal
instanceKlass java/math/BigInteger
instanceKlass java/util/concurrent/atomic/AtomicLong
instanceKlass java/util/concurrent/atomic/AtomicInteger
instanceKlass java/lang/Long
instanceKlass java/lang/Integer
instanceKlass java/lang/Short
instanceKlass java/lang/Byte
instanceKlass java/lang/Double
instanceKlass java/lang/Float
ciInstanceKlass java/lang/Number 1 1 37 10 7 12 1 1 1 10 100 12 1 1 1 100 1 1 1 1 5 0 1 1 1 1 1 1 1 1 1 1 1 1 1 1 1 1 1
ciInstanceKlass java/lang/Double 1 1 285 7 1 100 1 10 7 12 1 1 1 10 12 1 1 10 12 1 100 1 10 12 1 1 10 100 12 1 1 1 6 0 8 1 10 12 1 1 8 1 10 12 1 1 8 1 6 0 10 12 1 1 100 1 5 0 5 0 8 1 8 1 10 100 12 1 1 1 10 100 12 1 1 1 8 1 10 12 1 1 8 1 8 1 8 1 10 12 1 1 10 12 1 10 12 1 1 10 12 1 10 12 1 10 12 1 1 10 12 1 10 6 0 6 0 6 0 10 7 12 1 1 9 12 1 1 10 12 1 10 12 1 10 12 1 10 12 1 5 0 10 12 1 1 10 12 1 10 12 1 10 100 12 1 1 1 10 12 1 1 10 12 1 1 8 1 10 7 12 1 1 1 9 12 1 1 100 1 100 1 100 1 1 1 1 1 6 0 1 1 1 6 0 1 1 3 1 3 1 3 1 3 1 1 1 1 5 0 1 1 1 1 1 1 1 1 1 1 1 1 1 1 1 1 100 1 1 1 1 1 1 1 1 1 1 1 1 3 1 1 1 1 1 1 1 1 1 1 1 1 1 1 1 1 1 1 1 1 1 1 1 1 1 1 1 1 1 1 1 1 1 1 100 1 1 1 1 1 1 1 100 1 100 1 1
staticfield java/lang/Double TYPE Ljava/lang/Class; java/lang/Class
ciInstanceKlass java/lang/Byte 1 1 215 7 1 100 1 10 100 12 1 1 1 9 12 1 1 8 1 9 12 1 1 100 1 10 12 1 1 10 12 1 1 10 100 12 1 1 1 10 100 12 1 1 1 9 7 12 1 1 1 10 12 1 1 100 1 100 1 10 12 1 1 8 1 10 12 1 1 8 1 10 12 1 10 12 1 10 12 1 10 12 1 1 10 12 1 10 12 1 10 12 1 1 10 8 1 8 1 10 7 1 9 12 1 1 10 12 1 10 12 1 1 10 12 1 1 10 12 1 1 10 12 1 5 0 10 12 1 1 8 1 10 7 12 1 1 1 9 12 1 1 100 1 100 1 1 1 3 1 3 1 1 1 1 3 1 3 1 1 5 0 1 1 1 1 1 1 1 1 1 1 1 1 1 1 1 1 1 1 1 1 1 1 1 1 1 1 1 1 1 1 1 1 1 1 1 1 1 1 1 1 1 1 1 1 1 1 1 1 1 1 1 1 1 1 1
staticfield java/lang/Byte TYPE Ljava/lang/Class; java/lang/Class
ciInstanceKlass java/lang/Short 1 1 224 7 1 100 1 100 1 10 100 12 1 1 1 10 12 1 1 100 1 100 1 10 12 1 1 8 1 10 12 1 1 8 1 10 12 1 10 12 1 10 12 1 10 12 1 1 10 12 1 1 10 12 1 9 12 1 1 8 1 9 12 1 1 100 1 10 12 1 1 10 12 1 10 100 12 1 1 1 10 100 12 1 1 1 9 7 12 1 1 1 10 12 1 10 12 1 1 10 8 1 8 1 10 7 1 9 12 1 1 10 12 1 10 12 1 1 10 12 1 1 10 12 1 1 10 12 1 3 3 5 0 10 12 1 1 8 1 10 7 12 1 1 1 9 12 1 1 100 1 100 1 1 1 3 1 3 1 1 1 1 3 1 3 1 1 5 0 1 1 1 1 1 1 1 1 1 1 1 1 1 1 1 1 1 1 1 1 1 1 1 1 1 1 1 3 1 1 1 1 1 1 1 1 1 1 1 1 1 1 1 1 1 1 1 1 1 1 1 1 1 1 1 1 1
staticfield java/lang/Short TYPE Ljava/lang/Class; java/lang/Class
ciInstanceKlass java/lang/Integer 1 1 445 7 1 100 1 7 1 7 1 10 12 1 1 9 12 1 1 9 12 1 1 10 100 12 1 1 1 10 12 1 1 10 100 12 1 1 1 10 10 12 1 1 10 100 12 1 1 1 10 12 1 10 12 1 1 10 7 12 1 1 1 10 12 1 1 10 12 1 1 10 12 1 10 12 1 10 12 1 1 10 10 12 1 9 12 1 1 9 12 1 100 1 8 1 10 12 1 100 1 10 12 1 8 1 10 12 1 1 10 12 1 8 1 10 12 1 8 1 10 12 1 1 3 10 12 1 1 3 10 12 1 1 10 12 1 1 10 7 12 1 1 1 11 7 1 100 1 10 11 10 12 1 1 8 1 10 12 1 1 8 1 100 1 10 12 1 1 10 12 1 1 5 0 8 1 10 12 1 10 12 1 10 12 1 10 12 1 1 7 1 9 12 1 1 9 12 1 1 10 12 1 10 7 1 9 12 1 10 12 1 10 12 1 10 12 1 1 10 7 12 1 1 1 100 1 100 1 10 12 1 1 10 12 1 1 8 1 8 1 10 12 1 1 8 1 8 1 8 1 8 1 8 1 8 1 10 12 1 10 12 1 10 12 1 5 0 3 3 3 3 10 12 1 3 10 12 1 10 100 12 1 1 1 10 12 1 1 10 12 1 1 8 1 10 7 12 1 1 1 9 12 1 1 3 3 3 3 3 3 9 12 1 1 100 1 100 1 100 1 1 1 1 1 1 1 3 1 3 1 1 5 0 1 1 1 1 1 1 1 1 1 100 1 1 1 1 1 1 1 1 1 1 1 1 1 1 1 1 1 1 1 1 1 1 1 1 1 1 1 1 1 1 1 1 1 1 1 1 1 1 1 3 1 1 1 1 1 1 1 1 1 1 1 1 1 1 1 1 100 1 1 1 1 1 1 1 1 1 1 1 1 1 1 1 1 1 1 1 1 1 1 1 1 1 1 1 1 1 1 1 100 1 1 1 1 1 1 1 1 1 100 1 100 1 1
staticfield java/lang/Integer TYPE Ljava/lang/Class; java/lang/Class
staticfield java/lang/Integer digits [C 36
staticfield java/lang/Integer DigitTens [B 100
staticfield java/lang/Integer DigitOnes [B 100
staticfield java/lang/Integer sizeTable [I 10
ciMethod java/lang/Integer valueOf (I)Ljava/lang/Integer; 48 0 4914 0 -1
ciInstanceKlass java/lang/Long 1 1 506 7 1 100 1 7 1 100 1 10 12 1 1 9 12 1 1 9 7 12 1 1 1 10 100 12 1 1 1 10 12 1 1 10 100 12 1 1 1 10 10 12 10 12 1 10 12 1 10 12 1 5 0 5 0 7 1 10 12 1 1 10 12 1 1 10 12 1 10 12 1 10 12 1 10 12 1 1 10 100 12 1 1 10 12 1 10 12 1 1 10 12 1 1 10 12 1 1 10 12 1 1 10 100 12 1 1 1 10 12 1 1 10 12 1 10 12 1 10 12 1 10 12 1 1 10 10 12 1 5 0 5 0 9 12 1 1 9 12 1 5 0 100 1 8 1 10 12 1 8 1 10 12 1 8 1 8 1 10 12 1 1 5 0 10 12 1 1 5 0 10 12 1 1 10 12 1 1 10 100 12 1 1 1 11 100 1 100 1 10 11 10 12 1 1 8 1 10 12 1 1 8 1 100 1 10 12 1 1 10 12 1 8 1 8 1 11 12 1 1 10 12 1 10 12 1 10 12 1 5 0 5 0 9 7 12 1 1 1 10 12 1 10 12 1 1 8 1 8 1 10 12 1 1 8 1 8 1 8 1 8 1 8 1 8 1 10 12 1 10 12 1 10 12 1 1 10 7 1 9 12 1 1 10 12 1 10 12 1 1 10 7 12 1 1 1 100 1 100 1 10 12 1 1 10 12 1 1 5 0 10 12 1 10 12 1 5 0 5 0 5 0 10 12 1 1 5 0 5 0 10 12 1 10 12 1 10 100 12 1 1 1 10 12 1 1 10 12 1 1 8 1 10 7 12 1 1 1 9 12 1 1 100 1 100 1 100 1 1 1 1 5 0 1 1 1 1 3 1 3 1 5 0 1 1 1 1 1 1 1 1 1 100 1 1 1 1 1 1 1 1 1 1 1 1 1 1 1 1 1 1 1 1 1 1 1 1 1 1 1 1 1 1 1 1 1 1 1 1 1 1 1 1 1 1 1 1 1 1 1 1 1 1 1 1 1 1 3 1 1 1 1 1 1 1 1 1 1 1 1 1 1 1 100 1 1 1 1 1 1 1 1 1 1 1 1 1 1 1 1 1 1 1 1 1 1 1 1 1 1 1 100 1 1 1 1 1 1 1 1 1 100 1 100 1 1
staticfield java/lang/Long TYPE Ljava/lang/Class; java/lang/Class
instanceKlass java/lang/ref/PhantomReference
instanceKlass java/lang/ref/FinalReference
instanceKlass java/lang/ref/WeakReference
instanceKlass java/lang/ref/SoftReference
ciInstanceKlass java/lang/ref/Reference 1 1 195 9 7 12 1 1 1 9 7 12 1 1 10 12 1 1 10 12 1 1 9 12 1 1 10 12 1 1 9 12 1 1 9 12 1 1 7 1 10 12 1 10 7 12 1 1 10 12 1 10 12 1 1 10 12 1 9 12 1 10 12 1 1 10 12 1 10 12 1 9 12 1 100 1 100 1 10 12 1 9 12 1 9 12 1 100 1 10 10 12 1 10 10 7 12 1 1 10 7 12 1 1 1 10 12 1 1 10 7 12 1 1 7 1 8 1 10 12 1 10 12 1 1 10 12 1 1 10 12 1 7 1 10 10 7 12 1 1 1 1 1 1 1 1 1 1 1 1 1 1 1 1 1 1 1 100 1 1 1 100 1 1 1 1 1 1 1 1 1 1 1 1 1 1 1 1 1 1 1 1 1 1 1 1 1 1 1 1 1 1 1 1 1 1 1
staticfield java/lang/ref/Reference processPendingLock Ljava/lang/Object; java/lang/Object
staticfield java/lang/ref/Reference $assertionsDisabled Z 1
instanceKlass sun/security/util/MemoryCache$SoftCacheEntry
instanceKlass java/util/ResourceBundle$BundleReference
instanceKlass sun/util/locale/provider/LocaleResources$ResourceReference
instanceKlass sun/util/resources/Bundles$BundleReference
instanceKlass sun/util/locale/LocaleObjectCache$CacheEntry
instanceKlass org/springframework/util/ConcurrentReferenceHashMap$SoftEntryReference
instanceKlass java/lang/invoke/LambdaFormEditor$Transform
ciInstanceKlass java/lang/ref/SoftReference 1 1 47 10 7 12 1 1 1 9 7 12 1 1 1 9 12 1 10 12 1 10 12 1 1 1 1 1 1 1 1 1 1 1 1 1 1 1 1 1 1 1 1 100 1 1 1 1 1
ciMethod java/lang/ref/SoftReference get ()Ljava/lang/Object; 512 0 5390 0 160
ciInstanceKlass java/security/PrivilegedAction 1 0 14 100 1 100 1 1 1 1 1 1 1 1 1 1
instanceKlass org/apache/tomcat/util/collections/ManagedConcurrentWeakHashMap$Key
instanceKlass org/springframework/cglib/core/WeakCacheKey
instanceKlass java/util/ResourceBundle$KeyElementReference
instanceKlass java/util/logging/LogManager$LoggerWeakRef
instanceKlass java/util/logging/Level$KnownLevel
instanceKlass java/lang/WeakPairMap$WeakRefPeer
instanceKlass java/lang/ClassValue$Entry
instanceKlass java/lang/invoke/MethodType$ConcurrentWeakInternSet$WeakEntry
instanceKlass java/lang/ThreadLocal$ThreadLocalMap$Entry
instanceKlass java/util/WeakHashMap$Entry
ciInstanceKlass java/lang/ref/WeakReference 1 1 31 10 7 12 1 1 1 10 12 1 100 1 1 1 1 1 1 1 1 1 1 1 1 1 1 1 1 1 1 1 1
ciMethod java/lang/ref/Reference get ()Ljava/lang/Object; 0 0 1 0 -1
instanceKlass java/lang/ref/Finalizer
ciInstanceKlass java/lang/ref/FinalReference 1 1 47 10 7 12 1 1 1 10 7 12 1 1 1 10 12 1 1 100 1 8 1 10 12 1 1 1 1 1 1 1 1 1 1 1 1 1 1 1 1 1 1 1 1 1 1 1 1
ciInstanceKlass java/lang/ref/Finalizer 1 1 152 9 7 12 1 1 1 10 7 12 1 1 1 9 12 1 1 9 12 1 1 9 12 1 9 12 1 10 12 1 10 12 1 1 9 12 1 1 100 1 10 12 1 7 1 11 7 12 1 1 100 1 10 12 1 100 1 10 12 1 10 100 12 1 1 1 10 100 12 1 1 1 100 1 10 10 12 1 10 7 12 1 1 1 7 1 10 7 1 10 10 7 12 1 1 1 10 12 1 1 10 7 12 1 1 7 1 10 12 1 10 12 1 1 10 12 1 1 10 12 1 1 1 1 1 1 1 1 1 1 1 1 1 1 1 1 1 1 1 1 1 1 1 1 1 1 1 1 1 1 1 1
staticfield java/lang/ref/Finalizer lock Ljava/lang/Object; java/lang/Object
staticfield java/lang/ref/Finalizer $assertionsDisabled Z 1
instanceKlass org/h2/util/CloseWatcher
instanceKlass jdk/internal/ref/PhantomCleanable
instanceKlass jdk/internal/ref/Cleaner
ciInstanceKlass java/lang/ref/PhantomReference 1 1 39 10 100 12 1 1 1 10 7 12 1 1 1 1 1 1 1 1 1 1 1 1 1 1 1 1 1 1 1 1 1 1 1 1 1 1 1 1 1
instanceKlass java/lang/ref/ReferenceQueue$Null
ciInstanceKlass java/lang/ref/ReferenceQueue 1 1 140 10 7 12 1 1 1 7 1 10 9 7 12 1 1 1 9 12 1 1 9 7 12 1 1 1 9 12 1 9 12 1 9 12 1 1 100 1 10 9 12 1 1 9 12 1 7 1 10 7 12 1 1 1 10 12 1 10 12 1 1 100 1 8 1 10 12 1 10 7 12 1 1 1 10 12 1 1 5 0 10 12 1 1 11 100 12 1 1 1 10 7 12 1 1 1 7 1 10 1 1 1 1 1 1 1 1 1 1 1 1 1 1 100 1 1 1 1 1 1 1 1 1 100 1 1 1 1 1 1 1 1 1 1 1 1 1 1 1 1
staticfield java/lang/ref/ReferenceQueue NULL Ljava/lang/ref/ReferenceQueue; java/lang/ref/ReferenceQueue$Null
staticfield java/lang/ref/ReferenceQueue ENQUEUED Ljava/lang/ref/ReferenceQueue; java/lang/ref/ReferenceQueue$Null
staticfield java/lang/ref/ReferenceQueue $assertionsDisabled Z 1
instanceKlass java/lang/reflect/Executable
instanceKlass java/lang/reflect/Field
ciInstanceKlass java/lang/reflect/AccessibleObject 1 1 398 10 7 12 1 1 1 9 100 12 1 1 1 10 100 12 1 1 1 10 7 12 1 1 10 7 12 1 1 1 10 100 12 1 1 1 10 12 1 1 10 12 1 1 9 12 1 1 100 1 10 7 12 1 1 1 11 12 1 100 1 10 12 1 7 1 100 1 10 12 1 10 12 1 1 7 1 10 7 12 1 1 1 10 12 1 1 100 1 10 12 1 1 100 1 10 10 10 7 12 1 1 1 10 12 1 1 10 12 1 10 12 1 10 12 1 1 10 12 1 8 1 100 1 10 10 12 1 1 8 1 10 12 1 10 12 1 8 1 8 1 8 1 8 1 8 1 8 1 100 1 10 12 1 10 12 1 9 12 1 1 10 12 1 1 10 12 1 10 11 100 1 100 1 8 1 10 10 12 1 10 12 1 1 8 1 10 12 1 8 1 10 12 1 1 10 100 1 8 1 10 11 7 12 1 1 10 12 1 1 10 12 1 1 10 12 1 1 9 12 1 1 100 1 10 12 1 7 1 10 12 1 10 12 1 1 10 100 1 10 12 1 10 12 10 12 1 10 12 1 1 10 12 1 10 12 1 1 10 12 1 9 12 1 10 100 12 1 1 8 1 10 100 12 1 1 1 8 1 10 100 12 1 1 1 9 12 1 100 1 10 7 1 10 10 7 12 1 1 1 7 1 10 10 7 12 1 1 1 7 1 9 12 1 1 1 1 1 1 1 1 1 1 1 1 1 1 1 1 1 1 1 1 1 1 1 1 1 1 1 1 1 1 1 1 1 1 1 1 1 1 1 1 1 1 1 1 1 1 1 1 1 1 1 1 1 1 1 1 1 1 1 1 1 1 1 1 1 1 1 1 1 1 1 1 1 1 1 1 1 1 1 1 1 1 1 1 1
staticfield java/lang/reflect/AccessibleObject reflectionFactory Ljdk/internal/reflect/ReflectionFactory; jdk/internal/reflect/ReflectionFactory
instanceKlass java/lang/reflect/Constructor
instanceKlass java/lang/reflect/Method
ciInstanceKlass java/lang/reflect/Executable 1 1 548 10 7 12 1 1 1 10 7 12 1 1 1 10 7 12 1 1 1 11 7 12 1 1 1 10 7 12 1 1 1 10 12 1 1 10 7 12 1 1 1 10 100 12 1 1 1 10 12 1 8 1 10 10 12 1 1 10 12 1 1 10 100 12 1 1 1 18 12 1 1 11 100 12 1 1 1 8 1 8 1 8 1 10 100 12 1 1 1 11 12 1 1 7 1 8 1 8 1 10 12 1 100 1 8 1 10 12 1 8 1 11 100 12 1 1 1 100 1 10 12 1 1 11 12 1 8 1 18 8 1 10 12 1 10 12 1 1 18 8 1 10 12 1 100 1 10 12 1 10 12 1 11 100 12 1 1 10 12 1 1 8 1 8 1 10 12 1 1 10 12 1 1 10 10 12 1 100 1 10 10 12 1 10 12 1 1 10 7 12 1 1 10 12 1 10 12 1 10 12 1 1 10 7 12 1 1 10 12 1 10 12 1 10 7 12 1 1 1 10 12 1 8 1 10 12 1 10 12 1 3 100 1 8 1 10 12 1 10 12 1 10 10 12 1 10 12 1 1 8 1 8 1 8 1 9 12 1 10 12 1 100 1 8 1 9 12 1 10 12 1 10 12 1 1 10 12 1 1 10 12 1 10 12 10 12 1 7 1 10 12 1 10 12 1 1 100 1 10 100 12 1 1 1 7 1 10 7 12 1 1 1 10 12 1 1 11 7 12 1 1 10 7 12 1 1 10 100 12 1 1 1 10 12 1 1 9 12 1 10 12 1 1 10 12 1 10 12 1 1 9 100 12 1 1 1 10 100 12 1 1 1 10 12 1 10 12 1 1 9 12 1 10 10 10 10 100 12 1 1 1 10 12 1 9 12 1 10 12 1 1 9 12 1 100 1 100 1 1 1 1 1 1 1 1 1 1 1 1 1 1 1 1 1 1 1 1 1 1 1 1 1 1 1 1 1 1 1 1 1 1 100 1 1 1 1 1 1 1 1 100 1 1 1 1 1 1 1 1 1 1 1 1 100 1 1 1 1 1 1 1 1 1 1 1 1 1 1 1 1 1 1 1 1 1 1 1 1 1 1 1 1 1 1 1 1 1 1 1 1 1 1 1 1 1 100 1 1 1 1 1 1 1 1 1 1 1 1 1 1 1 1 1 1 1 1 1 100 1 100 1 1 15 10 100 12 1 1 1 16 15 16 1 16 1 15 10 12 16 1 100 1 1 100 1 100 1 1
ciInstanceKlass java/lang/reflect/Member 1 0 23 100 1 100 1 1 1 1 3 1 3 1 1 1 1 1 1 1 1 1 1 1 1
ciInstanceKlass java/lang/reflect/Constructor 1 1 429 10 7 12 1 1 1 10 7 12 1 1 9 7 12 1 1 1 10 12 1 1 10 12 1 1 10 7 12 1 1 9 12 1 1 10 7 12 1 1 1 9 12 1 1 9 12 1 1 9 12 1 9 12 1 1 9 12 1 9 12 1 1 9 12 1 1 9 12 1 100 1 8 1 10 12 1 10 12 1 9 12 1 1 10 7 12 1 1 10 7 12 1 1 1 10 12 1 1 10 12 1 1 10 12 1 7 1 100 1 8 1 10 10 12 1 10 12 1 10 12 1 1 10 12 1 1 100 1 10 7 12 1 1 10 12 1 1 10 12 1 10 12 1 1 10 7 12 1 1 1 10 100 12 1 1 10 12 1 1 10 12 1 10 100 12 1 1 1 8 1 10 10 12 1 100 1 8 1 10 12 1 10 12 1 1 10 12 1 1 10 12 1 10 12 1 10 12 1 1 10 12 1 1 9 12 1 1 10 12 1 1 10 12 1 1 10 12 1 8 1 10 12 1 1 11 7 12 1 1 1 10 12 1 1 10 12 1 10 12 1 9 12 1 1 10 7 12 1 1 1 10 12 1 1 10 12 1 1 10 12 1 1 10 12 1 1 10 12 1 9 100 12 1 1 10 12 1 10 12 1 10 12 1 100 1 8 1 10 10 12 1 1 10 12 1 10 10 12 1 1 10 12 1 1 10 100 12 1 1 1 11 100 12 1 1 1 10 12 1 1 9 100 12 1 1 1 10 100 12 1 1 1 10 12 1 1 1 1 1 1 1 1 1 1 1 1 1 1 1 1 1 1 1 1 1 1 1 1 1 1 1 1 1 1 1 1 1 1 1 1 1 1 1 1 1 1 1 1 1 1 1 1 1 1 1 100 1 100 1 100 1 100 1 1 1 1 1 1 1 1 1 1 1 1 1 1 1 1 1 1 1 1 1 1 1 1 1 1 1 1 1 1 1 1 1 100 1 1
ciInstanceKlass java/lang/reflect/Method 1 1 446 9 7 12 1 1 1 10 7 12 1 1 1 10 7 12 1 1 9 12 1 1 10 12 1 1 10 12 1 1 10 7 12 1 1 10 7 12 1 1 1 9 12 1 1 9 12 1 9 12 1 1 9 12 1 9 12 1 9 12 1 1 9 12 1 9 12 1 1 9 12 1 9 12 1 9 12 1 1 100 1 8 1 10 12 1 10 12 1 9 12 1 1 8 1 10 7 12 1 1 10 7 12 1 1 1 10 12 1 1 10 12 1 1 10 12 1 10 12 1 1 10 12 1 1 7 1 10 12 1 1 10 12 10 7 12 1 1 10 12 1 1 10 12 1 10 12 1 10 12 1 10 7 12 1 1 1 10 12 1 1 10 7 1 10 7 12 1 1 1 10 7 12 1 1 10 12 1 1 10 12 1 1 10 12 1 10 7 12 1 1 1 10 12 1 10 8 1 10 12 1 10 12 1 7 1 8 1 8 1 8 1 10 12 1 10 12 1 1 10 12 1 1 10 10 12 1 1 10 12 1 11 100 1 9 12 1 1 10 12 1 1 10 12 1 10 12 1 1 10 12 1 1 11 7 12 1 1 1 10 12 1 10 12 1 10 12 1 10 12 1 10 12 1 9 12 1 1 10 7 12 1 1 1 10 12 1 1 10 7 12 1 1 1 10 7 12 1 1 1 10 7 12 1 1 1 11 7 12 1 1 1 10 7 12 1 1 1 7 1 100 1 100 1 10 12 1 10 12 1 1 10 12 1 100 1 8 1 10 12 1 10 10 12 1 1 10 12 1 1 10 12 1 1 10 12 1 1 8 1 10 12 1 1 1 1 1 1 1 1 1 1 1 1 1 1 1 1 1 1 1 1 1 1 1 1 1 1 1 1 1 1 1 1 1 1 1 1 1 1 1 1 1 1 1 1 1 1 1 1 1 1 1 1 1 100 1 100 1 100 1 1 1 1 1 1 1 1 1 1 1 1 1 1 1 1 1 1 1 1 1 1 1 1 1 1
ciMethod java/lang/reflect/Method setAccessible (Z)V 36 0 70 0 -1
ciMethod java/lang/reflect/Method getName ()Ljava/lang/String; 292 0 146 0 -1
ciMethod java/lang/reflect/Method getParameterTypes ()[Ljava/lang/Class; 520 0 3595 0 -1
ciMethod java/lang/reflect/Method getParameterCount ()I 780 0 12928 0 -1
ciInstanceKlass java/lang/reflect/Field 1 1 437 9 7 12 1 1 1 10 12 1 1 10 100 12 1 1 1 10 100 12 1 1 9 12 1 1 10 12 1 1 10 12 1 1 10 100 12 1 1 10 7 12 1 1 1 9 12 1 1 9 12 1 9 12 1 9 12 1 1 9 12 1 1 9 12 1 9 12 1 1 9 12 1 1 100 1 8 1 10 12 1 10 12 1 9 12 1 1 9 12 1 10 12 1 10 7 12 1 1 10 12 1 1 10 12 1 1 10 12 1 10 12 1 1 7 1 10 12 1 1 10 12 1 1 10 12 1 1 10 12 1 10 12 1 10 7 1 10 7 12 1 1 100 1 10 8 1 10 12 1 1 10 12 1 1 8 1 10 12 10 12 1 8 1 8 1 10 11 100 1 9 12 1 10 12 1 1 10 12 1 1 11 7 12 1 1 1 11 12 1 1 11 12 1 1 11 12 1 1 11 12 1 1 11 12 1 1 11 12 1 1 11 12 1 1 11 12 1 1 11 12 1 1 11 12 1 1 11 12 1 1 11 12 1 1 11 12 1 1 11 12 1 1 11 12 1 1 11 12 1 1 11 12 1 1 10 12 1 10 100 12 1 1 10 12 1 10 12 1 1 10 12 9 12 1 1 10 7 12 1 1 1 10 12 1 1 10 7 12 1 1 10 12 1 1 11 7 1 10 12 1 100 1 10 100 12 1 1 1 10 7 12 1 1 1 9 12 1 10 7 12 1 1 1 11 7 12 1 1 1 10 12 1 1 10 12 1 1 9 100 12 1 1 1 10 100 12 1 1 1 10 12 1 1 100 1 1 1 1 1 1 1 1 1 1 1 1 1 1 1 1 1 1 1 1 1 1 1 1 1 1 1 1 1 1 1 1 1 1 1 100 1 1 1 1 1 1 1 1 1 1 1 1 1 1 1 1 1 1 1 1 1 1 1 1 1 1 1 1 1 1 1 1 1 1 100 1 1 1 1 1 1 1 1 100 1 1
ciInstanceKlass java/lang/reflect/Parameter 1 1 226 10 7 12 1 1 1 9 7 12 1 1 1 9 12 1 1 9 12 1 1 9 12 1 10 12 1 1 10 12 1 1 10 7 12 1 1 1 100 1 10 10 12 1 1 11 100 12 1 1 1 10 12 1 10 100 12 1 1 1 10 12 1 1 10 12 1 10 12 1 8 1 8 1 10 7 12 1 1 1 10 12 1 10 12 10 12 1 8 1 10 12 1 9 12 1 1 10 12 1 1 9 12 1 1 10 12 1 1 10 12 1 1 10 12 1 1 10 12 1 10 10 12 1 10 100 12 1 1 1 10 12 1 1 11 100 12 1 1 10 100 12 1 1 100 1 10 100 12 1 1 1 10 12 1 1 10 12 1 1 10 12 1 1 10 12 1 1 9 12 1 100 1 10 11 12 1 1 11 12 1 1 100 1 1 1 1 1 1 1 1 1 1 1 1 1 1 1 1 1 1 1 1 1 1 1 1 1 1 1 1 1 1 1 1 1 1 1 1 1 1 100 1 1 1 1
ciMethod java/lang/reflect/AccessibleObject checkAccess (Ljava/lang/Class;Ljava/lang/Class;Ljava/lang/Class;I)V 198 0 336 0 0
ciMethod java/lang/reflect/AccessibleObject printStackTraceWhenAccessFails ()Z 0 0 1 0 -1
ciMethod java/lang/reflect/AccessibleObject verifyAccess (Ljava/lang/Class;Ljava/lang/Class;Ljava/lang/Class;I)Z 460 0 336 0 -1
ciInstanceKlass java/lang/reflect/Array 1 1 83 10 100 12 1 1 1 10 7 12 1 1 1 10 12 1 1 1 1 1 1 1 1 1 1 1 1 1 1 1 100 1 1 1 1 1 100 1 1 1 1 1 1 1 1 100 1 1 1 1 1 1 1 1 1 1 1 1 1 1 1 1 1 1 1 1 1 1 1 1 1 1 1 1 1 1 1 1 1 1 1 1 1
ciInstanceKlass java/util/function/Function 1 1 77 10 7 12 1 1 1 18 12 1 1 18 18 12 1 11 7 12 1 100 1 1 1 1 1 1 1 1 1 1 1 1 1 1 1 1 1 1 1 1 1 1 1 1 1 1 1 1 1 1 1 1 1 1 15 10 7 12 1 1 1 16 15 11 12 15 11 12 15 11 12 1 100 1 100 1 1
ciMethod java/lang/reflect/Array getLength (Ljava/lang/Object;)I 514 0 257 0 -1
ciInstanceKlass java/lang/StringBuffer 1 1 470 10 7 12 1 1 1 10 12 1 10 12 1 10 12 1 1 9 7 12 1 1 1 10 12 1 1 10 12 1 10 12 1 1 9 12 1 1 10 12 1 10 12 1 1 10 12 1 1 10 12 1 10 12 1 1 10 12 1 10 12 1 1 10 12 1 1 10 100 12 1 1 1 10 12 1 1 10 12 1 10 12 1 10 12 1 10 12 1 10 12 1 10 12 1 10 12 1 10 12 1 10 12 1 10 12 1 10 12 1 10 12 1 10 12 1 10 12 1 1 10 12 1 10 12 1 1 10 12 1 1 10 10 12 1 1 10 12 1 10 12 1 10 12 1 10 12 1 10 12 1 10 12 1 10 12 10 12 1 10 12 1 10 12 1 10 12 1 1 10 12 1 10 12 1 10 10 12 1 1 10 12 1 1 9 12 1 1 10 7 12 1 1 1 10 100 1 10 10 100 12 1 1 1 10 10 12 1 10 8 10 100 12 1 1 1 8 10 12 1 8 1 10 12 1 10 12 1 10 100 12 1 1 1 10 100 12 1 1 1 7 1 10 12 100 1 8 1 10 10 12 1 1 10 12 1 1 10 12 1 1 10 12 1 10 12 1 10 12 1 10 12 1 10 12 1 10 12 1 10 12 1 10 12 1 10 12 1 10 12 1 10 12 1 10 12 1 10 12 1 10 12 1 10 12 1 10 12 1 10 12 10 12 10 12 1 10 12 1 10 12 1 10 12 10 12 1 10 12 1 10 12 1 10 12 1 10 12 1 10 12 1 10 12 1 10 12 1 10 12 1 10 12 1 10 12 1 7 1 10 12 1 9 7 12 1 1 1 9 7 1 9 12 1 1 100 1 100 1 100 1 1 1 1 5 0 1 1 1 1 1 1 1 1 1 1 1 1 1 1 1 1 1 1 1 1 1 1 1 1 1 1 1 1 1 1 1 1 1 1 1 1 1 1 1 1 1 1 1 1 1 1 1 1 1 1 1 1 1 1 1 1 1 1 1 1 100 1 1 1 1 1 100 1 1 1 1 1 1 1 1 1 1 1 1 1 1 1 1 1
staticfield java/lang/StringBuffer serialPersistentFields [Ljava/io/ObjectStreamField; 3 [Ljava/io/ObjectStreamField;
instanceKlass java/lang/StringBuilder
instanceKlass java/lang/StringBuffer
ciInstanceKlass java/lang/AbstractStringBuilder 1 1 547 7 1 7 1 10 7 12 1 1 1 9 7 12 1 1 1 9 12 1 9 12 1 1 9 12 1 1 10 7 12 1 1 1 10 12 1 1 3 3 10 12 1 10 12 1 1 11 7 1 100 1 100 1 10 8 1 10 12 1 10 12 1 10 12 1 1 10 12 1 10 12 1 10 12 1 9 12 1 1 10 12 1 1 10 7 12 1 1 1 10 10 12 1 10 12 1 10 12 1 1 10 12 1 1 10 7 12 1 1 1 10 7 12 1 1 1 100 1 8 1 10 10 12 1 1 100 1 10 12 10 12 1 1 10 10 12 1 1 10 12 1 1 10 12 1 1 10 12 1 1 100 1 10 10 12 1 10 100 12 1 1 1 10 12 1 1 10 12 1 10 12 1 1 10 10 12 1 1 10 12 10 12 1 10 12 1 1 10 12 1 1 10 12 1 1 10 12 1 10 10 12 1 1 10 12 1 10 12 1 1 8 1 10 12 1 1 10 12 1 10 12 1 10 12 1 10 12 1 10 12 1 10 12 1 10 7 12 1 1 10 12 1 10 12 1 10 100 12 1 1 1 10 12 1 10 12 1 10 12 1 10 12 1 10 12 1 1 10 12 1 10 12 1 1 10 12 1 1 10 10 7 12 1 1 1 10 12 1 10 12 1 10 12 1 1 10 12 1 10 12 1 10 12 1 10 12 1 10 12 1 10 12 1 10 12 1 10 12 1 10 12 1 1 10 12 1 10 12 1 10 12 10 12 1 1 18 12 1 1 100 1 10 100 12 1 1 1 18 10 12 1 1 10 12 1 10 12 1 1 11 12 1 10 12 1 10 12 1 10 10 12 1 10 8 1 8 1 8 1 10 10 100 1 10 12 1 100 1 10 100 1 10 100 1 1 1 3 1 1 1 1 1 1 1 1 1 1 100 1 1 1 1 1 1 1 1 1 1 1 1 1 1 1 1 1 1 1 1 1 1 1 1 1 1 1 1 1 1 1 1 1 1 1 1 1 1 1 1 1 1 1 1 1 1 1 1 1 1 1 1 1 1 1 1 1 1 1 1 1 1 1 1 1 1 1 1 1 1 1 1 1 1 1 1 1 1 1 1 1 1 1 1 1 1 1 1 1 1 1 1 1 1 1 1 1 100 1 1 100 1 1 1 1 1 100 1 1 1 1 1 1 15 10 100 12 1 1 1 16 1 15 10 12 16 15 10 12 1 1 1 1 100 1 100 1 1
staticfield java/lang/AbstractStringBuilder EMPTYVALUE [B 0
ciInstanceKlass java/lang/SecurityManager 0 0 576 10 100 12 1 1 1 9 100 12 1 1 1 10 100 12 1 1 1 100 1 8 1 10 12 1 10 12 1 1 10 100 12 1 1 1 10 100 1 10 100 1 10 9 100 12 1 1 1 10 100 12 1 1 1 10 12 1 1 10 100 12 1 1 100 1 8 1 10 9 12 1 1 9 12 1 8 1 9 12 1 100 1 10 8 1 10 12 1 1 10 12 1 10 12 1 1 100 1 10 10 12 1 1 100 1 8 1 10 12 1 8 1 8 1 8 1 8 1 8 1 8 1 10 12 1 8 1 8 1 8 1 8 1 8 1 10 100 12 1 1 1 10 12 1 1 8 1 100 1 8 1 10 8 1 8 1 8 1 8 1 8 1 10 100 12 1 1 8 1 100 1 8 1 8 1 10 8 1 10 12 1 100 1 8 1 10 10 12 1 1 10 12 1 10 12 1 10 12 1 10 100 12 1 1 1 10 12 1 10 100 12 1 1 11 100 12 1 1 1 18 12 1 1 11 100 12 1 1 1 18 12 1 1 11 12 1 1 18 18 11 12 1 18 12 1 11 12 1 1 9 12 1 1 9 12 1 9 12 1 9 12 1 100 1 10 100 12 1 1 10 12 1 10 12 1 18 12 1 18 10 100 12 1 1 1 18 12 1 10 12 1 18 18 8 1 10 12 1 9 12 1 1 11 100 12 1 1 1 8 1 100 1 10 12 1 10 12 1 1 10 12 1 1 9 12 1 1 10 12 1 10 12 1 1 8 1 100 1 10 9 12 1 8 1 10 12 1 8 1 100 1 10 10 100 12 1 1 10 100 1 9 100 12 1 1 1 11 12 1 1 10 12 1 11 12 1 10 12 1 100 1 10 10 12 1 1 10 12 1 1 1 1 1 1 1 1 1 1 1 100 1 1 1 1 1 1 1 1 1 1 1 1 1 1 1 1 1 1 1 1 1 1 1 1 1 1 1 1 1 1 1 1 1 1 1 1 1 1 1 1 1 1 1 1 1 1 1 1 1 1 1 1 1 1 1 1 3 1 1 1 1 1 1 1 1 1 1 100 1 1 1 1 1 1 1 1 1 1 1 1 1 1 1 1 1 1 1 1 1 1 1 1 1 1 1 1 1 1 1 1 1 1 1 1 1 1 15 10 100 12 1 1 1 16 15 10 100 12 1 1 1 16 1 16 15 10 12 16 1 15 10 12 16 15 11 100 1 16 1 16 1 15 10 12 16 15 10 12 16 15 10 12 1 16 1 15 11 12 1 15 10 12 16 15 10 16 1 1 1 1 100 1 100 1 1
ciInstanceKlass java/security/AccessControlContext 1 1 373 9 7 12 1 1 1 9 12 1 1 10 7 12 1 1 1 8 1 10 7 12 1 1 1 10 7 12 1 1 1 9 12 1 9 12 1 1 9 12 1 1 10 7 12 1 1 100 1 10 12 1 11 100 12 1 1 1 11 12 1 11 12 1 11 12 1 1 7 1 11 12 1 1 10 12 1 10 7 12 1 1 1 9 100 12 1 1 1 10 100 12 1 1 1 11 100 12 1 1 1 10 7 1 100 1 8 1 10 12 1 10 12 1 1 7 1 10 7 12 1 1 1 9 12 1 9 12 1 9 12 1 9 12 1 1 9 12 1 1 9 12 1 9 12 1 10 7 12 1 1 1 9 12 1 10 12 1 1 10 12 1 1 8 1 10 12 1 1 10 12 1 1 10 100 12 1 1 1 7 1 10 10 12 1 1 10 100 12 1 1 1 10 8 1 10 100 12 1 1 8 1 10 100 12 1 1 8 1 8 1 10 12 1 8 1 10 12 1 8 1 10 12 1 10 12 1 10 12 1 1 8 1 8 1 100 1 10 12 1 10 12 1 1 7 1 10 12 1 8 1 10 12 1 10 12 1 10 8 1 10 12 1 1 10 12 1 1 10 12 1 1 10 12 1 1 10 12 1 10 12 1 10 12 1 10 12 1 1 10 10 10 12 1 1 1 1 1 1 1 1 1 1 1 1 1 1 1 1 1 1 1 1 1 1 1 1 100 1 1 1 1 1 1 1 1 1 1 1 1 1 1 1 1 1 1 1 1 1 1 1 1 1 1 1 1 1 1 1 1 1 1 1 1 1 1 1 1 1 1 1 1 1 1 1 1 1 1 1 1 3 1 1
ciInstanceKlass java/net/URL 1 1 743 10 7 12 1 1 1 10 12 1 10 7 12 1 1 9 12 1 1 9 12 1 10 7 12 1 1 1 10 12 1 1 10 12 1 1 9 12 1 1 10 7 12 1 1 1 8 1 10 12 1 1 7 1 10 10 12 1 1 8 1 10 12 1 1 9 12 1 7 1 8 1 10 12 1 10 12 1 8 1 9 12 1 10 12 1 1 9 12 1 10 12 1 10 12 1 9 12 1 9 12 1 8 1 9 12 1 10 12 1 1 8 1 9 12 1 1 10 12 1 1 10 7 12 1 1 1 8 1 10 12 1 7 1 10 12 1 10 12 1 10 12 1 10 12 1 1 10 12 1 1 8 1 10 12 1 1 10 12 1 8 1 9 12 1 8 1 10 12 1 10 7 12 1 1 1 100 1 10 12 1 10 12 1 1 10 7 12 1 1 1 7 1 8 1 10 10 12 1 8 1 10 12 1 1 10 12 1 10 12 1 10 12 1 10 12 1 10 12 1 8 1 10 12 1 10 10 7 12 1 1 1 10 12 1 9 100 12 1 1 1 10 100 12 1 1 1 9 12 1 1 10 12 1 10 100 12 1 1 1 100 1 100 1 10 12 1 10 12 1 10 12 1 10 12 1 10 12 1 10 12 10 10 10 12 1 100 1 10 12 1 10 12 1 1 8 1 9 100 12 1 1 1 10 100 12 1 1 1 10 12 1 1 9 100 12 1 1 1 10 12 1 1 100 1 10 12 1 10 12 1 10 10 12 1 1 10 12 1 1 10 12 1 10 12 1 10 12 1 10 7 12 1 1 1 10 12 1 1 10 12 1 9 12 1 1 9 12 1 1 100 1 8 1 10 10 12 1 9 12 1 1 10 7 12 1 1 8 1 10 100 12 1 1 8 1 10 12 1 1 10 12 1 8 1 8 1 10 7 12 1 1 1 100 1 10 100 12 1 1 1 10 12 1 10 12 1 100 1 10 9 12 1 1 10 7 12 1 1 8 1 10 12 1 1 100 1 10 10 100 12 1 1 1 8 9 100 12 1 1 1 10 12 1 10 12 1 10 12 1 10 12 1 10 100 12 1 1 11 7 12 1 1 10 12 1 10 12 1 9 12 1 10 12 1 1 10 100 12 1 1 10 100 12 1 1 1 8 10 100 12 1 1 100 1 10 8 8 10 12 1 8 8 8 100 1 10 12 1 9 12 1 1 10 12 1 10 12 1 1 10 12 1 10 12 10 12 1 1 10 12 1 1 10 10 10 12 1 10 12 1 10 12 1 10 12 1 10 12 1 10 10 12 1 100 1 8 1 10 10 10 12 1 1 10 12 1 10 12 1 1 8 1 7 1 10 10 10 7 1 10 12 1 9 7 12 1 1 1 9 12 1 1 7 1 10 10 7 12 1 1 1 100 1 1 1 1 1 5 0 1 1 1 1 1 1 1 1 1 1 1 1 1 1 1 1 1 1 1 1 1 1 1 1 1 1 1 1 1 1 1 1 1 1 1 1 1 1 1 100 1 1 1 1 1 1 1 1 1 1 1 1 1 1 1 1 1 1 1 1 1 1 1 1 1 1 1 1 1 1 1 1 1 1 1 1 1 100 1 1 1 1 1 1 1 1 1 1 1 1 1 1 1 1 100 1 1 1 1 1 1 1 1 1 1 1 1 1 1 1 1 1 1
staticfield java/net/URL defaultFactory Ljava/net/URLStreamHandlerFactory; java/net/URL$DefaultFactory
staticfield java/net/URL streamHandlerLock Ljava/lang/Object; java/lang/Object
staticfield java/net/URL serialPersistentFields [Ljava/io/ObjectStreamField; 7 [Ljava/io/ObjectStreamField;
ciInstanceKlass java/util/jar/Manifest 1 1 336 10 7 12 1 1 1 7 1 10 9 7 12 1 1 1 7 1 10 9 12 1 1 9 12 1 1 10 12 1 10 12 1 1 10 12 1 1 10 12 1 1 10 12 1 1 11 7 1 11 12 1 1 10 12 1 1 10 100 12 1 1 1 100 1 100 1 10 8 1 10 12 1 1 10 12 1 1 10 12 1 10 12 1 11 100 1 10 12 1 10 12 1 1 11 12 1 1 10 12 1 11 12 1 1 11 100 12 1 1 1 11 100 12 1 1 11 12 1 1 100 1 10 12 1 8 1 11 12 1 7 1 10 12 1 1 11 12 1 10 12 1 10 12 1 10 100 12 1 1 1 8 1 10 12 1 1 10 9 7 12 1 1 1 10 12 1 1 10 100 12 1 10 12 1 10 12 1 9 100 12 1 1 1 8 1 10 12 1 8 1 8 1 7 1 10 12 1 10 12 1 10 12 1 1 100 1 8 1 10 12 1 1 8 1 10 10 12 1 1 8 1 10 12 1 1 10 7 12 1 1 1 10 12 1 10 11 12 1 1 10 12 1 10 7 12 1 1 1 10 12 1 1 10 12 1 1 11 10 12 1 11 10 12 1 100 1 1 1 1 1 1 1 1 1 1 1 1 1 1 1 1 1 1 1 1 1 1 1 1 1 1 1 1 1 1 1 1 1 1 1 1 1 1 1 1 1 1 1 100 1 1 1 1 1 1 1 1 1 1 1 1 1 1 100 1 1 1 1 1 1 1 1 1 1 1
ciInstanceKlass java/lang/module/ModuleDescriptor 1 1 482 10 7 12 1 1 1 9 7 12 1 1 1 100 1 10 9 12 1 1 9 12 1 1 9 12 1 11 7 12 1 1 1 9 12 1 1 9 7 12 1 1 1 11 12 1 1 9 12 1 9 12 1 9 12 1 11 12 1 1 18 12 1 1 11 100 12 1 1 1 11 12 1 11 12 1 1 11 12 1 1 9 12 1 9 12 1 9 12 1 9 12 1 9 12 1 9 12 1 9 12 1 9 12 1 1 10 7 12 1 1 1 10 100 12 1 1 1 10 12 1 100 1 10 10 12 10 12 1 1 8 1 10 12 1 10 10 7 12 1 1 1 10 12 1 1 10 12 1 10 12 1 1 10 100 12 1 1 10 12 1 10 12 1 11 10 100 12 1 1 10 12 1 10 12 1 11 10 12 1 1 8 1 8 1 10 12 1 11 12 1 8 1 8 1 8 1 8 1 8 1 8 1 7 1 10 12 1 100 1 8 1 10 12 1 7 1 10 12 1 11 12 11 12 1 10 12 1 1 100 1 10 100 12 1 1 1 10 100 12 1 1 1 10 12 1 10 12 1 1 8 1 10 12 1 1 18 11 12 1 11 12 1 1 8 1 10 100 12 1 1 1 11 12 1 1 100 1 11 12 11 12 1 1 10 100 12 1 1 1 10 12 1 11 12 1 1 11 100 12 1 1 11 12 1 1 100 1 10 12 1 10 12 1 10 9 100 12 1 1 1 10 12 1 1 10 7 12 1 1 7 1 10 10 7 12 1 1 1 1 1 1 1 1 1 1 1 1 1 1 1 1 1 1 1 1 1 1 1 1 1 1 1 1 1 1 1 1 1 1 1 1 1 1 1 1 1 1 1 1 1 1 1 1 1 1 1 1 1 1 1 1 1 1 100 1 1 1 1 1 1 1 1 1 1 1 1 1 1 1 1 1 1 1 1 1 1 1 1 1 1 1 1 1 1 1 1 1 1 1 1 1 1 1 1 1 1 100 1 100 1 100 1 100 1 100 1 100 1 100 1 1 15 10 100 12 1 1 1 16 15 10 16 1 15 10 12 16 1 1 1 1 1 1 1 1 1 100 1 100 1 1
staticfield java/lang/module/ModuleDescriptor $assertionsDisabled Z 1
ciInstanceKlass java/util/Objects 1 1 151 10 7 12 1 1 1 100 1 8 1 10 12 1 10 12 1 1 10 7 12 1 1 1 10 12 1 1 10 12 1 10 100 12 1 1 1 10 12 1 1 11 100 12 1 1 1 100 1 10 10 12 1 8 1 10 7 12 1 1 1 8 1 100 1 11 12 1 1 8 1 10 7 12 1 1 1 10 12 1 1 10 12 1 10 12 1 10 12 1 10 12 1 1 1 1 1 1 1 1 1 1 1 1 1 1 1 1 1 1 1 1 1 1 1 1 1 1 1 1 1 1 1 1 1 1 1 1 1 1 1 1 1 1 1 1 1 1 1 1 1 1 1 1 1 1 1 1 1 1 1
instanceKlass org/h2/mvstore/tx/TransactionMap
instanceKlass org/h2/mvstore/MVMap
instanceKlass org/apache/tomcat/util/collections/ManagedConcurrentWeakHashMap
instanceKlass com/fasterxml/jackson/databind/util/internal/PrivateMaxEntriesMap
instanceKlass java/util/concurrent/ConcurrentSkipListMap
instanceKlass org/springframework/util/ConcurrentReferenceHashMap
instanceKlass java/util/Collections$SingletonMap
instanceKlass java/util/EnumMap
instanceKlass java/util/TreeMap
instanceKlass java/util/IdentityHashMap
instanceKlass java/util/WeakHashMap
instanceKlass java/util/Collections$EmptyMap
instanceKlass sun/util/PreHashedMap
instanceKlass java/util/HashMap
instanceKlass java/util/ImmutableCollections$AbstractImmutableMap
instanceKlass java/util/concurrent/ConcurrentHashMap
ciInstanceKlass java/util/AbstractMap 1 1 192 10 7 12 1 1 1 10 7 12 1 1 1 11 7 12 1 1 1 10 11 12 1 1 11 7 12 1 1 1 11 12 1 1 7 1 11 12 1 10 12 1 1 11 12 1 100 1 10 11 12 1 11 7 1 10 12 1 1 11 12 1 9 12 1 1 7 1 10 12 1 9 12 1 1 100 1 10 11 11 12 1 1 11 12 1 100 1 100 1 11 12 1 8 1 100 1 10 10 12 1 1 8 1 10 12 1 10 12 1 1 10 12 1 1 1 1 1 1 1 1 1 1 1 1 1 1 1 1 1 1 1 1 1 1 1 1 1 1 1 1 1 1 1 1 1 1 1 1 1 1 1 1 100 1 1 1 1 1 1 1 1 1 1 1 1 1 1 1 1 100 1 1 1 1 1 1 1 1 1 100 1 100 1 100 1 100 1 1 1 1 1
instanceKlass sun/security/jca/ProviderList$ServiceList
instanceKlass java/util/AbstractList$SubList
instanceKlass sun/security/jca/ProviderList$3
instanceKlass java/util/Collections$CopiesList
instanceKlass java/util/ArrayList$SubList
instanceKlass java/util/Collections$SingletonList
instanceKlass java/util/AbstractSequentialList
instanceKlass java/util/Vector
instanceKlass java/util/Arrays$ArrayList
instanceKlass java/util/Collections$EmptyList
instanceKlass java/util/ArrayList
ciInstanceKlass java/util/AbstractList 1 1 218 10 7 12 1 1 1 9 7 12 1 1 1 10 12 1 1 10 12 1 1 100 1 10 10 12 1 1 11 7 12 1 1 1 11 12 1 1 11 12 1 10 7 12 1 1 1 10 12 1 11 12 1 11 12 1 11 12 1 10 12 1 1 10 12 1 1 11 100 12 1 1 1 11 7 1 11 7 1 10 12 1 7 1 10 12 1 10 12 1 1 7 1 7 1 10 12 1 100 1 10 100 1 100 1 10 8 1 10 12 1 1 10 12 1 10 12 1 1 10 12 1 8 1 100 1 8 1 8 1 8 1 10 7 1 11 10 10 12 1 11 12 1 10 12 1 1 8 1 8 1 1 1 1 1 1 1 1 1 1 1 1 1 1 1 1 1 1 1 1 1 1 1 1 1 1 1 1 1 1 1 1 1 1 1 1 1 1 1 1 1 1 1 1 1 1 1 1 1 1 1 1 1 1 1 1 1 1 100 1 100 1 1 1 1 1 1 1
ciMethod java/util/AbstractCollection contains (Ljava/lang/Object;)Z 0 0 1 0 -1
ciMethod java/util/Objects equals (Ljava/lang/Object;Ljava/lang/Object;)Z 808 0 78285 0 128
ciMethod java/util/Objects hashCode (Ljava/lang/Object;)I 346 0 15319 0 0
ciMethod java/util/Objects requireNonNull (Ljava/lang/Object;)Ljava/lang/Object; 1006 0 161595 0 96
ciInstanceKlass java/lang/AssertionStatusDirectives 0 0 24 10 100 12 1 1 1 100 1 1 1 1 1 1 1 1 1 1 1 1 1 1 1 1
ciInstanceKlass java/lang/invoke/MethodHandleNatives$CallSiteContext 1 1 49 10 7 12 1 1 1 7 1 10 10 7 12 1 1 1 10 7 12 1 1 1 10 7 12 1 1 1 100 1 1 1 1 1 1 1 1 1 1 1 1 1 1 1 1 1 100 1 1
ciInstanceKlass jdk/internal/invoke/NativeEntryPoint 0 0 92 10 100 12 1 1 1 9 100 12 1 1 1 10 100 12 1 1 1 100 1 9 12 1 9 12 1 9 12 1 1 9 12 1 1 9 12 1 1 100 1 8 1 10 12 1 11 100 12 1 1 1 10 12 1 1 10 12 1 11 100 12 1 1 11 12 1 10 12 1 1 10 12 1 1 1 1 1 1 1 1 1 1 1 1 1 1 1 1 1 1 1
instanceKlass java/lang/invoke/VolatileCallSite
instanceKlass java/lang/invoke/MutableCallSite
instanceKlass java/lang/invoke/ConstantCallSite
ciInstanceKlass java/lang/invoke/CallSite 1 1 302 10 7 12 1 1 1 10 7 12 1 1 1 9 7 12 1 1 1 10 12 1 1 9 12 1 1 10 7 12 1 1 1 10 12 1 100 1 10 12 1 1 10 12 1 1 9 100 12 1 1 1 10 100 12 1 1 10 12 1 1 100 1 100 1 10 10 100 12 1 1 1 10 12 1 1 8 1 10 12 1 10 12 1 1 10 12 1 10 12 1 1 10 12 1 1 10 10 100 12 1 1 10 12 1 1 9 12 1 9 100 12 1 1 1 8 1 10 7 12 1 1 1 10 12 1 1 100 1 10 12 1 1 9 12 1 8 1 100 1 10 12 1 10 12 1 100 1 8 1 10 10 12 1 10 12 1 1 100 1 10 12 1 1 10 12 1 10 12 1 10 12 1 1 10 12 1 1 9 12 1 1 8 10 12 1 1 9 12 1 1 100 1 10 10 12 1 10 100 12 1 1 1 10 12 1 1 10 12 1 1 10 12 1 10 7 12 1 1 1 100 1 8 1 10 10 12 10 12 1 1 100 1 100 1 100 1 8 1 10 12 1 10 7 12 1 1 1 1 1 1 1 1 1 1 1 1 1 1 1 1 1 1 1 1 1 1 1 1 1 1 1 1 1 1 1 1 1 1 1 1 1 1 1 1 1 1 1 1 1 1 1 1 1 1 1 1 1 1 1 1 1
staticfield java/lang/invoke/CallSite $assertionsDisabled Z 1
ciInstanceKlass java/lang/invoke/VolatileCallSite 0 0 37 10 100 12 1 1 1 10 12 1 10 100 12 1 1 1 10 12 1 10 12 1 1 1 1 1 1 1 1 1 1 1 1 1 1 1 1
ciInstanceKlass java/lang/invoke/MethodType 1 1 771 7 1 10 7 12 1 1 1 9 12 1 1 9 12 1 1 9 12 1 1 10 7 12 1 1 1 9 7 12 1 1 8 1 10 100 12 1 1 1 9 7 1 9 7 1 10 12 1 1 100 1 10 8 1 10 12 1 1 10 12 1 10 12 1 1 100 1 8 1 10 12 1 100 1 10 10 12 1 10 12 1 1 10 12 1 1 11 7 12 1 1 1 9 12 1 11 12 1 1 7 7 1 10 7 12 1 1 1 10 12 1 9 12 1 1 10 7 12 1 1 10 12 1 1 10 7 12 1 1 1 10 7 12 1 1 1 10 12 1 9 12 1 1 10 12 1 1 7 1 10 12 1 1 10 12 1 1 10 12 1 1 10 12 1 1 10 12 1 1 10 12 1 10 12 1 10 12 1 1 10 12 1 8 1 8 1 10 12 1 1 9 12 1 1 100 1 10 10 12 1 1 10 12 1 10 12 1 1 10 12 1 1 10 12 1 10 12 1 1 10 12 1 8 1 10 12 1 1 10 7 12 1 1 1 10 12 1 10 12 1 1 10 12 1 10 12 1 10 12 1 1 10 12 1 10 12 1 9 12 1 10 12 1 10 10 12 1 1 10 12 1 9 12 1 1 10 12 1 1 10 12 1 1 10 12 1 1 10 12 1 1 7 1 10 12 10 12 1 10 12 1 100 1 8 1 8 1 8 1 10 12 1 10 12 1 10 12 1 10 11 12 1 1 11 12 1 10 100 12 1 1 1 9 12 1 10 12 1 10 12 1 1 10 12 1 1 10 12 1 10 12 1 10 100 12 1 1 1 10 12 1 1 10 12 1 10 12 1 10 12 1 10 9 12 1 1 7 1 10 12 1 10 12 1 1 9 100 12 1 1 1 10 100 12 1 1 1 10 100 12 1 1 1 10 12 1 1 10 7 12 1 1 1 10 12 1 1 8 1 10 7 12 1 1 1 11 12 1 1 9 12 1 1 10 12 1 1 10 12 1 10 12 1 1 10 12 1 1 10 100 12 1 1 100 1 10 12 1 1 11 100 12 1 1 1 18 12 1 1 11 12 1 1 18 12 1 11 12 1 100 1 11 100 12 1 1 10 12 1 100 1 10 12 1 10 100 12 1 1 10 12 1 1 9 12 1 1 9 100 12 1 1 1 10 100 12 1 1 1 9 12 1 10 100 12 1 1 10 12 1 100 10 12 1 1 10 12 1 10 7 1 7 1 9 12 1 1 100 1 100 1 100 1 1 1 5 0 1 1 1 1 1 1 1 3 1 3 1 3 1 1 1 1 1 1 1 1 1 1 1 1 1 1 1 1 1 1 1 1 1 1 1 1 1 1 1 1 1 1 1 1 1 1 1 1 1 1 1 1 1 1 1 1 1 1 1 1 1 1 1 1 1 1 1 1 1 1 1 1 1 1 1 1 1 1 1 1 1 1 1 1 1 1 1 1 1 1 1 1 1 1 1 1 1 1 1 1 1 1 1 1 1 1 1 1 1 1 1 1 1 1 1 1 1 1 1 1 1 1 1 1 1 1 1 1 1 1 1 1 1 1 1 1 1 1 1 100 1 100 1 1 1 1 1 1 1 1 1 1 1 1 1 100 1 1 1 100 1 1 1 1 1 1 1 1 1 1 1 1 1 1 1 1 1 1 1 1 1 15 10 100 12 1 1 1 16 15 10 12 16 16 15 10 12 16 1 1 1 1 100 1 1 100 1 1 100 1 100 1 1
staticfield java/lang/invoke/MethodType internTable Ljava/lang/invoke/MethodType$ConcurrentWeakInternSet; java/lang/invoke/MethodType$ConcurrentWeakInternSet
staticfield java/lang/invoke/MethodType NO_PTYPES [Ljava/lang/Class; 0 [Ljava/lang/Class;
staticfield java/lang/invoke/MethodType objectOnlyTypes [Ljava/lang/invoke/MethodType; 20 [Ljava/lang/invoke/MethodType;
staticfield java/lang/invoke/MethodType METHOD_HANDLE_ARRAY [Ljava/lang/Class; 1 [Ljava/lang/Class;
staticfield java/lang/invoke/MethodType serialPersistentFields [Ljava/io/ObjectStreamField; 0 [Ljava/io/ObjectStreamField;
staticfield java/lang/invoke/MethodType $assertionsDisabled Z 1
ciInstanceKlass java/lang/BootstrapMethodError 0 0 45 10 100 12 1 1 1 10 12 1 10 12 1 10 100 12 1 1 1 10 100 12 1 1 1 1 1 1 5 0 1 1 1 1 1 1 1 1 1 1 1 100 1 1 1
instanceKlass sun/security/pkcs/SignerInfo$AlgorithmInfo
instanceKlass jdk/internal/misc/ThreadTracker$ThreadRef
instanceKlass org/springframework/cglib/core/MethodWrapper$MethodWrapperKey
instanceKlass org/springframework/cglib/proxy/Enhancer$EnhancerKey
instanceKlass org/springframework/util/ConcurrentLruCache$CacheEntry
ciInstanceKlass java/lang/Record 1 1 22 10 7 12 1 1 1 100 1 1 1 1 1 1 1 1 1 1 1 1 1 1
ciInstanceKlass java/lang/ClassNotFoundException 1 1 96 7 1 10 7 12 1 1 1 10 12 1 10 12 1 1 10 100 12 1 1 1 8 1 10 100 12 1 1 1 10 7 12 1 1 10 100 12 1 1 1 10 100 12 1 1 1 10 12 1 1 7 1 10 12 1 9 12 1 1 1 1 1 5 0 1 1 1 1 1 1 1 1 1 1 1 1 1 1 1 1 1 1 100 1 1 1 1 1 1 1 1 1 1 1 1
staticfield java/lang/ClassNotFoundException serialPersistentFields [Ljava/io/ObjectStreamField; 1 [Ljava/io/ObjectStreamField;
ciInstanceKlass jdk/internal/loader/ClassLoaders$AppClassLoader 1 1 119 8 1 10 7 12 1 1 1 10 7 12 1 1 1 10 100 12 1 1 1 10 12 1 1 10 100 12 1 1 1 10 12 1 1 10 12 1 1 7 1 8 1 10 12 10 7 12 1 1 1 10 100 12 1 1 10 12 1 1 10 12 1 1 10 7 12 1 1 1 100 1 10 12 1 1 1 1 1 1 1 1 1 1 1 1 1 1 1 1 1 1 1 1 1 100 1 1 1 1 1 1 1 1 1 1 1 1 1 1 1 1 1 1 1 100 1 1 1
ciInstanceKlass jdk/internal/loader/ClassLoaders$PlatformClassLoader 1 1 42 8 1 10 7 12 1 1 1 10 7 12 1 1 1 100 1 10 12 1 100 1 1 1 1 1 1 1 1 1 1 1 1 1 1 100 1 1 1 100 1 1
ciInstanceKlass java/lang/ArithmeticException 1 1 26 10 100 12 1 1 1 10 12 1 100 1 1 1 1 5 0 1 1 1 1 1 1 1 1 1
ciInstanceKlass java/lang/NullPointerException 1 1 52 10 100 12 1 1 1 10 12 1 9 100 12 1 1 1 10 12 1 1 9 12 1 1 10 12 1 1 10 12 1 1 1 1 5 0 1 1 1 1 1 1 1 1 100 1 100 1 100 1 1 1
ciInstanceKlass java/lang/IllegalMonitorStateException 1 1 26 10 100 12 1 1 1 10 12 1 100 1 1 1 1 5 0 1 1 1 1 1 1 1 1 1
ciInstanceKlass java/lang/OutOfMemoryError 1 1 26 10 7 12 1 1 1 10 12 1 100 1 1 1 1 5 0 1 1 1 1 1 1 1 1 1
ciInstanceKlass java/lang/InternalError 0 0 34 10 100 12 1 1 1 10 12 1 10 12 1 10 12 1 100 1 1 1 1 5 0 1 1 1 1 1 1 1 1 1 1 1
ciInstanceKlass java/lang/ClassCastException 1 1 26 10 100 12 1 1 1 10 12 1 100 1 1 1 1 5 0 1 1 1 1 1 1 1 1 1
ciInstanceKlass java/lang/NoClassDefFoundError 1 1 26 10 7 12 1 1 1 10 12 1 100 1 1 1 1 5 0 1 1 1 1 1 1 1 1 1
instanceKlass java/nio/IntBuffer
instanceKlass java/nio/LongBuffer
instanceKlass java/nio/CharBuffer
instanceKlass java/nio/ByteBuffer
ciInstanceKlass java/nio/Buffer 1 1 224 100 1 10 7 12 1 1 1 9 7 12 1 1 1 9 12 1 9 12 1 1 9 12 1 9 12 1 1 10 12 1 1 10 12 1 1 10 12 100 1 100 1 10 8 1 10 12 1 1 10 12 1 8 1 8 1 10 12 1 1 10 12 1 8 1 9 12 1 1 100 1 8 1 10 12 1 8 1 8 1 9 12 10 12 1 8 1 8 1 8 1 10 12 1 8 1 8 1 8 1 100 1 10 100 1 10 100 1 10 100 1 10 10 100 12 1 1 1 10 11 100 12 1 1 10 7 12 1 1 1 10 7 12 1 1 1 9 12 1 1 10 7 12 1 1 1 9 12 1 1 7 1 10 10 7 12 1 1 1 1 1 3 1 1 1 1 1 1 1 1 1 1 1 1 1 1 1 1 1 1 100 1 1 1 1 1 1 1 1 1 1 1 1 1 1 1 1 1 1 1 1 1 1 1 1 1 1 1 1 1 1 1 1 1 1 1 1 1 1 1 1 1 1
staticfield java/nio/Buffer UNSAFE Ljdk/internal/misc/Unsafe; jdk/internal/misc/Unsafe
staticfield java/nio/Buffer SCOPED_MEMORY_ACCESS Ljdk/internal/misc/ScopedMemoryAccess; jdk/internal/misc/ScopedMemoryAccess
staticfield java/nio/Buffer $assertionsDisabled Z 1
ciInstanceKlass java/util/concurrent/atomic/AtomicInteger 1 1 181 10 7 12 1 1 1 9 7 12 1 1 1 9 12 1 1 9 12 1 1 10 7 12 1 1 1 10 12 1 1 10 12 1 1 10 12 1 10 12 1 10 12 1 1 11 100 12 1 1 1 10 12 1 1 11 100 12 1 1 10 100 12 1 1 1 10 12 1 1 10 12 1 10 12 1 10 12 1 10 12 1 10 12 1 1 10 12 1 10 12 1 10 12 1 10 12 1 10 12 1 10 12 1 1 8 10 12 1 1 100 1 1 1 5 0 1 1 1 1 1 1 1 1 1 1 1 1 1 1 1 1 1 1 1 1 1 1 1 1 1 1 1 1 1 1 1 1 1 1 1 1 1 1 1 1 1 1 1 1 1 1 1 1 1 1 1 1 1 1 1 1 1 1 1 1 1 1 1 1 1
staticfield java/util/concurrent/atomic/AtomicInteger U Ljdk/internal/misc/Unsafe; jdk/internal/misc/Unsafe
staticfield java/util/concurrent/atomic/AtomicInteger VALUE J 12
ciMethod java/util/Map computeIfAbsent (Ljava/lang/Object;Ljava/util/function/Function;)Ljava/lang/Object; 0 0 1 0 -1
ciInstanceKlass jdk/internal/misc/UnsafeConstants 1 1 34 10 100 12 1 1 1 9 7 12 1 1 1 9 12 1 9 12 1 1 9 12 1 9 12 1 1 1 1 1 1 1 1 1
staticfield jdk/internal/misc/UnsafeConstants ADDRESS_SIZE0 I 8
staticfield jdk/internal/misc/UnsafeConstants PAGE_SIZE I 4096
staticfield jdk/internal/misc/UnsafeConstants BIG_ENDIAN Z 0
staticfield jdk/internal/misc/UnsafeConstants UNALIGNED_ACCESS Z 1
staticfield jdk/internal/misc/UnsafeConstants DATA_CACHE_LINE_FLUSH_SIZE I 0
instanceKlass java/lang/invoke/DelegatingMethodHandle
instanceKlass java/lang/invoke/BoundMethodHandle
instanceKlass java/lang/invoke/DirectMethodHandle
ciInstanceKlass java/lang/invoke/MethodHandle 1 1 644 100 1 9 7 12 1 1 1 10 7 12 1 1 1 10 7 12 1 1 1 7 1 7 1 10 12 1 1 9 12 1 1 10 12 1 10 12 1 1 10 12 1 1 10 100 12 1 1 1 10 12 1 1 10 12 1 1 11 100 12 1 1 1 10 12 1 1 10 12 1 10 12 1 9 12 1 1 10 12 1 1 100 1 100 1 10 8 1 10 12 1 1 10 12 1 8 1 10 12 1 1 10 12 1 10 7 12 1 1 1 10 12 1 10 12 1 1 10 12 1 1 10 12 1 1 10 12 1 1 10 7 12 1 1 1 10 7 12 1 1 1 7 1 10 12 1 1 10 12 1 1 10 12 1 1 8 1 10 7 12 1 1 1 8 1 10 12 1 1 10 12 1 1 10 12 1 1 10 12 1 8 1 10 12 1 1 8 1 10 12 1 8 1 10 100 12 1 1 1 9 12 1 1 100 1 10 9 100 12 1 1 1 9 100 1 8 1 10 12 1 1 10 12 1 10 12 1 1 10 12 1 10 12 1 1 10 12 1 10 12 1 1 10 12 1 10 12 1 1 10 12 1 1 8 1 10 12 1 1 8 1 10 12 1 10 12 1 1 10 12 1 10 12 1 10 12 1 1 9 100 12 1 1 1 10 12 1 1 11 12 1 10 12 1 10 12 1 1 10 100 12 1 1 1 100 1 11 12 1 10 100 1 11 12 1 100 1 10 12 1 11 12 1 9 100 12 1 1 1 11 12 1 1 11 100 12 1 1 1 10 12 1 1 9 12 1 11 12 1 9 12 1 9 12 1 9 12 1 11 12 1 1 9 12 1 9 12 1 9 12 1 9 12 1 9 12 1 9 12 1 9 12 1 8 1 10 12 1 10 12 1 8 1 10 12 1 10 12 1 10 10 7 12 1 1 10 12 1 1 100 1 8 1 10 12 1 1 10 12 1 1 10 12 1 10 12 1 100 1 10 100 12 1 1 1 10 12 1 9 7 12 1 1 1 10 12 1 1 10 12 1 1 8 1 9 12 1 9 12 1 1 9 12 1 1 10 12 1 7 1 10 12 1 10 12 1 1 9 12 1 1 9 12 1 1 10 7 12 1 1 1 11 7 12 1 1 9 12 1 10 12 1 1 10 12 1 9 12 1 10 12 1 8 10 12 1 1 8 1 1 1 1 1 1 100 1 1 1 1 1 1 1 1 1 1 1 1 1 1 1 1 1 1 1 1 1 1 1 1 1 1 1 1 1 1 1 1 1 1 1 1 1 1 1 1 1 1 1 1 1 1 1 1 1 1 1 1 1 1 1 1 1 1 1 1 1 1 1 1 1 1 1 1 1 100 1 1 1 1 1 1 1 1 1 100 1 1 1 1 1 1 1 1 1 1 1 1 1 1 1 1 1 1 1 1 1 1 1 1 1 1 1 100 1 1 100 1 1 100 1 1 1 1
staticfield java/lang/invoke/MethodHandle FORM_OFFSET J 20
staticfield java/lang/invoke/MethodHandle UPDATE_OFFSET J 13
staticfield java/lang/invoke/MethodHandle $assertionsDisabled Z 1
ciInstanceKlass jdk/internal/reflect/CallerSensitive 0 0 17 100 1 100 1 100 1 1 1 1 1 1 1 1 1 1 1
ciInstanceKlass jdk/internal/reflect/NativeConstructorAccessorImpl 1 1 126 10 7 12 1 1 1 9 7 12 1 1 1 9 12 1 1 10 7 12 1 1 1 10 7 12 1 1 1 10 7 12 1 1 1 9 12 1 9 12 1 1 9 12 1 1 10 7 12 1 1 1 7 1 10 10 12 1 1 10 12 1 10 12 1 10 12 1 1 9 12 1 1 10 7 12 1 1 1 100 1 10 12 1 1 10 12 1 1 8 10 12 1 1 1 1 1 1 1 1 1 1 1 1 1 1 1 1 1 1 1 1 1 1 100 1 100 1 100 1 1 1 1 1 1 1
staticfield jdk/internal/reflect/NativeConstructorAccessorImpl U Ljdk/internal/misc/Unsafe; jdk/internal/misc/Unsafe
staticfield jdk/internal/reflect/NativeConstructorAccessorImpl GENERATED_OFFSET J 16
instanceKlass org/h2/util/SmallLRUCache
instanceKlass org/springframework/beans/factory/support/ManagedMap
instanceKlass org/springframework/boot/autoconfigure/template/TemplateAvailabilityProviders$1
instanceKlass org/apache/tomcat/util/res/StringManager$1
instanceKlass org/springframework/core/type/classreading/CachingMetadataReaderFactory$LocalResourceCache
instanceKlass org/springframework/core/annotation/AnnotationAttributes
instanceKlass org/springframework/util/LinkedCaseInsensitiveMap$1
instanceKlass ch/qos/logback/classic/pattern/NamedConverter$NameCache
ciInstanceKlass java/util/LinkedHashMap 1 1 289 9 7 12 1 1 1 9 12 1 9 7 12 1 1 9 12 1 10 7 12 1 1 1 10 12 1 1 10 12 1 1 9 12 1 1 9 12 1 1 9 12 1 10 12 1 1 100 1 10 10 12 1 1 10 12 1 10 12 1 1 9 12 1 1 9 12 1 10 100 12 1 1 1 10 12 1 10 12 1 10 12 10 12 1 1 10 100 12 1 1 1 10 12 1 1 10 12 1 1 9 7 1 10 12 1 9 12 1 1 7 1 10 12 1 9 12 1 1 7 1 10 9 12 1 7 1 10 100 1 10 11 7 12 1 1 1 100 1 10 11 7 12 1 1 1 100 1 1 1 1 5 0 1 1 1 1 1 1 1 1 1 1 1 1 1 1 1 1 1 1 1 1 1 1 1 1 1 1 1 1 1 1 1 1 1 1 1 1 1 1 1 1 1 1 1 1 1 1 1 1 1 1 1 100 1 1 1 1 1 1 1 1 1 1 1 1 1 1 1 1 1 1 1 1 1 1 1 1 1 100 1 1 1 1 1 1 1 1 100 1 1 1 1 1 100 1 1 1 1 1 1 1 1 1 1 1 1 1 1 1 1 1 1 1 1 1 1 100 1 100 1 100 1 100 1 1 1 1 1 100 1 1 1 1 1 1 1 1
instanceKlass java/lang/invoke/DirectMethodHandle$Special
instanceKlass java/lang/invoke/DirectMethodHandle$Interface
instanceKlass java/lang/invoke/DirectMethodHandle$Constructor
instanceKlass java/lang/invoke/DirectMethodHandle$Accessor
ciInstanceKlass java/lang/invoke/DirectMethodHandle 1 1 940 7 1 7 1 100 1 7 1 7 1 10 7 12 1 1 1 10 7 12 1 1 1 100 1 10 12 1 10 12 1 1 10 7 12 1 1 10 12 1 1 10 12 1 10 12 1 7 1 10 12 1 1 10 12 1 1 10 12 1 10 12 1 1 10 7 12 1 1 1 10 12 1 9 12 1 1 100 1 10 9 12 1 1 9 12 1 10 12 1 10 12 1 10 12 1 1 10 12 1 10 12 1 10 12 1 10 7 12 1 1 1 10 12 1 10 12 1 1 8 1 10 12 1 1 7 1 10 12 1 7 1 10 10 12 1 10 12 1 10 12 1 10 7 12 1 1 1 10 12 1 1 100 1 10 12 1 10 12 1 7 1 10 12 1 10 12 1 1 10 12 1 1 10 12 1 8 10 100 12 1 1 1 10 12 1 10 12 1 10 12 1 1 10 12 1 9 7 12 1 1 1 7 1 10 12 1 10 7 12 1 1 1 10 12 1 10 12 1 1 9 12 1 1 100 1 10 8 1 10 12 1 1 10 12 1 10 12 1 10 10 12 1 10 12 1 10 12 1 10 12 1 10 12 1 1 10 12 1 10 12 1 1 10 12 1 10 12 1 1 10 10 7 12 1 1 1 10 12 1 10 12 1 1 10 12 1 10 12 1 1 8 1 9 7 12 1 1 1 8 1 9 12 1 9 12 1 8 1 9 12 1 9 12 1 8 1 9 12 1 9 12 1 8 1 10 12 1 10 12 1 1 9 12 1 1 7 1 10 12 1 1 100 1 10 7 12 1 1 1 10 12 1 1 10 12 1 10 12 1 1 7 1 10 12 1 1 10 12 1 10 12 1 1 7 1 10 12 1 1 10 7 12 1 1 1 10 12 1 10 12 1 10 12 1 9 12 1 1 10 7 1 9 12 9 12 1 10 7 12 1 1 1 10 12 1 7 1 7 1 7 1 9 12 1 1 10 7 12 1 10 12 1 1 10 12 1 7 1 10 12 1 10 12 1 1 9 7 12 1 1 1 10 12 1 1 100 1 10 100 12 1 1 1 10 12 1 10 12 1 8 1 9 12 1 9 12 1 10 12 1 9 12 1 1 10 7 12 1 1 1 9 12 1 1 9 12 1 1 10 12 1 10 12 1 10 12 1 10 12 1 10 12 1 1 10 12 1 10 7 12 1 1 9 12 1 10 12 1 10 12 1 10 12 1 10 12 1 1 10 12 1 1 9 12 1 1 10 12 1 1 9 7 12 1 1 1 9 12 1 9 12 1 9 12 1 9 12 1 9 12 1 9 12 1 9 12 1 9 12 1 9 12 1 9 12 1 9 12 1 9 12 1 9 12 1 9 12 1 9 12 1 9 12 1 9 12 1 9 12 1 9 12 1 9 12 1 9 12 1 9 12 1 9 12 1 9 12 1 9 12 1 9 12 1 9 12 1 9 12 1 9 12 1 9 12 1 9 12 1 9 12 1 9 12 1 9 12 1 9 12 1 9 12 1 8 1 9 12 1 1 9 12 1 1 10 12 1 10 12 1 1 9 7 1 10 12 1 9 12 1 1 10 12 10 12 1 10 12 1 10 12 1 10 8 1 8 1 8 1 8 1 10 12 1 1 9 12 1 1 10 12 1 10 100 12 1 1 1 8 9 12 1 1 10 12 1 1 8 1 8 8 9 12 1 8 1 8 8 8 8 8 1 8 10 12 1 10 12 1 8 1 8 1 10 12 1 10 12 1 10 12 1 10 12 1 1 7 1 1 1 1 3 1 3 1 3 1 3 1 3 1 3 1 3 1 3 1 3 1 3 1 1 1 1 1 1 1 1 1 1 3 1 3 1 1 1 1 3 1 1 1 1 1 1 1 1 1 1 1 1 1 1 1 1 1 1 1 1 1 1 1 1 1 1 1 1 1 1 1 1 1 1 1 1 1 1 1 1 1 1 1 1 1 1 1 1 1 1 1 1 1 1 1 1 100 1 1 1 1 1 1 1 1 1 1 1 1 100 1 1 1 1 1 1 1 1 1 1 1 1 1 1 1 1 1 1 1 1 1 1 1 1 1 1 1 1 1 1 1 1 1 1 1 1 1 1 1 1 1 1 1 1 1 1 1 1 1 1 1
staticfield java/lang/invoke/DirectMethodHandle IMPL_NAMES Ljava/lang/invoke/MemberName$Factory; java/lang/invoke/MemberName$Factory
staticfield java/lang/invoke/DirectMethodHandle FT_UNCHECKED_REF I 8
staticfield java/lang/invoke/DirectMethodHandle ACCESSOR_FORMS [Ljava/lang/invoke/LambdaForm; 132 [Ljava/lang/invoke/LambdaForm;
staticfield java/lang/invoke/DirectMethodHandle ALL_WRAPPERS [Lsun/invoke/util/Wrapper; 10 [Lsun/invoke/util/Wrapper;
staticfield java/lang/invoke/DirectMethodHandle NFS [Ljava/lang/invoke/LambdaForm$NamedFunction; 12 [Ljava/lang/invoke/LambdaForm$NamedFunction;
staticfield java/lang/invoke/DirectMethodHandle OBJ_OBJ_TYPE Ljava/lang/invoke/MethodType; java/lang/invoke/MethodType
staticfield java/lang/invoke/DirectMethodHandle LONG_OBJ_TYPE Ljava/lang/invoke/MethodType; java/lang/invoke/MethodType
staticfield java/lang/invoke/DirectMethodHandle $assertionsDisabled Z 1
ciInstanceKlass java/lang/Void 1 1 31 10 100 12 1 1 1 8 1 10 7 12 1 1 1 9 7 12 1 1 1 1 1 1 1 1 1 1 1 1 1
staticfield java/lang/Void TYPE Ljava/lang/Class; java/lang/Class
ciInstanceKlass java/lang/invoke/LambdaForm 1 1 1052 100 1 9 7 12 1 1 1 10 7 12 1 1 1 10 7 12 1 1 9 12 1 1 9 12 1 1 10 12 1 1 100 1 10 9 12 1 10 12 1 1 9 12 1 10 7 12 1 1 1 9 12 1 9 12 1 9 12 1 1 9 12 1 10 12 1 1 7 1 10 12 1 10 100 12 1 1 1 10 100 12 1 1 1 10 12 1 10 12 1 1 9 100 12 1 1 1 10 12 1 1 9 12 1 10 12 1 1 10 12 1 10 12 1 1 10 12 1 1 10 100 12 1 1 1 7 1 10 10 12 1 1 8 1 10 12 1 10 12 1 10 12 1 1 7 1 10 7 12 1 1 1 10 12 1 1 10 12 1 10 12 1 1 9 12 1 1 9 12 1 9 12 1 1 10 12 1 9 12 1 10 100 12 1 1 1 10 12 1 1 10 12 1 9 12 1 1 10 100 12 1 1 1 10 12 1 10 12 1 10 12 1 10 12 1 10 12 1 10 12 1 1 10 12 1 10 12 1 1 8 1 10 12 1 10 12 1 8 1 8 1 9 12 1 9 12 1 9 12 1 1 10 12 1 1 10 12 1 9 12 1 10 12 1 1 10 7 12 1 1 1 10 12 1 1 10 12 1 10 12 1 10 12 1 1 9 12 1 10 12 1 8 1 8 1 8 1 8 1 8 1 8 1 8 1 8 1 10 12 1 9 12 1 7 1 10 12 1 1 9 12 1 10 12 1 10 12 1 1 10 12 10 12 1 10 12 1 1 10 12 1 1 10 10 12 1 1 10 12 1 1 7 1 8 1 10 12 1 1 10 12 1 10 12 1 1 10 8 1 10 12 1 1 8 1 8 1 8 1 10 12 1 9 12 1 1 10 12 1 1 10 12 1 1 100 1 10 12 1 1 10 12 1 10 7 12 1 1 1 10 12 1 1 9 12 1 1 8 1 10 100 12 1 1 1 10 7 12 1 1 10 12 10 10 12 1 1 9 12 1 8 10 12 1 1 100 1 10 12 1 1 10 12 1 9 7 12 1 1 9 12 1 1 8 1 10 100 12 1 1 10 12 1 1 100 1 100 1 10 10 12 1 1 10 12 1 1 8 1 8 1 100 1 8 1 10 12 10 12 1 10 12 1 10 12 1 1 8 1 8 1 9 100 12 1 1 1 10 12 1 10 12 1 1 8 1 8 1 8 1 100 1 8 1 100 1 8 1 100 1 8 1 10 12 1 8 1 9 10 7 12 1 1 1 10 12 1 9 12 1 1 10 12 1 10 10 12 1 10 12 1 10 12 1 10 12 1 1 10 12 1 10 12 1 1 10 12 1 1 10 12 1 1 8 1 100 10 12 1 10 12 1 9 12 1 1 10 7 12 1 1 8 1 8 1 100 1 8 1 8 1 8 1 8 1 8 1 8 1 8 1 8 1 10 12 1 1 10 12 1 1 10 12 1 10 12 1 8 1 8 1 8 1 10 12 1 8 1 10 12 1 8 1 8 1 8 1 8 1 8 1 10 12 1 10 12 1 10 12 1 1 10 7 12 1 1 1 10 12 1 10 12 1 10 12 1 10 12 1 10 12 1 10 12 1 10 12 1 9 12 1 1 8 1 10 12 1 1 9 12 1 1 10 12 1 1 9 12 1 9 12 1 1 9 12 1 9 12 1 1 7 1 10 7 12 1 1 1 9 12 1 10 12 1 10 12 1 8 1 10 12 1 9 12 1 1 7 1 10 7 12 1 1 1 8 1 100 1 10 12 1 9 12 1 9 12 1 10 12 1 10 12 1 10 7 12 1 1 1 10 12 1 9 7 12 1 1 10 12 1 1 10 12 1 10 12 1 9 12 10 12 1 10 10 12 1 9 9 12 1 7 9 12 1 1 10 12 1 1 9 12 1 10 12 1 10 7 1 9 1 1 1 1 3 1 3 1 3 1 1 1 1 1 1 1 1 1 1 1 1 1 1 1 1 1 1 1 1 1 1 1 1 1 1 1 1 1 1 1 1 1 1 1 1 1 1 1 1 1 1 1 1 1 1 1 1 1 1 1 1 1 1 1 1 100 1 1 1 1 1 1 1 1 1 1 1 1 1 1 1 1 1 1 1 1 1 1 1 1 1 1 1 1 1 1 1 1 1 1 1 1 1 1 1 1 1 1 1 1 1 1 1 1 1 1 1 1 1 1 1 1 1 1 1 100 1 1 1 1 1 1 1 1 1 1 1 1 1 1 1 1 1 1 1 1 1 1 1 1 1 1 1 1 1 1 1 1 1 1 100 1 1 1 1 1 1 1 1 1 1 1 1 1 1 1 1 1 1 1 1 1 1 100 1 1 1 100 1 1 100 1 1 1 1 1 1 1 1 1 1 1
staticfield java/lang/invoke/LambdaForm COMPILE_THRESHOLD I 0
staticfield java/lang/invoke/LambdaForm INTERNED_ARGUMENTS [[Ljava/lang/invoke/LambdaForm$Name; 5 [[Ljava/lang/invoke/LambdaForm$Name;
staticfield java/lang/invoke/LambdaForm IMPL_NAMES Ljava/lang/invoke/MemberName$Factory; java/lang/invoke/MemberName$Factory
staticfield java/lang/invoke/LambdaForm LF_identity [Ljava/lang/invoke/LambdaForm; 6 [Ljava/lang/invoke/LambdaForm;
staticfield java/lang/invoke/LambdaForm LF_zero [Ljava/lang/invoke/LambdaForm; 6 [Ljava/lang/invoke/LambdaForm;
staticfield java/lang/invoke/LambdaForm NF_identity [Ljava/lang/invoke/LambdaForm$NamedFunction; 6 [Ljava/lang/invoke/LambdaForm$NamedFunction;
staticfield java/lang/invoke/LambdaForm NF_zero [Ljava/lang/invoke/LambdaForm$NamedFunction; 6 [Ljava/lang/invoke/LambdaForm$NamedFunction;
staticfield java/lang/invoke/LambdaForm createFormsLock Ljava/lang/Object; java/lang/Object
staticfield java/lang/invoke/LambdaForm DEBUG_NAME_COUNTERS Ljava/util/HashMap; null
staticfield java/lang/invoke/LambdaForm DEBUG_NAMES Ljava/util/HashMap; null
staticfield java/lang/invoke/LambdaForm TRACE_INTERPRETER Z 0
staticfield java/lang/invoke/LambdaForm $assertionsDisabled Z 1
ciInstanceKlass java/lang/invoke/MethodHandleNatives 1 1 684 100 1 10 7 12 1 1 1 9 7 12 1 1 1 10 12 1 1 100 1 10 10 12 1 1 10 12 1 10 12 1 8 1 8 1 8 1 8 1 8 1 8 1 8 1 8 1 8 1 8 1 10 12 1 1 7 1 10 7 12 1 1 1 10 100 12 1 1 1 7 1 10 10 12 1 1 8 1 10 12 1 8 1 10 12 1 1 8 1 10 12 1 1 9 100 12 1 1 1 8 1 10 100 12 1 1 1 100 1 10 12 100 1 100 1 8 1 7 1 10 10 12 1 7 1 9 7 12 1 1 10 12 1 1 10 12 1 10 7 12 1 1 1 7 1 10 12 1 1 10 7 12 1 1 1 10 12 1 10 12 1 1 10 12 1 1 9 12 1 8 1 10 12 1 8 1 10 12 1 8 1 8 1 8 1 100 1 10 12 1 8 1 10 12 1 1 10 12 1 10 100 12 1 1 1 100 1 8 1 10 100 12 1 1 1 7 1 8 1 10 12 1 8 1 8 1 8 1 8 1 8 1 10 12 1 1 10 12 1 1 10 12 1 10 12 1 1 10 12 1 1 7 1 10 12 1 100 1 100 1 10 12 1 10 12 1 8 1 8 1 10 10 12 1 1 10 12 1 1 8 1 10 100 12 1 1 1 8 1 8 1 10 12 1 1 10 7 12 1 1 1 100 1 10 12 1 1 7 1 9 12 1 1 10 7 12 1 1 1 10 10 12 1 9 12 1 10 12 1 1 9 12 1 9 12 1 10 12 1 1 10 12 1 10 12 1 1 7 1 7 1 10 12 1 1 10 12 1 10 12 1 1 10 7 12 1 1 1 10 12 1 8 1 10 12 1 10 12 1 10 12 1 1 10 12 1 10 7 12 1 1 1 10 12 1 1 100 1 8 1 10 9 7 12 1 1 1 10 12 1 1 10 12 1 1 100 1 10 12 1 1 10 12 1 1 100 1 100 1 10 10 100 1 100 1 10 100 1 10 10 12 1 1 10 100 1 10 12 1 10 12 1 10 12 1 1 10 12 1 1 10 12 1 1 10 12 1 10 12 1 1 10 8 1 100 1 10 12 1 10 12 1 10 12 1 10 12 1 10 12 1 1 10 12 1 9 12 1 1 10 7 12 1 1 1 9 12 1 1 11 7 12 1 1 1 10 12 1 10 12 1 10 10 12 1 10 7 12 1 1 1 1 1 1 1 1 1 1 1 1 1 1 1 100 1 1 1 1 1 1 1 1 1 1 1 1 1 1 1 1 1 1 1 1 1 1 1 1 1 1 1 1 1 1 1 1 1 1 1 1 1 1 1 1 1 1 1 1 1 1 1 1 1 1 1 1 1 1 1 1 1 1 1 1 1 1 1 1 1 1 1 1 1 1 1 1 1 1 1 1 1 1 1 1 1 1 1 1 1 1 1 1 1 1 1 1 1 1 1 1 1 1 100 1 1 1 1 1 1 1 1 1 1 1 1 1 1 1 1 1 1 1 1 1 1 1 1 1 1 1 1 100 1 1 1 1 1 1 1 100 1 1 1
staticfield java/lang/invoke/MethodHandleNatives JLA Ljdk/internal/access/JavaLangAccess; java/lang/System$2
staticfield java/lang/invoke/MethodHandleNatives $assertionsDisabled Z 1
ciInstanceKlass jdk/internal/reflect/ConstantPool 1 1 142 10 100 12 1 1 1 9 7 12 1 1 1 10 12 1 1 10 12 1 1 10 12 1 10 12 1 1 10 12 1 1 10 12 1 10 12 1 1 10 12 1 10 12 1 1 10 12 1 10 12 1 10 12 1 10 12 1 1 10 12 1 1 10 12 1 1 10 12 1 1 10 12 1 10 12 1 1 10 100 12 1 1 1 8 11 7 12 1 1 1 10 7 12 1 1 1 1 1 1 1 1 1 1 1 1 1 1 1 1 1 1 1 1 1 1 1 1 1 1 1 1 1 1 1 1 1 1 1 1 1 1 1 1 1 1 1 1 1 1 1 1
instanceKlass jdk/internal/reflect/UnsafeStaticObjectFieldAccessorImpl
instanceKlass jdk/internal/reflect/UnsafeQualifiedStaticFieldAccessorImpl
ciInstanceKlass jdk/internal/reflect/UnsafeStaticFieldAccessorImpl 1 1 47 10 7 12 1 1 1 9 7 12 1 1 1 10 7 12 1 1 1 9 12 1 1 8 11 7 12 1 1 1 10 7 12 1 1 1 1 1 1 1 1 1 1 1 1 1 1
instanceKlass jdk/internal/reflect/UnsafeFieldAccessorImpl
ciInstanceKlass jdk/internal/reflect/FieldAccessorImpl 1 1 59 10 7 12 1 1 1 100 1 100 1 1 1 1 1 1 1 1 1 100 1 1 1 1 1 1 1 1 1 1 1 1 1 1 1 1 1 1 1 100 1 1 1 1 1 1 1 1 1 1 1 1 1 1 1 1 1 1 1
instanceKlass jdk/internal/reflect/UnsafeObjectFieldAccessorImpl
instanceKlass jdk/internal/reflect/UnsafeStaticFieldAccessorImpl
ciInstanceKlass jdk/internal/reflect/UnsafeFieldAccessorImpl 1 1 254 10 7 12 1 1 1 9 7 12 1 1 1 10 7 12 1 1 1 10 7 12 1 1 1 9 12 1 1 10 7 12 1 1 1 9 12 1 1 10 12 1 10 12 1 9 12 1 10 12 1 1 10 7 12 1 1 10 7 12 1 1 1 10 12 1 1 100 1 10 10 12 1 1 10 12 1 1 8 1 10 10 12 1 100 1 8 1 10 12 1 8 1 10 12 1 8 1 10 12 1 100 1 10 12 1 1 10 8 1 10 12 1 1 8 1 10 100 12 1 1 8 1 10 100 12 1 1 8 1 10 100 12 1 1 8 1 10 100 12 1 1 8 1 10 100 12 1 1 8 1 10 100 12 1 1 8 1 10 100 12 1 1 8 1 10 100 12 1 1 10 12 1 1 8 1 8 1 8 1 8 1 8 1 8 1 10 100 12 1 1 1 8 1 8 1 8 1 10 12 10 12 1 1 1 1 1 1 1 1 1 1 1 1 1 1 1 1 1 1 1 1 1 1 1 1 1 1 1 1 1 1 1 1 1 1 1 1 1 1 1 1 1 1 1 1 1 1 1 1 1 1 1 1
staticfield jdk/internal/reflect/UnsafeFieldAccessorImpl unsafe Ljdk/internal/misc/Unsafe; jdk/internal/misc/Unsafe
ciInstanceKlass java/lang/invoke/ConstantCallSite 1 1 65 10 7 12 1 1 1 9 7 12 1 1 1 9 12 1 1 10 7 12 1 1 1 10 12 1 100 1 10 12 9 12 1 1 100 1 10 10 12 1 1 10 12 1 1 1 1 1 1 1 1 1 1 1 1 1 100 1 1 1 1 1 1 1 1
staticfield java/lang/invoke/ConstantCallSite UNSAFE Ljdk/internal/misc/Unsafe; jdk/internal/misc/Unsafe
ciInstanceKlass java/lang/invoke/MutableCallSite 0 0 63 10 100 12 1 1 1 10 12 1 9 100 12 1 1 1 10 12 1 10 12 1 1 9 12 1 1 10 100 12 1 1 1 10 100 12 1 1 1 10 12 1 1 1 1 1 1 1 1 1 1 1 1 1 1 1 1 1 1 100 1 1 1
instanceKlass java/lang/invoke/VarHandleInts$Array
instanceKlass java/lang/invoke/VarHandleReferences$FieldStaticReadOnly
instanceKlass java/lang/invoke/VarHandleByteArrayAsLongs$ByteArrayViewVarHandle
instanceKlass java/lang/invoke/VarHandleByteArrayAsInts$ByteArrayViewVarHandle
instanceKlass java/lang/invoke/VarHandleReferences$Array
instanceKlass java/lang/invoke/VarHandleLongs$Array
instanceKlass java/lang/invoke/VarHandleLongs$FieldInstanceReadOnly
instanceKlass java/lang/invoke/VarHandleReferences$FieldInstanceReadOnly
instanceKlass java/lang/invoke/VarHandleInts$FieldInstanceReadOnly
ciInstanceKlass java/lang/invoke/VarHandle 1 1 390 10 7 12 1 1 1 10 7 12 1 1 9 12 1 1 9 12 1 1 100 1 10 8 1 10 12 1 1 10 7 12 1 1 1 10 12 1 1 10 100 12 1 1 1 9 100 12 1 1 1 10 12 1 1 10 100 12 1 1 1 10 12 1 1 9 12 1 10 12 1 9 12 1 1 10 100 12 1 1 10 12 1 9 100 12 1 1 1 9 12 1 1 10 12 1 1 100 1 100 1 10 8 1 10 12 1 1 10 12 1 8 1 10 12 1 10 12 1 10 12 1 1 9 7 12 1 1 1 10 12 1 10 12 1 1 10 12 1 10 10 100 12 1 1 1 10 12 1 1 10 12 1 1 10 100 12 1 1 1 10 100 12 1 1 1 10 100 12 1 1 1 9 12 1 1 10 9 12 1 1 10 12 1 10 12 1 10 12 1 1 10 12 1 10 100 12 1 1 1 9 12 1 1 10 12 1 1 9 12 1 10 12 1 10 12 1 10 100 12 1 1 100 1 10 9 7 12 1 1 1 9 12 1 1 10 7 12 1 1 1 10 12 1 10 12 1 10 12 1 10 12 1 10 12 1 10 12 1 1 7 1 10 10 7 12 1 1 1 9 12 1 1 8 10 12 1 1 7 1 10 12 1 1 100 1 1 1 1 1 1 1 1 1 1 1 1 1 1 1 1 1 1 1 1 1 1 1 1 1 1 1 1 1 1 1 1 1 1 1 1 1 1 1 1 1 1 1 1 1 1 1 1 1 1 1 1 1 1 1 1 1 1 1 1 1 1 1 1 1 1 1 1 1 1 1 1 1 1 1 1 1 1 1 1 1 1 1 1 1 1 1 1 1 100 1 100 1 100 1 1 1 1 1 1 1 100 1 1 1
staticfield java/lang/invoke/VarHandle AIOOBE_SUPPLIER Ljava/util/function/BiFunction; jdk/internal/util/Preconditions$1
staticfield java/lang/invoke/VarHandle VFORM_OFFSET J 16
staticfield java/lang/invoke/VarHandle $assertionsDisabled Z 1
ciInstanceKlass java/lang/invoke/MemberName 1 1 757 7 1 7 1 100 1 9 12 1 1 10 7 12 1 1 1 9 12 1 1 10 12 1 1 10 12 1 1 10 12 1 1 10 12 1 10 12 1 1 10 7 12 1 1 1 10 12 1 9 100 12 1 1 10 12 1 100 1 100 1 10 12 1 8 1 10 12 1 1 10 12 1 10 12 1 1 10 12 1 9 12 1 1 8 1 10 100 12 1 1 1 7 1 10 10 12 1 1 100 1 100 1 10 12 1 1 9 12 1 1 100 1 8 1 10 12 1 10 12 1 10 12 1 10 12 1 10 12 1 1 10 12 1 10 12 1 10 12 1 1 10 12 1 1 10 12 1 8 1 8 1 8 1 10 100 12 1 1 1 10 12 1 9 12 1 1 3 10 12 1 10 12 1 10 12 1 10 10 7 12 1 1 1 10 12 1 10 12 1 10 12 1 10 12 1 7 1 8 10 12 1 1 10 12 1 1 8 1 9 100 1 8 9 100 1 10 12 1 1 10 12 1 10 12 1 8 1 10 12 1 1 10 12 1 10 12 1 10 12 1 10 12 1 1 100 1 10 12 1 1 10 12 1 8 1 10 12 1 10 12 1 8 1 10 12 1 1 10 12 1 1 7 1 10 12 1 1 10 12 8 1 8 1 100 1 10 12 1 10 100 12 1 1 1 100 1 10 12 10 12 1 10 12 1 10 12 1 10 12 1 10 10 12 1 10 12 1 10 12 1 3 10 12 1 3 10 12 1 3 3 3 3 3 3 3 100 1 10 12 1 10 7 12 1 1 1 10 12 1 3 9 12 1 10 12 1 1 3 10 12 1 10 10 7 12 1 1 1 10 12 1 1 10 7 1 10 10 12 1 10 12 1 10 12 1 10 10 12 1 1 10 12 1 10 12 1 10 12 1 100 1 10 10 10 12 100 1 10 10 10 12 1 1 10 12 1 1 10 10 12 1 8 10 100 1 10 12 1 10 100 1 10 12 1 10 12 1 10 12 1 10 10 12 1 10 12 1 1 10 12 1 1 10 12 1 10 12 1 10 12 1 100 1 10 12 1 1 100 1 8 1 10 7 1 10 12 1 10 12 10 12 1 1 10 12 1 10 12 1 8 1 8 1 8 1 8 1 10 12 1 10 12 1 10 12 1 1 8 1 8 1 10 12 1 8 1 10 10 12 1 10 12 1 8 1 8 1 10 10 12 1 8 1 10 100 12 1 1 1 8 1 10 12 1 10 12 1 1 10 12 1 8 1 8 1 8 1 8 1 100 1 10 8 1 8 1 8 1 8 1 10 12 1 100 1 100 1 100 1 10 100 1 10 100 1 10 100 12 1 1 1 9 7 12 1 1 1 100 1 100 1 1 1 1 1 1 1 3 1 3 1 3 1 3 1 3 1 3 1 1 1 1 1 1 1 1 3 1 3 1 1 1 1 3 1 1 1 1 1 1 1 1 1 1 1 1 1 1 1 1 1 1 1 1 1 1 1 1 1 1 1 1 1 1 1 1 1 1 1 1 1 1 1 1 1 1 1 1 1 1 1 1 1 1 1 1 1 1 1 1 1 1 1 1 1 1 1 1 1 1 1 1 1 1 1 1 1 1 1 1 1 1 1 1 1 1 1 1 1 1 1 1 1 1 1 1 1 1 1 1 1 1 1 1 1 1 1 1 1 1 100 1 1 1 1 1 1 1 1 1 1 1 1 1 1 1
staticfield java/lang/invoke/MemberName $assertionsDisabled Z 1
ciInstanceKlass java/lang/invoke/ResolvedMethodName 1 1 16 10 100 12 1 1 1 100 1 1 1 1 1 1 1 1
ciInstanceKlass java/lang/StackWalker 1 1 235 9 7 12 1 1 1 10 7 12 1 1 1 7 1 10 7 12 1 1 1 10 12 1 1 11 7 12 1 1 1 10 12 1 1 10 12 1 1 10 12 1 1 100 1 8 1 10 12 1 10 12 1 10 12 1 10 7 12 1 1 9 12 1 1 9 12 1 1 9 12 1 1 9 12 1 1 10 12 1 1 9 12 1 1 10 7 12 1 1 1 11 12 1 1 100 1 8 1 10 10 100 12 1 1 9 12 1 1 10 12 1 1 10 7 12 1 1 1 10 7 12 1 1 1 18 12 1 1 100 1 8 1 10 10 12 1 1 10 100 12 1 1 1 9 7 12 1 1 11 100 12 1 1 1 10 12 1 1 1 1 1 1 1 1 1 1 1 1 1 1 1 1 1 1 1 1 1 1 1 1 1 1 1 1 1 1 1 1 1 1 1 1 1 1 1 1 1 1 1 1 1 1 1 1 1 1 1 100 1 1 15 10 100 12 1 1 1 16 15 10 12 16 1 1 1 1 1 1 1 100 1 100 1 1
staticfield java/lang/StackWalker DEFAULT_EMPTY_OPTION Ljava/util/EnumSet; java/util/RegularEnumSet
staticfield java/lang/StackWalker DEFAULT_WALKER Ljava/lang/StackWalker; java/lang/StackWalker
instanceKlass java/lang/StackStreamFactory$StackFrameTraverser
ciInstanceKlass java/lang/StackStreamFactory$AbstractStackWalker 1 1 306 7 1 100 1 3 10 7 12 1 1 1 10 7 12 1 1 10 7 12 1 1 1 9 12 1 1 10 12 1 1 9 12 1 1 9 12 1 1 9 12 1 1 9 12 1 9 7 12 1 1 1 10 7 12 1 1 1 10 12 1 1 9 12 1 1 10 7 12 1 1 1 10 12 1 1 9 12 1 1 9 100 12 1 1 1 100 1 10 8 1 10 12 1 1 10 12 1 8 1 10 12 1 1 10 100 12 1 1 1 100 1 8 1 10 12 1 8 1 10 12 9 7 12 1 1 1 10 7 12 1 1 9 12 1 8 1 5 0 8 1 8 1 9 12 1 1 10 12 1 1 10 12 1 1 10 12 1 9 12 1 10 12 1 10 12 1 10 12 1 10 12 1 1 10 12 1 10 12 1 1 8 1 10 12 1 10 12 1 10 12 1 10 12 1 1 8 1 10 12 1 1 10 12 1 1 10 12 1 1 10 12 1 10 12 1 10 100 12 1 1 1 9 12 1 8 1 10 12 1 10 12 1 10 12 1 10 12 1 10 12 1 10 12 1 10 12 1 1 10 12 1 1 10 12 1 1 10 12 1 8 1 1 1 1 1 1 1 1 1 1 1 1 1 1 1 1 1 1 100 1 1 1 1 100 1 1 1 1 1 1 1 1 1 1 1 1 1 1 1 1 1 1 1 1 1
ciInstanceKlass java/util/Comparator 1 1 288 10 7 12 1 1 1 10 7 12 1 1 1 18 12 1 1 7 1 7 1 11 12 1 1 11 12 1 11 12 1 11 12 1 1 11 12 1 1 11 12 1 1 10 12 1 9 7 12 1 1 1 100 1 10 12 1 1 18 12 1 18 12 18 12 18 12 18 12 10 100 12 1 1 1 10 100 12 1 1 1 8 1 10 12 1 1 8 1 8 1 8 1 8 1 8 1 10 12 1 10 12 1 8 10 100 1 10 12 1 8 10 12 1 8 1 10 12 1 10 12 1 8 1 10 12 1 1 100 1 8 1 7 1 8 1 8 1 100 1 8 1 8 1 100 1 100 1 8 1 10 12 1 11 12 1 1 10 100 12 1 1 11 12 1 1 10 100 12 1 1 11 12 1 1 10 100 12 1 1 11 12 1 7 1 11 12 1 11 12 1 1 1 1 1 1 1 1 1 1 1 1 1 1 1 1 1 1 1 1 1 1 1 1 1 1 1 1 1 1 1 1 1 1 1 1 1 1 1 1 1 1 1 1 1 1 1 1 1 1 1 1 1 1 1 1 1 1 1 1 15 10 7 12 1 1 1 16 15 11 12 3 3 15 11 12 15 11 12 15 11 12 15 11 12 15 11 12 1 100 1 1 1 100 1 100 1 1
ciInstanceKlass jdk/internal/module/Modules 1 1 504 10 100 12 1 1 1 9 7 12 1 1 1 11 7 12 1 1 1 11 12 1 1 11 12 1 1 11 12 1 1 11 12 1 11 12 1 11 12 1 11 12 1 11 12 1 1 10 100 12 1 1 1 10 100 12 1 1 1 18 12 1 1 10 100 12 1 1 1 100 1 10 100 12 1 1 1 10 100 12 1 1 1 10 100 12 1 1 10 12 1 1 11 12 1 9 12 1 1 11 100 12 1 1 1 10 12 1 1 10 10 12 1 10 9 12 1 1 10 100 12 1 1 10 12 1 1 10 100 12 1 1 100 1 11 100 12 1 1 1 10 100 12 1 1 1 11 100 12 1 1 10 12 1 1 10 100 12 1 1 10 100 12 1 1 1 10 12 1 1 10 12 1 1 11 12 1 1 18 12 1 1 11 100 12 1 1 10 100 12 1 1 1 11 100 12 1 1 1 100 1 11 12 1 1 11 100 12 1 1 1 11 12 1 1 10 12 1 1 10 100 12 1 1 18 12 1 1 11 12 1 1 18 12 1 1 11 12 1 1 10 12 1 18 18 10 12 1 1 9 12 1 1 11 100 12 1 1 1 100 1 10 11 12 1 11 12 1 1 11 12 1 1 10 100 1 10 12 1 1 10 100 12 1 1 10 12 1 1 11 12 10 12 1 1 100 1 10 18 12 1 10 12 1 1 100 1 8 1 10 12 1 10 100 12 1 1 18 12 1 11 11 12 10 12 1 10 10 100 1 18 12 1 10 10 10 7 12 1 1 10 7 12 1 1 1 10 12 1 1 1 1 1 1 1 1 1 1 1 1 1 1 1 1 1 1 1 1 1 1 1 1 1 1 1 1 1 1 1 1 1 100 1 1 1 1 1 1 1 1 1 1 1 1 1 1 1 1 1 1 1 1 1 1 1 1 1 1 1 1 1 1 1 1 1 1 1 100 1 1 1 1 1 1 1 1 1 1 1 1 1 1 1 1 1 1 1 1 1 1 1 15 10 100 12 1 1 1 16 15 10 12 1 16 16 15 10 12 1 16 1 16 1 15 10 12 1 16 1 16 1 15 10 12 16 1 15 10 16 1 15 10 12 16 1 15 10 12 16 15 10 12 16 15 10 12 1 1 1 100 1 100 1 1
staticfield jdk/internal/module/Modules JLA Ljdk/internal/access/JavaLangAccess; java/lang/System$2
staticfield jdk/internal/module/Modules JLMA Ljdk/internal/access/JavaLangModuleAccess; java/lang/module/ModuleDescriptor$1
staticfield jdk/internal/module/Modules $assertionsDisabled Z 1
ciInstanceKlass jdk/internal/access/JavaLangAccess 1 0 136 100 1 100 1 1 1 1 1 1 1 1 1 1 1 1 1 1 1 1 1 1 1 1 1 1 1 1 1 1 1 1 1 1 1 1 1 1 1 100 1 1 1 1 1 1 1 1 1 1 1 1 1 1 1 1 1 1 1 1 1 1 1 1 1 1 1 1 1 1 1 1 1 1 1 1 1 1 1 1 1 1 1 1 1 1 1 1 1 1 1 1 1 1 1 1 1 1 100 1 1 1 1 1 1 1 1 1 1 1 1 1 1 1 1 1 1 1 1 1 1 1 1 1 1 1 1 1 1 1 1 1 1 1 1 1
ciInstanceKlass java/lang/invoke/Invokers$Holder 1 1 99 1 100 1 100 1 1 1 1 1 1 1 7 1 7 1 7 1 1 12 10 1 1 12 10 1 1 12 10 1 1 100 1 1 12 9 1 1 1 12 10 1 1 1 12 10 1 1 12 10 1 1 1 12 10 1 1 100 1 1 12 10 1 1 12 10 1 1 12 10 1 12 10 1 1 12 10 1 1 12 10 1 12 10 1 12 10 12 10 1 1 12 10 1 12 10 1 1 1
ciMethod java/lang/invoke/Invokers$Holder linkToTargetMethod (Ljava/lang/Object;)Ljava/lang/Object; 520 0 22810 0 -1
ciInstanceKlass java/lang/invoke/DirectMethodHandle$Constructor 1 1 90 10 7 12 1 1 1 9 7 12 1 1 1 9 12 1 1 9 12 1 1 10 100 12 1 1 1 100 1 10 12 1 9 12 1 9 12 1 10 12 1 10 12 1 1 9 12 1 1 10 12 1 1 10 7 12 1 1 1 1 1 1 1 1 1 1 1 1 1 1 100 1 100 1 1 1 1 1 1 1 1 1 1 1 1 1 1 1 1 1
staticfield java/lang/invoke/DirectMethodHandle$Constructor $assertionsDisabled Z 1
instanceKlass java/util/LinkedHashSet
ciInstanceKlass java/util/HashSet 1 1 285 10 7 12 1 1 1 7 1 10 9 7 12 1 1 1 11 7 12 1 1 1 4 10 7 12 1 1 1 10 12 1 10 12 1 1 10 12 1 7 1 10 10 12 1 1 11 7 12 1 1 1 10 10 12 1 1 10 12 1 1 9 12 1 1 10 12 1 1 10 12 1 1 10 12 1 10 7 12 1 1 1 10 100 1 100 1 10 12 1 10 100 12 1 1 10 12 1 10 12 1 10 12 1 1 10 12 1 1 11 100 12 1 1 11 12 1 10 12 1 1 10 100 12 1 1 1 10 12 1 100 1 100 1 10 8 1 10 12 1 1 10 12 1 10 12 1 1 10 12 1 10 12 1 10 100 12 1 1 1 8 1 10 12 1 4 10 12 1 4 10 12 1 8 1 4 10 100 12 1 1 1 100 1 10 12 1 1 11 100 12 1 1 1 100 1 10 12 1 7 1 10 12 1 10 12 1 1 10 12 1 10 100 1 100 1 1 1 1 5 0 1 1 1 1 1 1 1 1 1 1 1 1 1 1 1 1 1 1 1 1 1 1 1 1 1 1 1 1 1 1 1 1 1 1 100 1 1 1 1 100 1 1 1 1 1 1 1 1 1 1 1 1 1 1 1 100 1 1 100 1 100 1 1 1
staticfield java/util/HashSet PRESENT Ljava/lang/Object; java/lang/Object
instanceKlass java/util/concurrent/ConcurrentSkipListMap$KeySet
instanceKlass java/util/concurrent/ConcurrentSkipListSet
instanceKlass java/lang/ProcessEnvironment$CheckedKeySet
instanceKlass java/util/concurrent/CopyOnWriteArraySet
instanceKlass java/lang/ProcessEnvironment$CheckedEntrySet
instanceKlass java/util/Hashtable$KeySet
instanceKlass java/util/EnumSet
instanceKlass java/util/IdentityHashMap$EntrySet
instanceKlass java/util/LinkedHashMap$LinkedEntrySet
instanceKlass java/util/Collections$SingletonSet
instanceKlass java/util/TreeMap$EntrySet
instanceKlass java/util/LinkedHashMap$LinkedKeySet
instanceKlass java/util/TreeMap$KeySet
instanceKlass java/util/TreeSet
instanceKlass java/util/IdentityHashMap$KeySet
instanceKlass java/util/HashMap$KeySet
instanceKlass java/util/AbstractMap$1
instanceKlass java/util/WeakHashMap$KeySet
instanceKlass java/util/Collections$SetFromMap
instanceKlass java/util/HashSet
instanceKlass java/util/Collections$EmptySet
instanceKlass java/util/HashMap$EntrySet
instanceKlass java/util/ImmutableCollections$MapN$1
ciInstanceKlass java/util/AbstractSet 1 1 96 10 7 12 1 1 1 7 1 7 1 11 12 1 1 10 7 1 10 12 1 1 100 1 100 1 10 12 1 1 11 7 12 1 1 1 11 12 1 1 10 7 12 1 1 10 7 12 1 1 1 11 10 12 1 1 11 12 1 11 12 1 1 1 1 1 1 1 1 1 1 1 1 1 1 1 1 100 1 1 1 1 1 1 1 1 1 1 1 1 1 1 1 1 1 1
ciInstanceKlass java/util/Collections$EmptySet 1 1 100 10 7 12 1 1 1 10 7 12 1 1 1 11 7 12 1 1 1 7 1 10 7 12 1 1 1 10 100 12 1 1 1 9 12 1 1 100 1 100 1 1 1 1 5 0 1 1 1 1 1 1 1 1 1 1 1 1 1 1 1 1 1 1 1 1 1 1 1 1 1 1 1 1 1 1 1 1 1 1 1 1 1 1 1 1 1 1 1 1 1 1 1 1 1 1 1 1 1 1
ciInstanceKlass jdk/internal/reflect/DelegatingMethodAccessorImpl 1 1 37 10 7 12 1 1 1 10 7 12 1 1 1 9 12 1 1 10 12 1 1 1 1 1 1 1 1 1 1 1 1 100 1 100 1 1 1
ciInstanceKlass java/lang/reflect/Modifier 1 1 133 100 1 10 100 12 1 1 1 100 1 10 100 1 8 1 10 12 1 8 1 10 12 1 1 8 1 8 1 8 1 8 1 8 1 8 1 8 1 8 1 8 1 8 1 8 1 10 12 1 1 3 1 1 1 3 1 3 1 3 1 3 1 3 1 3 1 3 1 3 1 3 1 3 1 3 1 3 1 1 1 3 1 3 1 3 1 1 3 1 3 1 3 1 3 1 3 1 1 1 1 1 1 1 1 1 1 1 1 1 1 1 1 1 1 1 1 1 1 1 1 1 1 1 1 1 1 1 1 1 1 1 1
ciMethod java/lang/reflect/Modifier isStatic (I)Z 1024 0 15146 0 0
ciInstanceKlass jdk/internal/loader/BootLoader 1 1 258 10 100 12 1 1 1 9 7 12 1 1 1 10 7 12 1 1 1 10 7 12 1 1 1 9 12 1 1 9 12 1 1 10 7 12 1 1 1 10 12 1 1 9 12 1 1 11 7 12 1 1 1 10 12 1 10 7 12 1 1 1 10 7 12 1 1 1 10 12 1 1 10 7 12 1 1 1 100 1 10 12 1 10 100 12 1 1 1 10 12 1 1 10 12 1 1 10 12 1 10 12 1 1 10 12 1 1 10 12 1 1 10 10 100 12 1 1 1 10 12 1 1 10 12 1 10 100 12 1 1 1 10 12 1 1 10 100 12 1 1 1 18 12 1 1 11 100 12 1 1 1 10 7 12 1 1 1 10 7 12 1 1 9 12 1 1 11 12 1 1 11 12 1 1 10 12 1 1 7 1 10 10 12 1 1 1 1 1 1 1 1 1 1 1 1 1 1 1 1 1 1 1 1 1 1 1 1 1 1 1 1 1 100 1 1 1 1 1 1 1 1 100 1 1 1 1 1 1 1 1 1 1 100 1 100 1 1 15 10 100 12 1 1 1 16 1 15 10 12 16 1 1 100 1 100 1 1
staticfield jdk/internal/loader/BootLoader JLA Ljdk/internal/access/JavaLangAccess; java/lang/System$2
staticfield jdk/internal/loader/BootLoader UNNAMED_MODULE Ljava/lang/Module; java/lang/Module
staticfield jdk/internal/loader/BootLoader JAVA_HOME Ljava/lang/String; "C:\Program Files\Java\jdk-17"staticfield jdk/internal/loader/BootLoader CLASS_LOADER_VALUE_MAP Ljava/util/concurrent/ConcurrentHashMap; java/util/concurrent/ConcurrentHashMap
staticfield jdk/internal/loader/BootLoader NATIVE_LIBS Ljdk/internal/loader/NativeLibraries; jdk/internal/loader/NativeLibraries
ciMethod jdk/internal/loader/BootLoader getClassLoaderValueMap ()Ljava/util/concurrent/ConcurrentHashMap; 184 0 190 0 0
ciInstanceKlass jdk/internal/reflect/ReflectionFactory 1 1 581 10 7 12 1 1 1 10 7 12 1 1 1 9 7 12 1 1 1 10 7 12 1 1 1 9 100 12 1 1 1 10 100 12 1 1 1 9 12 1 1 100 1 10 8 1 10 12 1 1 10 7 12 1 1 1 10 12 1 10 12 1 1 10 12 1 1 10 7 12 1 1 1 100 1 10 12 1 11 7 12 1 1 1 7 1 10 12 1 1 10 7 12 1 1 1 11 12 1 1 10 7 12 1 1 1 10 7 12 1 1 1 10 12 1 1 9 12 1 1 10 12 1 1 100 1 10 10 12 1 10 12 1 10 10 12 1 1 7 1 10 12 1 7 1 10 12 1 10 12 1 1 10 7 1 10 10 12 1 100 1 10 12 1 8 1 7 1 10 12 1 1 7 1 10 12 1 10 10 10 10 12 1 1 7 1 10 7 1 10 12 1 10 12 1 11 12 1 1 11 12 1 1 11 12 1 1 11 12 1 11 12 1 11 12 1 1 11 12 1 1 11 12 1 1 11 12 1 1 11 12 1 1 100 1 10 12 1 1 10 12 1 1 10 12 1 1 10 12 1 10 12 1 9 12 1 100 1 100 1 10 10 12 1 10 12 1 1 10 12 1 9 12 1 10 12 1 10 12 1 10 12 1 1 11 12 1 1 11 12 1 1 11 12 1 1 11 12 1 10 10 8 1 100 1 10 12 1 1 8 1 8 1 100 1 9 100 12 1 1 1 10 12 1 10 12 1 10 10 100 12 1 1 1 10 100 12 1 1 1 100 1 100 1 8 1 10 12 1 8 1 10 12 1 1 8 1 10 12 1 10 12 1 9 12 1 1 100 1 8 1 8 1 10 12 1 10 12 1 1 100 1 10 12 1 100 1 8 1 100 1 9 8 1 9 12 1 1 9 12 1 10 7 12 1 1 10 7 12 1 1 1 8 1 10 7 12 1 1 1 8 1 10 7 12 1 1 1 8 1 10 100 12 1 1 1 100 1 100 1 8 1 10 8 1 10 12 1 10 12 1 1 10 12 1 10 12 1 10 1 1 1 1 1 1 1 1 1 1 1 1 1 1 1 1 1 1 1 1 1 1 1 1 1 1 1 1 1 1 1 1 1 1 1 1 1 1 1 1 1 1 1 1 1 1 1 1 1 1 1 1 1 1 1 1 1 1 1 1 1 100 1 1 1 1 1 1 1 1 1 1 1 100 1 1 1 1 1 1 1 1 1 1 1 1 1 1 1 1 1 1 1 1 1 1 1 1 100 1 1 1 1 1 1 1 1 1 1 1 1 1 1 1 1 1 1 100 1 1 1 1
staticfield jdk/internal/reflect/ReflectionFactory soleInstance Ljdk/internal/reflect/ReflectionFactory; jdk/internal/reflect/ReflectionFactory
staticfield jdk/internal/reflect/ReflectionFactory $assertionsDisabled Z 1
ciMethod jdk/internal/reflect/ReflectionFactory copyMethod (Ljava/lang/reflect/Method;)Ljava/lang/reflect/Method; 610 0 6187 0 -1
ciMethod jdk/internal/reflect/ReflectionFactory newMethodAccessor (Ljava/lang/reflect/Method;)Ljdk/internal/reflect/MethodAccessor; 194 0 93 0 -1
ciInstanceKlass java/lang/Class$3 1 1 49 9 7 12 1 1 1 9 12 1 1 10 7 12 1 1 1 10 7 12 1 1 1 10 12 1 1 100 1 1 1 1 1 1 1 1 1 1 1 1 1 1 100 1 12 1 1 1 1
ciMethod java/lang/Class$3 run ()Ljava/lang/Void; 34 0 30 0 0
ciMethod java/lang/Class$3 run ()Ljava/lang/Object; 34 0 30 0 0
ciMethod java/lang/Class$3 <init> (Ljava/lang/Class;Ljava/lang/reflect/Method;)V 34 0 30 0 0
ciInstanceKlass java/lang/annotation/Annotation 1 0 17 100 1 100 1 1 1 1 1 1 1 1 1 1 1 1 1
ciMethod java/lang/annotation/Annotation annotationType ()Ljava/lang/Class; 0 0 1 0 -1
ciInstanceKlass java/lang/invoke/MethodType$ConcurrentWeakInternSet$WeakEntry 1 1 57 10 7 12 1 1 1 10 7 12 1 1 1 9 7 12 1 1 1 10 12 1 1 10 12 1 1 1 1 1 1 1 1 1 1 1 1 1 1 1 1 1 1 1 1 1 1 1 1 1 100 1 1 100 1 1 1
ciMethod java/util/AbstractCollection add (Ljava/lang/Object;)Z 0 0 1 0 -1
ciInstanceKlass java/util/concurrent/ConcurrentMap 1 1 208 11 7 12 1 1 1 10 7 12 1 1 11 12 1 1 11 100 12 1 1 1 11 100 12 1 1 1 11 12 1 1 100 1 11 12 1 11 12 1 100 1 11 100 12 1 1 1 18 12 1 11 12 1 1 11 7 12 1 1 11 12 1 1 11 100 12 1 11 12 1 1 11 12 1 1 100 1 100 1 1 1 1 1 1 1 1 1 1 1 1 1 1 1 1 1 1 1 1 1 1 1 1 1 1 1 1 1 1 1 1 1 1 1 1 1 1 1 1 1 1 1 1 1 1 1 1 1 1 1 1 1 1 1 1 1 1 1 1 15 10 100 12 1 1 1 16 15 11 12 1 1 100 1 100 1 1 1 100 1 8 1 1 12 10 1 1 1 8 1 1 8 1 1 1 8 1 1 1 8 1 1 1 8 1 1 1 8 1 1 1 8 1 1 1 8 1 1 1 8 1 1 1 8 1 1 8 1
ciMethod java/util/concurrent/ConcurrentMap get (Ljava/lang/Object;)Ljava/lang/Object; 0 0 1 0 -1
ciMethod java/util/concurrent/ConcurrentMap putIfAbsent (Ljava/lang/Object;Ljava/lang/Object;)Ljava/lang/Object; 0 0 1 0 -1
ciMethod java/util/concurrent/ConcurrentMap computeIfAbsent (Ljava/lang/Object;Ljava/util/function/Function;)Ljava/lang/Object; 1618 0 12029 0 0
ciInstanceKlass java/util/RegularEnumSet 1 1 157 10 7 12 1 1 1 9 7 12 1 1 1 5 0 10 7 12 1 1 1 9 12 1 1 7 1 10 12 1 10 7 12 1 1 1 10 7 12 1 1 1 9 12 1 1 10 100 12 1 1 10 12 1 1 10 12 1 1 10 12 1 1 10 12 1 100 1 100 1 10 12 1 10 12 1 1 8 1 10 12 1 10 12 1 1 10 12 1 10 12 1 10 12 1 10 12 1 1 10 12 1 1 1 1 5 0 1 1 1 1 1 1 1 1 1 1 1 1 1 1 1 1 1 1 1 1 1 1 1 1 1 1 1 1 1 1 1 1 1 1 1 1 1 1 1 1 1 1 1 1 1 1 1 1 1 1
instanceKlass jdk/internal/loader/AbstractClassLoaderValue$Sub
instanceKlass jdk/internal/loader/ClassLoaderValue
ciInstanceKlass jdk/internal/loader/AbstractClassLoaderValue 1 1 163 10 7 12 1 1 1 7 1 10 12 1 10 7 12 1 1 1 10 7 12 1 1 1 10 12 1 100 1 100 1 10 12 1 1 10 12 1 1 7 1 10 12 1 10 12 1 10 12 1 1 10 12 1 1 10 100 12 1 1 1 11 100 12 1 1 1 11 12 1 10 12 1 1 11 12 10 7 12 1 1 1 9 12 1 1 11 7 12 1 1 10 7 12 1 1 1 1 1 1 1 1 1 1 1 1 1 1 1 1 1 1 1 1 1 1 1 1 1 1 1 100 1 1 1 1 1 1 1 1 1 1 1 1 1 1 1 1 1 1 1 1 100 1 1 1 1 1 1 1 1 1 1 1 1 1 1 1 1 1 1 1 1
staticfield jdk/internal/loader/AbstractClassLoaderValue JLA Ljdk/internal/access/JavaLangAccess; java/lang/System$2
ciInstanceKlass jdk/internal/loader/ClassLoaderValue 1 1 44 10 7 12 1 1 1 10 100 12 1 1 1 10 100 12 1 1 1 10 100 12 1 1 1 1 1 1 1 1 1 1 1 1 1 1 1 1 1 1 1 1 1 1
ciMethod jdk/internal/loader/AbstractClassLoaderValue get (Ljava/lang/ClassLoader;)Ljava/lang/Object; 622 0 7443 0 0
ciMethod jdk/internal/loader/AbstractClassLoaderValue sub (Ljava/lang/Object;)Ljdk/internal/loader/AbstractClassLoaderValue$Sub; 516 0 8873 0 0
ciInstanceKlass jdk/internal/module/ModuleReferenceImpl 1 1 163 10 7 12 1 1 1 7 1 10 7 12 1 1 1 9 7 12 1 1 1 9 12 1 1 9 12 1 1 9 12 1 1 9 12 1 1 9 12 1 1 9 12 1 1 11 7 12 1 1 1 7 1 100 1 10 12 1 1 9 12 1 1 11 100 12 1 1 1 9 12 1 1 10 12 1 1 10 7 12 1 1 1 10 12 1 10 12 1 1 100 1 10 12 1 8 1 10 12 1 1 10 12 1 1 8 1 10 12 1 10 12 1 1 8 1 8 1 10 12 1 1 1 1 1 1 1 1 1 1 1 1 1 1 1 1 1 1 100 1 1 1 1 1 1 1 1 1 1 100 1 1 1 1 1 1 1 1 1 1 100 1 1
ciInstanceKlass jdk/internal/reflect/MethodAccessor 1 0 14 100 1 100 1 1 1 1 100 1 100 1 1 1
ciMethod jdk/internal/reflect/MethodAccessor invoke (Ljava/lang/Object;[Ljava/lang/Object;)Ljava/lang/Object; 0 0 1 0 -1
ciInstanceKlass java/lang/invoke/BoundMethodHandle$Species_L 1 1 125 10 7 12 1 1 1 9 7 12 1 1 1 9 12 1 1 10 12 1 9 7 12 1 1 1 10 7 12 1 1 1 10 12 1 1 10 7 12 1 1 1 100 1 10 100 12 1 1 1 9 12 1 10 12 1 9 12 1 10 12 1 9 12 1 10 12 1 9 12 1 10 12 1 10 12 1 1 10 12 1 1 1 1 1 1 1 1 1 1 1 1 1 1 1 1 1 1 1 1 1 1 1 1 1 1 1 1 1 1 1 1 1 1 1 1 1 1 1 1 1 1 100 1 1
instanceKlass java/util/concurrent/ConcurrentHashMap$ForwardingNode
instanceKlass java/util/concurrent/ConcurrentHashMap$ReservationNode
ciInstanceKlass java/util/concurrent/ConcurrentHashMap$Node 1 1 97 10 7 12 1 1 1 9 7 12 1 1 1 9 12 1 1 9 12 1 10 12 1 9 12 1 1 10 12 1 1 10 100 12 1 1 1 100 1 10 100 1 11 12 1 1 11 12 1 10 12 1 1 1 1 1 1 1 1 1 1 1 1 1 1 1 1 1 1 1 1 1 1 1 1 1 1 1 1 1 1 1 1 1 1 1 1 1 1 1 100 1 1 1 100 1 1
ciInstanceKlass java/util/concurrent/ConcurrentHashMap$ForwardingNode 1 1 71 100 1 10 7 12 1 1 1 9 7 12 1 1 1 10 12 1 1 9 12 1 1 9 12 1 1 10 100 12 1 1 1 10 12 1 1 9 12 1 1 1 1 1 1 1 1 1 1 1 1 1 1 1 1 1 1 1 1 1 1 1 100 1 1 1 1 1 1 1 1
ciInstanceKlass java/util/concurrent/locks/LockSupport 1 1 94 10 100 12 1 1 1 9 7 12 1 1 1 9 12 1 1 10 7 12 1 1 1 10 7 12 1 1 1 10 12 1 1 10 12 1 1 10 12 1 1 100 1 10 10 12 1 1 9 12 1 10 12 1 1 10 12 1 1 8 1 10 12 1 1 8 1 1 1 1 1 1 1 1 1 1 1 1 1 1 1 1 1 1 1 1 1 1 1 1 1 1 1 1
staticfield java/util/concurrent/locks/LockSupport U Ljdk/internal/misc/Unsafe; jdk/internal/misc/Unsafe
staticfield java/util/concurrent/locks/LockSupport PARKBLOCKER J 76
staticfield java/util/concurrent/locks/LockSupport TID J 32
instanceKlass org/springframework/util/ConcurrentReferenceHashMap$Segment
instanceKlass java/util/concurrent/ConcurrentHashMap$Segment
ciInstanceKlass java/util/concurrent/locks/ReentrantLock 1 1 177 10 7 12 1 1 1 7 1 10 9 7 12 1 1 1 7 1 10 10 7 12 1 1 10 12 1 10 12 1 1 10 100 12 1 1 1 10 12 1 1 10 12 1 1 10 12 1 1 10 12 1 1 10 12 1 10 12 1 10 12 1 1 10 12 1 10 12 1 1 10 12 1 10 12 1 1 100 1 10 100 1 100 1 8 1 10 12 1 10 12 1 1 10 12 1 1 10 12 1 1 100 1 10 10 12 1 1 10 12 1 1 8 1 8 1 10 100 12 1 1 8 1 10 100 1 100 1 1 1 1 5 0 1 1 1 1 1 1 1 1 1 1 100 1 1 1 1 1 1 1 1 1 1 1 1 1 1 1 1 1 1 1 1 1 100 1 1 1 1 1 1 1 1 100 1 1
ciMethod java/util/concurrent/locks/ReentrantLock lock ()V 202 0 2998 0 0
ciMethod java/util/concurrent/locks/ReentrantLock unlock ()V 202 0 3009 0 0
ciMethod java/util/concurrent/ConcurrentHashMap$Node find (ILjava/lang/Object;)Ljava/util/concurrent/ConcurrentHashMap$Node; 0 0 1 0 -1
instanceKlass java/util/RegularEnumSet
ciInstanceKlass java/util/EnumSet 1 1 242 10 7 12 1 1 1 9 7 12 1 1 1 9 12 1 1 10 12 1 1 100 1 100 1 10 10 12 1 1 8 1 10 12 1 10 12 1 1 10 12 1 7 1 10 12 1 100 1 10 10 12 1 1 10 12 1 10 12 1 1 11 7 12 1 1 1 100 1 8 1 10 11 12 1 1 11 7 12 1 1 1 7 1 10 12 1 1 11 12 1 10 12 1 1 10 12 1 1 10 12 1 10 12 1 1 10 12 1 1 8 1 10 12 1 1 10 7 12 1 100 1 100 1 10 12 1 10 12 1 10 100 12 1 1 8 1 10 7 12 1 1 1 11 7 12 1 1 100 1 10 12 1 100 1 8 1 10 100 1 100 1 1 1 1 5 0 1 1 1 1 1 1 1 1 1 1 1 1 100 1 1 1 1 1 1 1 1 1 1 1 1 1 1 1 1 1 1 1 1 1 1 1 1 1 1 1 1 1 1 1 1 1 1 1 1 1 1 1 1 1 1 1 1 1 1 1 1 1 1 1 1 1 1 1 1 1 1 1 1 1 1
ciInstanceKlass java/lang/ref/ReferenceQueue$Lock 1 1 21 10 7 12 1 1 1 100 1 1 1 1 1 1 1 1 1 7 1 1 1
ciInstanceKlass java/lang/ref/ReferenceQueue$Null 1 1 28 10 7 12 1 1 1 100 1 1 1 1 1 1 1 1 1 1 1 1 1 1 1 1 1 1 1 1
ciMethod java/lang/ref/ReferenceQueue poll ()Ljava/lang/ref/Reference; 768 0 27757 0 0
ciInstanceKlass jdk/internal/loader/AbstractClassLoaderValue$Memoizer 1 1 89 10 7 12 1 1 1 9 7 12 1 1 1 9 12 1 1 9 12 1 1 9 12 1 1 9 12 1 1 9 12 1 1 100 1 10 11 7 12 1 1 1 10 7 12 1 1 1 100 1 100 1 100 1 100 1 10 12 1 100 1 1 1 1 1 1 1 1 1 1 1 1 1 1 1 1 1 1 1 1 1 1 1 1 100 1 1 1 1
ciMethod jdk/internal/loader/AbstractClassLoaderValue$Memoizer get ()Ljava/lang/Object; 52 0 82 0 -1
ciInstanceKlass jdk/internal/ref/CleanerImpl$PhantomCleanableRef 1 1 51 10 7 12 1 1 1 9 7 12 1 1 1 10 12 1 11 7 12 1 1 100 1 8 1 10 12 1 8 1 1 1 1 1 1 1 1 1 1 1 1 1 1 1 1 1 1 100 1 1 1
ciInstanceKlass sun/util/calendar/ZoneInfoFile$1 1 1 99 10 7 12 1 1 1 7 1 10 10 7 12 1 1 1 10 12 1 1 9 7 12 1 1 1 8 1 10 12 1 7 1 7 1 7 1 8 1 10 12 1 10 12 1 10 12 1 10 10 7 12 1 1 1 10 12 1 100 1 10 12 1 1 100 1 100 1 10 12 10 7 12 1 1 1 100 1 1 1 1 1 1 1 1 1 1 1 1 100 1 1 1 1 1 1 1 1 1
ciMethod java/util/EnumSet getUniverse (Ljava/lang/Class;)[Ljava/lang/Enum; 772 0 4478 0 0
ciMethod java/util/EnumSet typeCheck (Ljava/lang/Enum;)V 790 0 5394 0 0
ciMethod java/util/EnumSet noneOf (Ljava/lang/Class;)Ljava/util/EnumSet; 544 0 4478 0 0
ciMethod java/util/EnumSet of (Ljava/lang/Enum;[Ljava/lang/Enum;)Ljava/util/EnumSet; 512 1024 2405 0 0
ciMethod java/util/EnumSet <init> (Ljava/lang/Class;[Ljava/lang/Enum;)V 774 0 4479 0 0
ciMethod java/util/concurrent/locks/LockSupport unpark (Ljava/lang/Thread;)V 2 0 1 0 -1
ciMethod jdk/internal/loader/AbstractClassLoaderValue extractValue (Ljava/lang/Object;)Ljava/lang/Object; 806 0 7751 0 0
ciMethod jdk/internal/loader/AbstractClassLoaderValue map (Ljava/lang/ClassLoader;)Ljava/util/concurrent/ConcurrentHashMap; 858 0 7782 0 0
ciMethod jdk/internal/loader/AbstractClassLoaderValue <init> ()V 514 0 8880 0 0
ciMethod java/util/RegularEnumSet contains (Ljava/lang/Object;)Z 518 0 5384 0 224
ciMethod java/util/RegularEnumSet add (Ljava/lang/Object;)Z 514 0 9939 0 0
ciMethod java/util/RegularEnumSet <init> (Ljava/lang/Class;[Ljava/lang/Enum;)V 774 0 4478 0 0
ciMethod java/util/RegularEnumSet add (Ljava/lang/Enum;)Z 514 0 5394 0 192
ciMethod java/util/AbstractSet <init> ()V 514 0 31486 0 0
ciMethod jdk/internal/access/JavaLangAccess createOrGetClassLoaderValueMap (Ljava/lang/ClassLoader;)Ljava/util/concurrent/ConcurrentHashMap; 0 0 1 0 -1
ciMethod jdk/internal/access/JavaLangAccess getEnumConstantsShared (Ljava/lang/Class;)[Ljava/lang/Enum; 0 0 1 0 -1
ciMethod java/lang/invoke/DirectMethodHandle allocateInstance (Ljava/lang/Object;)Ljava/lang/Object; 590 0 36268 0 384
ciMethod java/lang/invoke/DirectMethodHandle constructorMethod (Ljava/lang/Object;)Ljava/lang/Object; 742 0 36440 0 128
ciMethod java/util/concurrent/atomic/AtomicInteger get ()I 292 0 146 0 0
ciMethod java/util/concurrent/atomic/AtomicInteger set (I)V 256 0 128 0 -1
ciMethod java/util/concurrent/atomic/AtomicInteger incrementAndGet ()I 512 0 1304 0 96
ciMethod java/util/function/Function apply (Ljava/lang/Object;)Ljava/lang/Object; 0 0 1 0 -1
ciMethod java/lang/reflect/Method setMethodAccessor (Ljdk/internal/reflect/MethodAccessor;)V 388 0 186 0 -1
ciMethod java/lang/reflect/Method getMethodAccessor ()Ljdk/internal/reflect/MethodAccessor; 194 0 93 0 -1
ciMethod java/lang/reflect/Method acquireMethodAccessor ()Ljdk/internal/reflect/MethodAccessor; 40 0 93 0 0
ciMethod java/lang/reflect/Method invoke (Ljava/lang/Object;[Ljava/lang/Object;)Ljava/lang/Object; 44 0 146 0 -1
ciMethod java/lang/ref/ReferenceQueue reallyPoll ()Ljava/lang/ref/Reference; 4 0 1388 0 0
ciMethod java/security/PrivilegedAction run ()Ljava/lang/Object; 0 0 1 0 -1
ciMethod java/lang/ref/SoftReference <init> (Ljava/lang/Object;Ljava/lang/ref/ReferenceQueue;)V 522 0 6857 0 0
ciMethod java/lang/ref/Reference <init> (Ljava/lang/Object;Ljava/lang/ref/ReferenceQueue;)V 518 0 27610 0 0
ciMethod java/lang/ref/Reference reachabilityFence (Ljava/lang/Object;)V 516 0 65279 0 -1
ciMethod java/util/concurrent/locks/ReentrantLock$Sync lock ()V 202 0 3005 0 0
ciMethod java/util/concurrent/locks/ReentrantLock$NonfairSync initialTryLock ()Z 516 0 3008 0 0
ciMethod java/util/AbstractCollection <init> ()V 796 0 58502 0 64
ciMethod java/util/Collections emptySet ()Ljava/util/Set; 512 0 14897 0 -1
ciMethod java/lang/NoSuchMethodException <init> (Ljava/lang/String;)V 26 0 83 0 -1
ciMethod java/util/Arrays sort ([Ljava/lang/Object;Ljava/util/Comparator;)V 200 0 98 0 -1
ciMethod java/util/Arrays copyOf ([Ljava/lang/Object;I)[Ljava/lang/Object; 212 0 2655 0 -1
ciMethod java/util/Arrays equals ([C[C)Z 0 0 1 0 -1
ciMethod java/util/Arrays equals ([B[B)Z 436 0 1272 0 -1
ciMethod java/util/Arrays equals ([J[J)Z 0 0 1 0 -1
ciMethod java/util/Arrays equals ([I[I)Z 0 0 1 0 -1
ciMethod java/util/Arrays equals ([S[S)Z 0 0 1 0 -1
ciMethod java/util/Arrays equals ([Ljava/lang/Object;[Ljava/lang/Object;)Z 794 1808 7376 0 -1
ciMethod java/util/Arrays equals ([Z[Z)Z 0 0 1 0 -1
ciMethod java/util/Arrays equals ([D[D)Z 0 0 1 0 -1
ciMethod java/util/Arrays equals ([F[F)Z 0 0 1 0 -1
ciMethod java/lang/Math max (II)I 584 0 121864 0 -1
ciMethod java/lang/Thread currentThread ()Ljava/lang/Thread; 512 0 256 0 -1
ciMethod java/util/Set contains (Ljava/lang/Object;)Z 0 0 1 0 -1
ciMethod java/util/Set size ()I 0 0 1 0 -1
ciMethod java/lang/System$2 createOrGetClassLoaderValueMap (Ljava/lang/ClassLoader;)Ljava/util/concurrent/ConcurrentHashMap; 674 0 7592 0 0
ciMethod java/lang/System$2 getEnumConstantsShared (Ljava/lang/Class;)[Ljava/lang/Enum; 770 0 4492 0 0
ciMethod java/util/Map put (Ljava/lang/Object;Ljava/lang/Object;)Ljava/lang/Object; 0 0 1 0 -1
ciMethod java/util/Map get (Ljava/lang/Object;)Ljava/lang/Object; 0 0 1 0 -1
ciMethod jdk/internal/access/SharedSecrets getJavaLangAccess ()Ljdk/internal/access/JavaLangAccess; 512 0 13695 0 96
ciMethod jdk/internal/misc/Unsafe allocateInstance (Ljava/lang/Class;)Ljava/lang/Object; 772 0 386 0 -1
ciMethod jdk/internal/misc/Unsafe getIntVolatile (Ljava/lang/Object;J)I 512 0 256 0 -1
ciMethod jdk/internal/misc/Unsafe getReferenceAcquire (Ljava/lang/Object;J)Ljava/lang/Object; 574 0 5420 0 -1
ciMethod jdk/internal/misc/Unsafe compareAndSetInt (Ljava/lang/Object;JII)Z 512 0 256 0 -1
ciMethod jdk/internal/misc/Unsafe weakCompareAndSetInt (Ljava/lang/Object;JII)Z 514 0 342 0 -1
ciMethod jdk/internal/misc/Unsafe getAndAddInt (Ljava/lang/Object;JI)I 512 0 321 0 -1
ciMethod jdk/internal/misc/VM addFinalRefCount (I)V 4 0 2 0 0
ciMethod jdk/internal/reflect/Reflection getCallerClass ()Ljava/lang/Class; 512 0 256 0 -1
ciMethod jdk/internal/reflect/Reflection newIllegalAccessException (Ljava/lang/Class;Ljava/lang/Class;Ljava/lang/Class;I)Ljava/lang/IllegalAccessException; 0 0 1 0 -1
ciMethod java/lang/String length ()I 684 0 414418 0 96
ciMethod java/lang/String coder ()B 796 0 546064 0 64
ciMethod java/lang/String startsWith (Ljava/lang/String;I)Z 512 3366 3294 0 672
ciMethod java/lang/String startsWith (Ljava/lang/String;)Z 768 0 163168 0 544
ciMethod java/util/concurrent/ConcurrentHashMap get (Ljava/lang/Object;)Ljava/lang/Object; 512 4 21259 0 0
ciMethod java/util/concurrent/ConcurrentHashMap <init> ()V 270 0 294 0 -1
ciMethod java/util/concurrent/ConcurrentHashMap spread (I)I 1024 0 50377 0 96
ciMethod java/util/concurrent/ConcurrentHashMap tabAt ([Ljava/util/concurrent/ConcurrentHashMap$Node;I)Ljava/util/concurrent/ConcurrentHashMap$Node; 574 0 5420 0 64
ciMethod jdk/internal/reflect/MethodAccessorImpl invoke (Ljava/lang/Object;[Ljava/lang/Object;)Ljava/lang/Object; 0 0 1 0 -1
ciMethod java/security/AccessController executePrivileged (Ljava/security/PrivilegedAction;Ljava/security/AccessControlContext;Ljava/lang/Class;)Ljava/lang/Object; 122 0 3008 0 -1
ciMethod java/security/AccessController doPrivileged (Ljava/security/PrivilegedAction;)Ljava/lang/Object; 122 0 2614 0 0
ciMethod java/security/AccessController isPrivileged ()Z 0 0 1 0 -1
ciMethod java/security/AccessController ensureMaterializedForStackWalk (Ljava/lang/Object;)V 516 0 258 0 -1
ciMethod java/lang/Enum getDeclaringClass ()Ljava/lang/Class; 512 0 2424 0 0
ciMethod java/lang/Enum ordinal ()I 268 0 134 0 0
ciMethod java/lang/reflect/AnnotatedElement getDeclaredAnnotations ()[Ljava/lang/annotation/Annotation; 0 0 1 0 -1
ciMethod java/lang/Class getDeclaredMethods ()[Ljava/lang/reflect/Method; 392 0 423 0 -1
ciMethod java/lang/Class getMethod (Ljava/lang/String;[Ljava/lang/Class;)Ljava/lang/reflect/Method; 346 0 979 4 0
ciMethod java/lang/Class getEnumConstantsShared ()[Ljava/lang/Object; 770 0 4509 0 0
ciMethod java/lang/Class methodToString (Ljava/lang/String;[Ljava/lang/Class;)Ljava/lang/String; 26 0 83 0 -1
ciMethod java/lang/Class getMethod0 (Ljava/lang/String;[Ljava/lang/Class;)Ljava/lang/reflect/Method; 610 0 979 0 -1
ciMethod java/lang/Class copyMethods ([Ljava/lang/reflect/Method;)[Ljava/lang/reflect/Method; 512 2794 789 0 -1
ciMethod java/lang/Class privateGetDeclaredMethods (Z)[Ljava/lang/reflect/Method; 782 0 4027 0 -1
ciMethod java/lang/Class initClassName ()Ljava/lang/String; 774 0 387 0 -1
ciMethod java/lang/Class getReflectionFactory ()Ljdk/internal/reflect/ReflectionFactory; 512 0 4398 0 -1
ciMethod java/lang/Class checkMemberAccess (Ljava/lang/SecurityManager;ILjava/lang/Class;Z)V 0 0 1 0 -1
ciMethod java/lang/Class getClassLoader ()Ljava/lang/ClassLoader; 290 0 26115 0 -1
ciMethod java/lang/Class isEnum ()Z 316 0 905 0 0
ciMethod java/lang/Class getClassLoader0 ()Ljava/lang/ClassLoader; 294 0 147 0 0
ciMethod java/lang/Class getSuperclass ()Ljava/lang/Class; 512 0 256 0 -1
ciMethod java/lang/Class getModifiers ()I 512 0 256 0 -1
ciMethod java/lang/Class isInstance (Ljava/lang/Object;)Z 768 0 384 0 -1
ciMethod java/lang/Class isAssignableFrom (Ljava/lang/Class;)Z 1024 0 512 0 -1
ciMethod java/lang/Class getName ()Ljava/lang/String; 528 0 106500 0 96
ciMethod java/lang/Object getClass ()Ljava/lang/Class; 512 0 256 0 -1
ciMethod java/lang/Object <init> ()V 1024 0 655191 0 128
ciInstanceKlass java/lang/invoke/LambdaForm$MH+0x0000024b85008000 1 1 41 1 7 1 100 1 1 1 1 1 1 1 7 1 1 12 9 1 1 1 1 1 7 1 1 12 10 1 7 1 1 12 11 1 7 12 9 1 1 1 1
staticfield java/lang/invoke/LambdaForm$MH+0x0000024b85008000 _D_0 Ljava/lang/invoke/LambdaForm; java/lang/invoke/LambdaForm
ciInstanceKlass org/springframework/util/ConcurrentReferenceHashMap 1 1 332 7 1 4 9 12 1 1 10 12 1 1 10 7 12 1 1 8 1 10 7 12 1 1 1 8 1 8 1 8 1 10 12 1 1 9 12 1 1 3 10 12 1 1 9 12 1 1 9 12 1 3 7 1 10 7 12 1 1 1 7 1 10 12 1 1 10 12 1 9 12 1 7 1 10 12 1 10 7 12 1 1 1 9 7 12 1 1 1 10 12 1 1 11 7 12 1 1 1 10 7 12 1 1 1 10 12 1 10 100 12 1 1 1 10 12 1 1 10 12 1 1 10 12 1 10 12 1 1 7 1 7 1 9 12 1 1 9 12 1 10 12 1 10 12 1 1 100 1 9 12 1 9 12 1 10 12 1 100 1 10 12 1 100 1 9 12 1 1 10 12 1 1 100 1 10 12 1 100 1 10 10 12 1 10 12 1 1 10 12 1 9 12 1 1 100 1 10 10 12 1 9 7 12 1 1 100 1 1 1 3 1 1 1 1 1 1 1 1 1 1 1 1 1 1 1 1 1 1 1 1 1 1 1 1 1 1 1 1 1 1 1 1 1 1 1 1 1 1 1 1 1 1 1 1 1 1 1 1 1 1 1 1 1 1 1 1 1 1 1 1 1 1 1 1 1 1 1 1 1 1 1 1 1 1 1 1 1 1 1 100 1 1 1 1 1 1 1 1 1 1 1 1 1 100 1 100 1 100 1 100 1 100 1 1 1 1 1 1 1 1 1 1 1 1 1 1 1 100 1 100 1
staticfield org/springframework/util/ConcurrentReferenceHashMap DEFAULT_REFERENCE_TYPE Lorg/springframework/util/ConcurrentReferenceHashMap$ReferenceType; org/springframework/util/ConcurrentReferenceHashMap$ReferenceType
instanceKlass org/springframework/util/ConcurrentReferenceHashMap$5
instanceKlass org/springframework/util/ConcurrentReferenceHashMap$4
instanceKlass org/springframework/util/ConcurrentReferenceHashMap$1
instanceKlass org/springframework/util/ConcurrentReferenceHashMap$3
instanceKlass org/springframework/util/ConcurrentReferenceHashMap$2
ciInstanceKlass org/springframework/util/ConcurrentReferenceHashMap$Task 1 1 88 9 7 12 1 1 1 10 7 12 1 1 1 100 1 10 7 12 1 1 1 10 12 1 1 9 12 1 1 10 12 1 1 10 12 1 1 1 1 1 1 1 1 1 1 1 1 1 1 100 1 100 1 1 1 1 1 1 1 1 1 1 1 1 1 1 1 1 1 1 1 1 1 1 1 1 1 1 1 100 1 1 100 1 1 100 1 1
ciInstanceKlass org/springframework/util/Assert 1 1 257 10 100 12 1 1 1 100 1 10 12 1 10 7 12 1 1 1 100 1 10 10 7 12 1 1 1 10 12 1 10 100 12 1 1 1 10 7 12 1 1 1 10 7 12 1 1 11 100 12 1 1 1 11 100 12 1 1 1 11 12 1 1 10 12 1 8 1 10 12 1 1 10 7 12 1 1 1 10 12 1 1 8 1 10 12 1 8 1 10 12 1 1 10 12 1 1 10 12 1 10 12 1 1 10 12 1 1 8 1 10 12 1 18 12 1 1 10 12 1 1 18 12 1 18 12 1 8 1 10 12 1 8 1 8 1 8 1 8 1 8 1 18 12 1 11 100 12 1 1 1 1 1 1 1 1 1 1 1 1 1 1 1 1 1 1 1 1 1 1 1 1 1 1 1 1 1 1 1 1 1 1 1 1 1 1 1 1 1 1 1 1 1 1 1 1 100 1 1 1 1 1 1 1 1 1 1 1 1 1 1 1 1 1 1 1 1 1 1 1 1 1 1 1 1 1 1 1 1 1 1 1 1 1 1 1 1 15 10 100 12 1 1 8 1 8 1 8 1 8 1 1 100 1 100 1 1
ciInstanceKlass org/springframework/util/ConcurrentReferenceHashMap$1 1 1 96 9 7 12 1 1 1 9 12 1 1 9 12 1 1 10 7 12 1 1 1 10 7 12 1 1 1 10 12 1 1 8 1 10 7 12 1 1 1 11 7 12 1 1 1 1 1 1 1 1 1 1 1 1 1 1 1 1 1 1 1 1 1 1 1 1 1 1 1 100 1 1 1 1 1 1 1 1 1 1 100 1 12 1 1 1 1 1 100 1 1 1 1 100 1 1
ciInstanceKlass org/springframework/util/ConcurrentReferenceHashMap$ReferenceType 1 1 58 7 1 9 12 1 1 9 12 1 9 12 1 1 10 100 12 1 1 10 7 12 1 1 1 10 12 1 1 8 10 8 10 12 1 1 1 1 1 1 1 1 1 1 1 1 1 1 1 1 1 1 1 1 100 1 1 1
staticfield org/springframework/util/ConcurrentReferenceHashMap$ReferenceType SOFT Lorg/springframework/util/ConcurrentReferenceHashMap$ReferenceType; org/springframework/util/ConcurrentReferenceHashMap$ReferenceType
staticfield org/springframework/util/ConcurrentReferenceHashMap$ReferenceType WEAK Lorg/springframework/util/ConcurrentReferenceHashMap$ReferenceType; org/springframework/util/ConcurrentReferenceHashMap$ReferenceType
staticfield org/springframework/util/ConcurrentReferenceHashMap$ReferenceType $VALUES [Lorg/springframework/util/ConcurrentReferenceHashMap$ReferenceType; 2 [Lorg/springframework/util/ConcurrentReferenceHashMap$ReferenceType;
ciInstanceKlass org/springframework/util/ConcurrentReferenceHashMap$Segment 1 1 287 7 1 9 7 12 1 1 1 10 7 12 1 1 1 7 1 10 9 12 1 1 10 12 1 1 9 12 1 1 9 12 1 1 10 12 1 1 9 12 1 1 9 12 1 9 7 12 1 1 1 10 12 1 1 10 12 1 1 10 12 1 1 10 12 1 1 9 7 12 1 1 1 10 7 12 1 1 1 9 12 1 9 12 1 10 12 1 1 10 12 1 11 7 12 1 1 18 12 1 1 10 12 1 9 12 1 10 12 1 1 10 12 1 1 10 7 12 1 1 1 10 12 1 1 10 7 12 1 1 1 100 1 10 11 7 12 1 1 11 12 1 3 11 12 1 11 12 1 10 12 1 1 11 12 1 10 7 12 1 1 1 10 7 12 1 1 1 10 7 12 1 1 1 10 12 1 10 12 1 1 1 1 1 1 1 1 1 1 1 1 1 1 1 1 1 1 1 1 1 1 1 1 1 1 1 1 1 1 1 1 1 1 1 1 1 1 1 1 1 100 1 100 1 100 1 1 1 1 1 1 1 1 1 1 1 1 1 1 1 1 1 100 1 1 1 1 1 1 1 1 1 1 1 1 1 1 1 1 1 1 15 10 7 12 1 1 1 16 1 15 10 12 1 1 1 1 1 1 1 1 1 100 1 100 1 1
ciInstanceKlass org/springframework/util/ConcurrentReferenceHashMap$ReferenceManager 1 1 86 9 7 12 1 1 1 10 7 12 1 1 1 7 1 10 9 12 1 1 9 7 12 1 1 1 9 7 12 1 1 100 1 10 12 1 7 1 10 10 12 1 1 100 1 1 1 1 1 1 1 1 1 1 1 1 1 1 1 1 1 1 1 1 1 1 1 1 1 1 1 1 1 1 1 1 1 1 1 1 1 100 1 1 1 1
ciInstanceKlass org/springframework/util/ConcurrentReferenceHashMap$Reference 1 0 29 100 1 100 1 1 1 1 1 1 1 1 1 1 1 1 1 1 1 1 1 1 100 1 1 1 100 1 1
ciInstanceKlass org/springframework/util/StringUtils 1 1 714 10 100 12 1 1 1 8 1 10 7 12 1 1 1 11 7 12 1 1 1 10 12 1 1 11 12 1 1 10 7 12 1 1 1 10 12 1 10 7 12 1 1 1 10 12 1 10 12 1 10 12 1 1 7 1 10 12 1 10 12 1 1 10 12 1 1 11 12 1 10 12 1 10 12 1 10 10 10 12 1 1 10 12 1 10 12 1 1 10 12 1 1 10 12 1 10 12 1 10 12 1 10 10 12 1 1 10 12 1 10 12 1 18 12 1 1 10 12 1 10 12 1 1 10 12 1 10 12 1 1 10 12 1 10 12 1 1 10 12 1 10 12 1 1 10 12 1 8 1 10 12 1 18 18 12 1 8 1 10 12 1 10 12 1 1 7 1 10 8 1 8 1 11 7 12 1 1 1 11 12 1 11 12 1 1 10 12 1 10 12 1 1 10 12 1 8 1 10 100 12 1 1 1 100 1 10 10 12 1 1 100 1 18 10 12 1 10 12 1 10 100 12 1 1 1 8 1 8 1 10 12 1 10 100 12 1 1 1 10 12 1 10 12 1 10 12 1 1 10 10 12 1 10 7 12 1 1 1 5 0 11 100 12 1 1 1 10 100 12 1 1 1 11 12 1 1 10 12 1 18 10 12 1 18 10 100 12 1 1 1 8 1 10 12 1 18 10 7 12 1 1 9 12 1 1 11 7 12 1 1 1 7 10 7 12 1 1 1 10 12 1 1 10 7 12 1 1 10 7 12 1 1 1 10 12 1 1 10 12 1 7 1 10 12 1 1 10 12 1 10 12 1 1 100 1 10 10 12 1 10 12 10 12 1 1 10 12 1 1 7 1 10 7 1 10 10 12 1 10 12 1 11 7 12 1 1 10 12 1 8 1 10 12 1 1 11 11 12 1 1 11 7 12 1 1 11 12 1 10 12 1 1 10 12 1 10 12 1 10 12 1 100 1 10 12 1 10 12 1 10 10 12 1 1 10 12 1 1 18 12 1 1 10 12 1 1 11 12 1 1 18 12 1 18 12 1 1 1 1 1 3 1 1 1 1 3 1 1 3 1 8 1 1 1 1 1 1 1 1 1 1 1 1 1 1 1 1 1 1 1 1 1 1 1 1 1 1 1 1 1 1 1 1 1 1 1 1 1 1 1 1 1 1 1 1 1 1 1 1 1 1 1 1 1 1 1 1 1 1 1 1 1 1 100 1 1 1 1 1 1 1 1 1 1 1 1 1 1 1 1 1 1 1 1 1 1 1 1 1 1 1 1 1 1 1 1 1 1 1 1 1 1 1 1 1 1 1 1 1 1 1 1 1 100 1 1 1 1 1 1 1 1 1 1 1 1 1 1 1 1 1 1 1 1 1 1 1 1 1 1 1 1 1 1 1 1 1 1 1 1 1 1 1 1 1 1 1 1 1 1 1 1 1 1 1 1 1 1 1 1 1 1 1 1 1 1 1 1 1 1 1 1 1 1 1 1 1 1 1 1 1 100 1 1 1 1 1 1 1 1 1 15 10 7 12 1 1 8 1 8 1 8 1 8 1 8 1 8 1 8 1 15 10 100 12 1 1 1 16 15 10 12 16 8 1 8 1 1 100 1 100 1 1
staticfield org/springframework/util/StringUtils EMPTY_STRING_ARRAY [Ljava/lang/String; 0 [Ljava/lang/String;
ciInstanceKlass org/springframework/util/ConcurrentReferenceHashMap$Restructure 1 1 58 7 1 9 12 1 1 9 12 1 9 12 1 1 10 100 12 1 1 10 7 12 1 1 1 10 12 1 1 8 10 8 10 12 1 1 1 1 1 1 1 1 1 1 1 1 1 1 1 1 1 1 1 1 100 1 1 1
staticfield org/springframework/util/ConcurrentReferenceHashMap$Restructure WHEN_NECESSARY Lorg/springframework/util/ConcurrentReferenceHashMap$Restructure; org/springframework/util/ConcurrentReferenceHashMap$Restructure
staticfield org/springframework/util/ConcurrentReferenceHashMap$Restructure NEVER Lorg/springframework/util/ConcurrentReferenceHashMap$Restructure; org/springframework/util/ConcurrentReferenceHashMap$Restructure
staticfield org/springframework/util/ConcurrentReferenceHashMap$Restructure $VALUES [Lorg/springframework/util/ConcurrentReferenceHashMap$Restructure; 2 [Lorg/springframework/util/ConcurrentReferenceHashMap$Restructure;
ciInstanceKlass org/springframework/util/ConcurrentReferenceHashMap$TaskOption 1 1 66 7 1 9 12 1 1 9 12 1 9 12 1 9 12 1 9 12 1 1 10 7 12 1 1 10 7 12 1 1 1 10 12 1 1 8 10 8 8 8 10 12 1 1 1 1 1 1 1 1 1 1 1 1 1 1 1 1 1 1 1 1 100 1 1 1
staticfield org/springframework/util/ConcurrentReferenceHashMap$TaskOption RESTRUCTURE_BEFORE Lorg/springframework/util/ConcurrentReferenceHashMap$TaskOption; org/springframework/util/ConcurrentReferenceHashMap$TaskOption
staticfield org/springframework/util/ConcurrentReferenceHashMap$TaskOption RESTRUCTURE_AFTER Lorg/springframework/util/ConcurrentReferenceHashMap$TaskOption; org/springframework/util/ConcurrentReferenceHashMap$TaskOption
staticfield org/springframework/util/ConcurrentReferenceHashMap$TaskOption SKIP_IF_EMPTY Lorg/springframework/util/ConcurrentReferenceHashMap$TaskOption; org/springframework/util/ConcurrentReferenceHashMap$TaskOption
staticfield org/springframework/util/ConcurrentReferenceHashMap$TaskOption RESIZE Lorg/springframework/util/ConcurrentReferenceHashMap$TaskOption; org/springframework/util/ConcurrentReferenceHashMap$TaskOption
staticfield org/springframework/util/ConcurrentReferenceHashMap$TaskOption $VALUES [Lorg/springframework/util/ConcurrentReferenceHashMap$TaskOption; 4 [Lorg/springframework/util/ConcurrentReferenceHashMap$TaskOption;
ciInstanceKlass org/springframework/util/ConcurrentReferenceHashMap$Entries 1 0 21 100 1 100 1 1 1 1 1 1 1 1 1 1 1 1 1 100 1 1 1
ciInstanceKlass org/springframework/util/ConcurrentReferenceHashMap$Segment$$Lambda$9+0x0000024b85023a50 1 1 41 1 7 1 7 1 100 1 1 1 1 1 1 1 1 1 1 1 1 12 10 12 9 12 9 12 9 12 9 12 9 1 1 1 7 1 1 12 10 1 1
ciInstanceKlass org/springframework/util/ConcurrentReferenceHashMap$Entry 1 1 98 10 7 12 1 1 1 9 7 12 1 1 1 9 12 1 100 1 10 12 1 1 11 10 100 12 1 1 1 10 12 1 11 10 12 1 1 18 12 1 1 1 1 1 1 1 1 1 1 1 1 1 1 1 1 1 1 1 1 1 1 1 1 1 1 1 1 1 1 1 1 1 1 1 1 1 1 1 100 1 1 15 10 100 12 1 1 8 1 1 1 100 1 100 1 100 1 1
ciInstanceKlass java/lang/invoke/LambdaForm$DMH+0x0000024b85024800 1 1 52 1 7 1 100 1 1 1 1 1 1 1 7 1 1 12 10 1 12 10 1 7 1 7 1 1 12 10 1 1 1 1 1 7 1 1 12 10 1 7 1 1 12 11 1 7 12 9 1 1 1 1
staticfield java/lang/invoke/LambdaForm$DMH+0x0000024b85024800 _D_0 Ljava/lang/invoke/LambdaForm; java/lang/invoke/LambdaForm
ciInstanceKlass java/lang/invoke/LambdaForm$MH+0x0000024b85025000 1 1 41 1 7 1 100 1 1 1 1 1 1 1 7 1 1 12 10 1 1 1 1 1 7 1 1 12 10 1 7 1 1 12 11 1 7 12 9 1 1 1 1
staticfield java/lang/invoke/LambdaForm$MH+0x0000024b85025000 _D_0 Ljava/lang/invoke/LambdaForm; java/lang/invoke/LambdaForm
ciInstanceKlass org/springframework/util/ConcurrentReferenceHashMap$SoftEntryReference 1 1 69 10 7 12 1 1 1 9 7 12 1 1 1 9 12 1 1 10 12 1 1 10 12 1 1 7 1 100 1 1 1 1 1 1 1 1 1 1 1 1 1 1 1 1 1 1 1 1 1 1 1 1 1 1 1 1 1 1 1 1 1 1 1 100 1 1 1 1 1
ciInstanceKlass org/springframework/util/ReflectionUtils 1 1 637 10 7 12 1 1 1 100 1 100 1 10 100 12 1 1 1 18 12 1 1 10 12 1 100 1 18 100 1 10 7 12 1 1 1 100 1 100 1 10 12 1 10 12 1 1 10 12 1 100 1 10 7 12 1 1 1 10 12 1 1 10 7 12 1 1 1 10 7 12 1 1 1 10 12 1 1 10 10 12 1 1 10 12 1 1 9 12 1 1 10 12 1 1 8 1 10 7 12 1 1 1 8 1 10 12 1 10 12 1 1 10 12 1 1 10 7 12 1 1 10 7 12 1 1 1 10 12 1 1 10 12 1 10 12 1 10 12 1 1 10 7 12 1 1 9 12 1 1 10 12 1 1 10 12 1 1 10 12 1 1 8 1 8 1 10 12 1 10 12 1 1 11 7 12 1 1 1 18 12 1 10 12 1 1 9 12 1 1 11 7 12 1 1 1 10 12 1 7 1 10 12 1 10 7 12 1 1 1 18 12 1 10 12 1 9 12 1 1 11 7 12 1 1 1 7 10 12 1 1 18 9 12 1 1 11 7 12 1 1 10 12 10 12 1 1 11 12 1 10 7 12 1 1 1 11 12 1 1 11 7 12 1 1 11 12 1 1 11 12 1 1 7 1 10 10 12 1 1 18 12 1 10 12 1 10 12 1 10 12 1 10 11 12 1 8 8 1 8 1 10 10 12 1 10 12 1 10 12 1 8 1 10 12 1 1 10 12 1 10 12 1 1 10 100 12 1 1 1 10 10 10 10 12 1 1 8 1 10 12 1 1 10 12 1 1 10 7 1 10 12 1 10 8 1 10 12 1 10 12 1 1 10 11 7 12 1 1 18 10 12 1 1 11 100 12 1 1 9 12 1 7 1 10 12 1 9 12 1 8 1 8 1 10 12 1 100 1 18 12 1 10 18 12 1 9 12 1 1 10 10 12 1 10 12 1 10 10 10 11 12 1 10 12 10 12 1 11 12 1 10 12 1 10 12 1 10 12 1 18 12 1 18 12 1 7 1 10 1 1 1 1 1 1 1 1 1 1 1 1 1 1 1 1 1 1 1 1 1 1 1 1 1 1 1 1 1 1 1 1 1 1 1 1 1 1 1 1 1 1 1 1 1 1 1 1 1 1 1 1 100 1 1 1 1 1 1 1 1 1 1 1 1 1 1 1 1 1 1 1 1 1 1 1 1 1 1 1 1 1 1 1 1 1 1 1 1 1 1 1 1 1 1 1 1 1 1 1 1 1 1 1 1 1 1 1 1 1 1 1 1 1 1 1 1 1 1 1 1 1 1 1 1 1 1 1 1 1 1 1 1 1 1 1 1 15 10 100 12 1 1 8 1 8 1 8 1 15 10 7 12 1 1 1 16 15 15 10 12 8 1 8 1 8 1 16 15 10 12 16 15 10 12 16 15 10 12 1 1 1 1 1 100 1 100 1 1
staticfield org/springframework/util/ReflectionUtils USER_DECLARED_METHODS Lorg/springframework/util/ReflectionUtils$MethodFilter; org/springframework/util/ReflectionUtils$$Lambda$19+0x0000024b8502a448
staticfield org/springframework/util/ReflectionUtils COPYABLE_FIELDS Lorg/springframework/util/ReflectionUtils$FieldFilter; org/springframework/util/ReflectionUtils$$Lambda$20+0x0000024b8502a868
staticfield org/springframework/util/ReflectionUtils EMPTY_CLASS_ARRAY [Ljava/lang/Class; 0 [Ljava/lang/Class;
staticfield org/springframework/util/ReflectionUtils EMPTY_METHOD_ARRAY [Ljava/lang/reflect/Method; 0 [Ljava/lang/reflect/Method;
staticfield org/springframework/util/ReflectionUtils EMPTY_FIELD_ARRAY [Ljava/lang/reflect/Field; 0 [Ljava/lang/reflect/Field;
staticfield org/springframework/util/ReflectionUtils EMPTY_OBJECT_ARRAY [Ljava/lang/Object; 0 [Ljava/lang/Object;
staticfield org/springframework/util/ReflectionUtils declaredMethodsCache Ljava/util/Map; org/springframework/util/ConcurrentReferenceHashMap
staticfield org/springframework/util/ReflectionUtils declaredFieldsCache Ljava/util/Map; org/springframework/util/ConcurrentReferenceHashMap
ciInstanceKlass org/springframework/util/ObjectUtils 1 1 519 7 1 10 7 12 1 1 1 100 1 100 1 10 12 1 1 10 7 12 1 1 1 10 12 1 1 10 12 1 1 7 1 10 12 1 7 1 11 10 100 12 1 1 1 7 1 11 100 1 11 10 12 1 1 8 1 10 100 12 1 1 1 10 12 1 1 10 12 1 1 10 100 12 1 1 1 10 7 12 1 1 10 12 1 1 100 1 10 12 1 10 12 1 18 12 1 1 10 12 1 10 12 1 1 10 12 1 1 7 1 10 7 12 1 1 1 9 12 1 18 12 1 10 12 1 10 10 12 1 10 7 12 1 1 7 1 10 12 1 7 1 10 12 1 7 1 10 12 1 7 1 10 12 1 7 1 10 12 1 7 1 10 12 1 7 1 10 12 1 7 1 10 12 1 10 12 1 10 12 1 1 10 12 1 10 12 1 10 12 1 10 12 1 10 12 1 10 12 1 10 12 1 10 12 1 10 12 1 8 1 10 12 1 18 10 12 1 10 7 12 1 1 1 10 12 1 8 1 10 12 1 10 12 1 10 12 1 10 12 1 10 12 1 10 12 1 10 12 1 10 12 1 10 12 1 10 8 1 100 1 8 1 8 1 8 1 10 12 1 10 12 1 10 12 1 1 10 10 12 1 10 12 10 12 1 18 12 1 10 12 1 10 12 1 10 12 1 8 1 8 1 10 12 1 10 12 1 8 1 8 1 100 1 10 12 1 100 1 10 12 1 100 1 10 12 1 10 100 12 1 1 1 10 100 12 1 1 1 10 12 1 1 1 1 1 1 1 1 1 1 1 1 1 1 1 1 1 1 1 1 1 1 1 1 1 1 1 1 1 1 100 1 1 1 1 1 1 1 1 1 1 1 1 1 1 1 1 1 1 1 1 1 1 1 1 1 1 1 1 1 1 1 1 1 1 1 1 1 1 100 1 1 1 1 1 1 1 1 1 1 1 1 1 1 1 1 1 1 1 1 1 1 1 1 1 1 1 1 1 1 1 1 1 1 1 1 1 1 1 1 1 1 1 1 1 1 1 1 1 1 1 1 1 1 1 1 1 1 1 1 1 1 1 1 1 1 1 1 1 1 1 1 1 1 1 1 1 1 1 1 1 1 1 1 1 1 1 1 15 10 7 12 1 1 8 1 8 1 8 1 8 1 1 100 1 100 1 1
staticfield org/springframework/util/ObjectUtils EMPTY_OBJECT_ARRAY [Ljava/lang/Object; 0 [Ljava/lang/Object;
ciInstanceKlass org/springframework/core/annotation/AnnotationsScanner 1 1 409 10 7 12 1 1 1 10 7 12 1 1 1 11 7 12 1 1 1 7 1 10 12 1 1 7 1 10 12 1 1 10 12 1 1 9 7 12 1 1 1 10 7 12 1 1 1 100 1 10 10 12 1 1 9 7 12 1 1 1 10 12 1 1 10 12 1 1 100 1 3 10 12 1 1 11 12 1 1 10 12 1 1 10 12 1 1 11 7 12 1 1 1 11 12 1 1 10 12 1 7 1 10 100 12 1 1 1 10 12 1 10 12 1 1 11 7 12 1 1 1 10 12 1 10 12 1 1 10 12 1 10 12 1 1 10 12 1 1 10 12 1 1 10 12 1 1 10 12 1 10 7 12 1 1 1 9 12 1 1 9 12 1 1 11 7 12 1 1 7 10 7 12 1 1 1 10 12 11 12 1 1 10 12 1 1 10 7 12 1 1 10 12 1 10 12 1 10 12 1 10 7 12 1 1 10 12 1 1 10 12 1 10 100 12 1 1 1 10 12 1 10 100 12 1 1 1 10 100 12 1 1 1 9 12 1 7 1 11 7 12 1 10 12 1 10 7 12 1 1 1 10 12 1 1 9 12 1 7 1 10 12 1 1 9 7 12 1 1 1 11 12 1 9 12 1 1 10 12 1 1 11 10 8 1 10 12 1 1 7 1 11 12 1 7 1 10 12 1 1 1 1 1 1 1 1 1 1 1 1 1 1 1 1 1 1 1 1 1 1 1 1 1 1 1 1 1 1 1 1 1 1 1 1 1 1 1 1 1 1 1 1 1 1 1 1 1 1 1 1 1 1 1 1 1 100 1 1 1 1 1 1 1 1 1 1 1 1 1 1 1 1 1 1 1 1 1 1 1 1 1 1 1 1 1 1 1 1 1 1 1 1 1 1 1 1 1 1 1 1 1 1 1 1 1 100 1 1 1
staticfield org/springframework/core/annotation/AnnotationsScanner NO_ANNOTATIONS [Ljava/lang/annotation/Annotation; 0 [Ljava/lang/annotation/Annotation;
staticfield org/springframework/core/annotation/AnnotationsScanner NO_METHODS [Ljava/lang/reflect/Method; 0 [Ljava/lang/reflect/Method;
staticfield org/springframework/core/annotation/AnnotationsScanner declaredAnnotationCache Ljava/util/Map; org/springframework/util/ConcurrentReferenceHashMap
staticfield org/springframework/core/annotation/AnnotationsScanner baseTypeMethodsCache Ljava/util/Map; org/springframework/util/ConcurrentReferenceHashMap
ciInstanceKlass org/springframework/core/annotation/AnnotationFilter 1 1 90 11 7 12 1 1 1 11 7 12 1 1 1 10 7 12 1 1 1 11 12 1 7 1 10 12 1 1 7 1 8 1 8 1 11 12 1 1 9 12 1 1 8 1 8 1 9 12 1 7 1 10 12 1 9 12 1 7 1 10 9 12 1 100 1 1 1 1 1 1 1 1 1 1 1 1 1 1 1 1 1 1 1 1 1 1 1 1 1 1
staticfield org/springframework/core/annotation/AnnotationFilter PLAIN Lorg/springframework/core/annotation/AnnotationFilter; org/springframework/core/annotation/PackagesAnnotationFilter
staticfield org/springframework/core/annotation/AnnotationFilter JAVA Lorg/springframework/core/annotation/AnnotationFilter; org/springframework/core/annotation/PackagesAnnotationFilter
staticfield org/springframework/core/annotation/AnnotationFilter ALL Lorg/springframework/core/annotation/AnnotationFilter; org/springframework/core/annotation/AnnotationFilter$1
staticfield org/springframework/core/annotation/AnnotationFilter NONE Lorg/springframework/core/annotation/AnnotationFilter; org/springframework/core/annotation/AnnotationFilter$2
ciInstanceKlass org/springframework/core/annotation/PackagesAnnotationFilter 1 1 110 10 7 12 1 1 1 8 1 10 7 12 1 1 1 7 1 9 7 12 1 1 1 8 1 10 12 1 1 18 12 1 1 10 7 12 1 1 1 10 12 1 1 9 12 1 10 12 1 1 10 12 1 1 10 12 1 1 10 100 12 1 1 1 18 100 1 1 1 1 1 1 1 1 1 1 1 1 100 1 1 1 1 1 1 1 1 1 1 1 1 1 1 1 15 10 7 12 1 1 8 1 8 1 1 100 1 100 1 1
ciInstanceKlass org/springframework/boot/context/properties/bind/Bindable$BindRestriction 1 1 54 7 1 9 12 1 1 9 12 1 1 10 7 12 1 1 10 7 12 1 1 1 10 12 1 1 8 10 10 12 1 1 1 1 1 1 1 1 1 1 1 1 1 1 1 1 1 1 1 1 100 1 1 1
staticfield org/springframework/boot/context/properties/bind/Bindable$BindRestriction NO_DIRECT_PROPERTY Lorg/springframework/boot/context/properties/bind/Bindable$BindRestriction; org/springframework/boot/context/properties/bind/Bindable$BindRestriction
staticfield org/springframework/boot/context/properties/bind/Bindable$BindRestriction $VALUES [Lorg/springframework/boot/context/properties/bind/Bindable$BindRestriction; 1 [Lorg/springframework/boot/context/properties/bind/Bindable$BindRestriction;
instanceKlass org/springframework/core/ResolvableType$1
ciInstanceKlass org/springframework/core/ResolvableType 1 1 706 10 7 12 1 1 1 9 7 12 1 1 1 9 12 1 1 9 12 1 1 9 12 1 1 10 12 1 1 10 7 12 1 1 1 9 12 1 1 9 12 1 1 10 12 1 1 10 7 12 1 1 1 7 1 11 12 1 1 7 1 11 7 12 1 1 1 10 12 1 1 10 12 1 10 12 1 1 10 7 12 1 1 1 10 12 1 1 10 12 1 8 1 10 7 12 1 1 1 9 12 1 11 7 12 1 1 1 10 10 12 1 1 10 12 1 1 10 7 12 1 1 10 12 1 1 10 12 1 1 10 12 1 7 1 11 7 12 1 1 1 10 12 10 12 1 10 12 1 1 10 12 1 10 12 1 7 1 10 12 1 11 12 1 1 10 7 1 10 12 1 10 12 10 12 1 1 11 12 1 7 1 10 12 1 10 12 1 10 12 1 9 12 1 10 12 1 100 1 9 12 1 1 9 12 1 10 12 1 1 10 12 1 10 12 1 9 12 1 1 10 12 1 10 7 12 1 1 10 12 1 10 12 1 1 10 12 1 10 12 1 7 1 11 12 1 11 12 1 10 12 1 1 10 12 1 10 12 1 10 12 1 1 9 12 1 11 12 1 9 7 12 1 1 10 100 12 1 1 1 10 12 1 1 11 12 10 11 12 1 1 10 7 12 1 1 1 11 12 1 10 12 1 1 11 12 1 11 10 12 1 1 7 1 10 12 1 18 12 1 1 8 1 10 8 1 10 100 12 1 1 1 18 12 1 10 12 1 7 1 10 12 1 8 1 10 12 1 8 1 8 1 10 12 1 1 18 12 1 10 12 1 1 7 1 10 7 1 10 12 1 7 1 10 12 1 7 1 11 12 1 8 1 100 1 10 12 1 10 12 1 10 100 12 1 1 10 12 1 1 10 12 1 8 1 7 1 10 12 1 10 12 1 1 10 12 1 8 1 10 12 1 10 12 1 8 1 10 12 1 10 7 1 10 12 1 10 12 1 9 12 1 1 10 12 1 8 1 10 12 1 10 12 1 10 100 1 10 12 1 1 9 12 1 1 10 7 12 1 1 10 12 1 10 10 12 1 10 10 12 1 9 10 12 1 18 12 1 10 100 1 1 1 1 1 1 1 1 1 1 1 1 1 1 1 1 1 1 1 1 1 1 1 1 1 1 1 1 1 1 1 1 1 1 1 1 1 1 1 1 1 1 1 1 1 1 1 100 1 1 1 1 1 1 1 1 1 1 1 1 1 100 1 1 1 1 1 1 1 1 1 1 1 1 1 100 1 1 1 1 1 1 1 100 1 1 1 1 1 1 1 1 1 1 1 1 1 1 1 1 100 1 1 1 1 1 1 1 1 1 1 1 1 1 1 1 1 1 1 1 1 1 1 1 1 1 1 1 1 1 1 1 1 1 1 1 1 1 1 1 1 1 1 1 1 1 1 1 1 1 1 1 1 1 1 1 1 1 1 1 1 1 1 1 1 1 1 1 1 1 1 1 1 100 1 1 15 10 100 12 1 1 8 1 8 1 15 10 7 12 1 1 1 16 15 10 12 16 8 1 1 1 1 1 1 1 1 1 1 1 1 100 1 100 1 1
staticfield org/springframework/core/ResolvableType NONE Lorg/springframework/core/ResolvableType; org/springframework/core/ResolvableType
staticfield org/springframework/core/ResolvableType EMPTY_TYPES_ARRAY [Lorg/springframework/core/ResolvableType; 0 [Lorg/springframework/core/ResolvableType;
staticfield org/springframework/core/ResolvableType cache Lorg/springframework/util/ConcurrentReferenceHashMap; org/springframework/util/ConcurrentReferenceHashMap
instanceKlass org/apache/catalina/session/TooManyActiveSessionsException
instanceKlass org/springframework/context/annotation/ConflictingBeanDefinitionException
instanceKlass org/springframework/beans/factory/support/ImplicitlyAppearedSingletonException
instanceKlass org/springframework/core/env/MissingRequiredPropertiesException
ciInstanceKlass java/lang/IllegalStateException 1 1 35 10 7 12 1 1 1 10 12 1 10 12 1 10 12 1 100 1 1 1 1 5 0 1 1 1 1 1 1 1 1 1 1 1 1
ciInstanceKlass java/lang/IllegalAccessException 0 0 26 10 100 12 1 1 1 10 12 1 100 1 1 1 1 5 0 1 1 1 1 1 1 1 1 1
ciInstanceKlass java/lang/reflect/InvocationTargetException 0 0 37 100 1 10 100 12 1 1 1 9 100 12 1 1 1 10 12 1 1 1 1 5 0 1 1 1 1 1 1 1 1 1 1 1 1 1 1
ciInstanceKlass java/time/zone/ZoneRulesProvider$1 1 1 92 9 7 12 1 1 1 10 7 12 1 1 1 8 1 10 7 12 1 1 1 10 100 12 1 1 1 10 100 12 1 1 1 7 1 10 12 1 1 10 12 1 1 10 12 1 1 11 100 12 1 1 1 100 1 100 1 10 12 1 7 1 10 100 1 1 1 1 1 1 1 1 1 1 1 1 1 1 1 1 1 1 1 100 1 1 1 1 1 1 1 1
instanceKlass sun/reflect/annotation/AnnotationTypeMismatchExceptionProxy
ciInstanceKlass sun/reflect/annotation/ExceptionProxy 0 0 25 10 100 12 1 1 1 100 1 100 1 1 1 1 5 0 1 1 1 1 1 1 1 1 1
ciInstanceKlass java/lang/reflect/InvocationHandler 1 0 139 10 100 12 1 1 1 10 100 12 1 1 1 10 100 12 1 1 1 100 1 8 1 10 12 1 1 10 100 12 1 1 1 100 1 10 12 1 8 1 10 12 1 1 10 12 1 8 1 10 12 1 1 10 12 1 10 100 12 1 1 10 12 1 1 10 12 1 1 10 12 1 1 9 12 1 1 10 100 12 1 1 1 100 1 100 1 10 100 12 1 1 10 12 1 100 1 10 12 1 1 100 1 1 1 1 100 1 1 1 1 1 1 1 1 1 1 1 1 1 1 1 1 1 1 1 1 1 1 1 100 1 100 1 1 1 1 1 1
ciInstanceKlass sun/reflect/annotation/AnnotationInvocationHandler 1 1 845 10 7 12 1 1 1 10 7 12 1 1 1 10 12 1 1 7 1 100 1 100 1 10 8 1 10 12 1 1 10 12 1 1 10 12 1 10 12 1 9 7 12 1 1 1 9 12 1 1 10 7 1 10 12 1 1 8 1 10 12 1 10 12 1 1 100 1 8 1 10 12 1 8 10 12 1 8 1 10 12 1 10 100 12 1 1 1 8 1 11 7 12 1 1 1 100 1 10 12 1 7 1 10 12 1 1 10 12 1 1 10 12 1 10 7 12 1 1 1 10 12 1 7 1 10 12 1 1 7 1 10 7 1 10 7 1 10 7 1 10 7 1 10 7 1 10 7 1 10 7 1 10 10 12 1 10 12 1 11 12 1 1 11 100 12 1 1 11 12 1 1 11 100 12 1 1 11 12 1 100 1 8 1 11 12 1 100 1 8 1 10 12 1 11 12 1 10 12 1 1 10 12 1 1 10 12 1 100 1 10 12 1 1 10 12 1 100 1 10 12 1 1 10 12 1 100 1 10 12 1 1 10 12 1 100 1 10 12 1 1 10 12 1 100 1 10 12 1 1 10 12 1 10 10 12 1 1 10 12 1 11 100 12 1 1 1 18 12 1 1 11 12 1 1 10 12 1 11 100 12 1 1 18 12 1 11 12 1 11 100 12 1 1 18 12 1 11 12 1 10 12 1 10 12 1 100 1 10 100 12 1 1 1 18 12 1 11 100 12 1 1 1 100 1 18 18 10 12 1 1 10 12 1 8 1 8 1 10 12 1 1 10 12 8 1 10 12 1 8 1 8 1 8 1 10 12 1 10 12 10 12 8 1 8 1 8 1 10 12 1 8 1 8 1 8 1 8 1 8 1 8 1 8 1 8 1 10 12 1 1 10 12 8 1 10 12 1 1 8 1 10 12 1 10 12 8 1 10 12 1 10 12 1 1 100 1 10 11 100 12 1 1 11 12 1 10 100 12 1 1 10 100 12 1 1 8 1 8 1 10 100 12 1 1 1 11 12 1 1 10 12 1 10 12 1 10 12 1 1 10 12 1 10 12 1 1 10 12 1 1 100 1 100 1 10 12 1 1 10 100 12 1 1 1 10 12 1 1 10 10 12 1 10 12 1 10 12 1 10 12 1 10 12 1 10 12 1 10 12 1 10 12 1 9 12 1 1 10 10 12 1 9 12 1 1 10 12 1 100 1 10 12 1 10 100 12 1 1 1 100 10 12 1 100 1 10 12 1 10 12 1 10 12 1 10 12 1 9 100 12 1 1 10 12 1 9 8 1 10 10 12 10 12 1 10 10 12 1 10 12 1 10 12 1 10 12 1 10 12 1 10 12 1 10 12 1 10 12 1 10 12 1 10 100 12 1 1 1 8 10 100 12 1 1 8 10 100 12 1 1 1 100 1 100 1 8 1 10 10 12 1 1 100 1 10 100 1 10 12 1 10 10 12 1 10 12 1 1 11 12 1 1 10 100 12 1 1 1 10 12 1 1 8 1 10 100 12 1 1 10 12 1 1 10 12 1 100 1 100 1 1 1 1 5 0 1 1 1 1 1 1 1 1 1 1 1 1 1 1 1 1 1 1 1 1 1 1 1 1 1 1 1 1 1 1 1 1 1 1 1 1 1 1 1 1 1 1 1 1 1 1 1 1 1 1 1 1 1 1 1 1 1 1 1 1 1 1 1 1 1 1 1 1 1 1 1 1 1 1 1 1 1 1 1 1 1 1 1 1 1 1 1 1 1 1 1 1 1 1 1 1 1 1 1 1 1 1 1 1 1 1 1 1 1 100 1 100 1 1 1 1 1 1 15 10 100 12 1 1 1 16 1 15 16 16 1 15 10 12 16 16 1 15 16 16 15 16 15 16 15 10 100 12 1 16 1 1 1 1 100 1 100 1 1
staticfield sun/reflect/annotation/AnnotationInvocationHandler $assertionsDisabled Z 1
instanceKlass com/sun/proxy/jdk/proxy1/$Proxy79
instanceKlass jdk/proxy3/$Proxy78
instanceKlass org/springframework/core/$Proxy77
instanceKlass jdk/proxy2/$Proxy76
instanceKlass jdk/proxy2/$Proxy75
instanceKlass jdk/proxy2/$Proxy74
instanceKlass jdk/proxy2/$Proxy73
instanceKlass jdk/proxy2/$Proxy72
instanceKlass jdk/proxy2/$Proxy71
instanceKlass jdk/proxy2/$Proxy70
instanceKlass org/springframework/cloud/netflix/eureka/$Proxy69
instanceKlass jdk/proxy2/$Proxy68
instanceKlass jdk/proxy2/$Proxy67
instanceKlass jdk/proxy2/$Proxy66
instanceKlass jdk/proxy2/$Proxy65
instanceKlass jdk/proxy2/$Proxy64
instanceKlass jdk/proxy2/$Proxy63
instanceKlass jdk/proxy2/$Proxy62
instanceKlass jdk/proxy2/$Proxy61
instanceKlass jdk/proxy2/$Proxy60
instanceKlass jdk/proxy2/$Proxy59
instanceKlass jdk/proxy2/$Proxy58
instanceKlass jdk/proxy2/$Proxy57
instanceKlass jdk/proxy2/$Proxy56
instanceKlass jdk/proxy2/$Proxy55
instanceKlass jdk/proxy2/$Proxy54
instanceKlass jdk/proxy2/$Proxy53
instanceKlass jdk/proxy2/$Proxy52
instanceKlass jdk/proxy2/$Proxy51
instanceKlass jdk/proxy2/$Proxy50
instanceKlass jdk/proxy2/$Proxy49
instanceKlass jdk/proxy2/$Proxy48
instanceKlass jdk/proxy2/$Proxy47
instanceKlass jdk/proxy2/$Proxy46
instanceKlass jdk/proxy2/$Proxy45
instanceKlass jdk/proxy2/$Proxy44
instanceKlass jdk/proxy2/$Proxy43
instanceKlass jdk/proxy2/$Proxy42
instanceKlass jdk/proxy2/$Proxy41
instanceKlass jdk/proxy2/$Proxy40
instanceKlass jdk/proxy2/$Proxy39
instanceKlass jdk/proxy2/$Proxy38
instanceKlass jdk/proxy2/$Proxy37
instanceKlass jdk/proxy2/$Proxy36
instanceKlass jdk/proxy2/$Proxy35
instanceKlass jdk/proxy2/$Proxy34
instanceKlass jdk/proxy2/$Proxy33
instanceKlass jdk/proxy2/$Proxy32
instanceKlass jdk/proxy2/$Proxy31
instanceKlass jdk/proxy2/$Proxy30
instanceKlass jdk/proxy2/$Proxy29
instanceKlass jdk/proxy2/$Proxy28
instanceKlass jdk/proxy2/$Proxy27
instanceKlass jdk/proxy2/$Proxy26
instanceKlass jdk/proxy2/$Proxy25
instanceKlass jdk/proxy2/$Proxy24
instanceKlass jdk/proxy2/$Proxy23
instanceKlass jdk/proxy1/$Proxy22
instanceKlass jdk/proxy2/$Proxy21
instanceKlass jdk/proxy2/$Proxy20
instanceKlass jdk/proxy2/$Proxy19
instanceKlass jdk/proxy2/$Proxy18
instanceKlass jdk/proxy2/$Proxy17
instanceKlass jdk/proxy2/$Proxy16
instanceKlass jdk/proxy2/$Proxy15
instanceKlass jdk/proxy2/$Proxy14
instanceKlass jdk/proxy2/$Proxy13
instanceKlass jdk/proxy2/$Proxy12
instanceKlass jdk/proxy1/$Proxy11
instanceKlass jdk/proxy2/$Proxy10
instanceKlass jdk/proxy1/$Proxy9
instanceKlass jdk/proxy2/$Proxy8
instanceKlass jdk/proxy2/$Proxy7
instanceKlass org/springframework/core/$Proxy6
instanceKlass jdk/proxy2/$Proxy5
instanceKlass jdk/proxy1/$Proxy4
instanceKlass jdk/proxy1/$Proxy3
instanceKlass jdk/proxy2/$Proxy2
instanceKlass jdk/proxy1/$Proxy1
instanceKlass jdk/proxy1/$Proxy0
ciInstanceKlass java/lang/reflect/Proxy 1 1 588 100 1 10 7 12 1 1 1 10 7 12 1 1 1 9 7 12 1 1 1 10 7 12 1 1 1 10 100 12 1 1 1 10 12 1 1 10 7 12 1 1 7 1 10 12 1 1 9 12 1 1 10 7 12 1 1 1 18 12 1 1 10 7 12 1 1 1 10 7 12 1 1 1 10 7 12 1 1 1 18 10 12 1 1 9 100 12 1 1 1 10 100 12 1 1 1 10 12 1 1 10 12 1 1 10 12 1 1 10 12 1 1 100 1 100 1 100 1 10 100 12 1 1 1 10 12 1 100 1 10 12 1 1 100 1 10 100 1 10 12 1 1 10 12 1 10 100 12 1 1 1 100 1 100 1 10 8 1 10 12 1 1 10 10 12 1 18 12 1 1 10 7 12 1 1 1 7 1 10 12 1 10 7 12 1 1 10 12 1 10 100 1 8 1 10 10 12 1 1 10 12 1 1 9 12 1 1 100 1 10 9 12 1 1 10 100 12 1 1 1 100 1 10 12 1 1 10 12 100 1 10 100 12 1 1 10 12 1 1 10 100 12 1 1 1 10 100 12 1 1 1 10 12 1 1 10 12 1 1 10 12 1 10 100 12 1 1 1 10 12 1 1 100 1 10 12 1 18 12 1 1 11 100 12 1 1 8 1 10 12 1 10 12 1 1 10 12 1 1 10 12 1 1 10 100 12 1 1 1 10 12 1 1 100 1 10 12 1 1 10 12 1 1 10 12 1 10 12 1 1 10 10 12 1 8 1 10 12 1 8 1 10 12 1 11 7 12 1 1 100 1 10 100 1 10 11 12 1 1 11 100 12 1 1 11 12 1 11 100 12 1 1 11 100 1 11 12 1 10 12 1 1 11 11 11 12 1 8 1 100 1 10 12 1 10 12 1 1 100 1 10 12 1 10 12 1 10 12 1 1 10 12 1 10 12 1 7 1 9 12 1 10 7 1 10 9 12 1 100 1 1 1 1 5 0 1 1 1 1 1 8 1 1 1 1 1 1 1 1 1 1 1 1 1 1 1 1 1 1 1 1 1 1 1 1 1 1 1 1 1 1 1 1 1 1 1 1 1 1 1 1 1 1 1 1 1 1 1 1 1 1 1 1 1 1 1 1 1 1 1 1 1 1 1 1 1 1 1 1 1 1 1 1 1 1 1 1 1 1 1 1 1 1 1 1 1 1 1 1 1 1 1 1 1 1 1 1 1 1 1 1 1 1 1 1 1 1 1 1 1 1 1 100 1 1 15 10 7 12 1 1 1 16 15 10 12 16 15 10 12 16 15 10 7 1 16 16 15 10 12 1 100 1 1 1 1 1
staticfield java/lang/reflect/Proxy constructorParams [Ljava/lang/Class; 1 [Ljava/lang/Class;
staticfield java/lang/reflect/Proxy proxyCache Ljdk/internal/loader/ClassLoaderValue; jdk/internal/loader/ClassLoaderValue
staticfield java/lang/reflect/Proxy DEFAULT_METHODS_MAP Ljava/lang/ClassValue; java/lang/reflect/Proxy$1
staticfield java/lang/reflect/Proxy EMPTY_ARGS [Ljava/lang/Object; 0 [Ljava/lang/Object;
staticfield java/lang/reflect/Proxy $assertionsDisabled Z 1
ciInstanceKlass jdk/internal/loader/AbstractClassLoaderValue$Sub 1 1 75 9 7 12 1 1 1 10 7 12 1 1 1 9 12 1 1 10 7 12 1 1 1 10 12 1 1 10 12 1 1 10 12 1 1 10 7 1 10 12 1 10 12 1 1 10 12 1 1 1 1 1 1 1 1 1 1 1 1 1 1 1 1 1 1 1 1 1 1 1 1 1 1 1 1
ciInstanceKlass java/lang/reflect/Proxy$ProxyBuilder 1 1 705 7 1 7 1 11 7 12 1 1 1 11 7 12 1 1 1 11 12 1 1 7 1 10 12 1 1 10 12 1 1 10 12 1 1 10 7 12 1 1 1 100 1 8 1 10 12 1 1 10 12 1 1 10 7 12 1 1 1 10 12 1 100 1 7 1 10 12 1 8 1 10 12 1 1 10 12 1 10 12 1 10 8 1 10 12 1 10 12 1 8 1 10 12 1 1 10 7 12 1 1 1 11 7 12 1 1 8 1 9 7 12 1 1 1 10 7 12 1 1 1 8 1 10 12 1 8 1 10 12 1 1 10 12 1 1 10 7 12 1 1 1 9 12 1 1 8 1 11 7 12 1 1 1 9 12 1 1 10 7 12 1 1 1 9 7 12 1 1 1 10 7 12 1 1 1 100 1 10 10 12 1 1 10 12 1 1 10 7 12 1 1 8 1 10 12 1 1 8 1 10 12 1 8 1 8 1 8 1 7 1 10 10 12 1 1 10 12 1 9 100 12 1 1 1 8 1 10 100 12 1 1 8 1 10 12 18 12 1 1 11 12 1 1 9 12 1 1 10 10 7 12 1 1 8 1 11 12 1 3 8 1 10 12 1 10 12 1 1 10 12 1 1 9 12 1 1 10 12 1 1 9 12 1 1 9 12 1 1 100 1 10 10 7 12 1 1 1 10 12 1 10 12 1 1 10 12 1 1 9 12 1 1 10 12 1 1 100 1 10 10 12 1 7 1 10 12 1 10 7 12 1 1 1 7 1 10 12 1 10 12 1 8 1 10 12 1 8 1 10 12 1 8 1 10 12 1 1 11 7 12 1 1 1 8 1 11 7 1 10 10 12 1 1 10 7 1 10 12 1 10 12 1 1 10 12 1 1 10 12 1 1 10 12 1 1 10 12 1 10 12 1 1 10 12 1 10 12 1 7 1 10 11 11 12 1 7 1 11 12 1 11 12 1 8 1 8 1 10 12 1 1 10 12 8 1 10 7 12 1 1 1 10 12 1 1 10 12 1 11 12 1 1 10 12 1 1 10 12 1 1 10 12 1 10 12 1 1 100 1 8 1 11 12 1 1 10 12 1 10 12 1 9 12 1 18 12 1 1 10 12 1 1 8 1 9 12 1 1 10 7 12 1 1 9 7 12 1 1 1 11 12 1 1 10 12 1 1 11 12 1 10 7 12 1 1 10 12 1 1 10 12 1 10 12 1 1 10 12 1 9 12 1 10 12 1 1 10 12 1 10 12 1 10 7 12 1 1 1 10 10 8 1 8 1 10 7 12 1 1 1 10 1 1 1 1 1 1 1 1 1 1 1 1 1 1 1 1 1 1 1 1 1 1 1 1 1 1 1 1 1 1 1 100 1 100 1 1 1 1 1 1 1 1 1 1 1 1 1 1 1 1 1 1 1 1 1 1 1 1 100 1 1 1 1 1 1 1 1 1 1 1 100 1 1 1 1 1 100 1 1 1 1 1 1 1 1 1 1 1 1 1 1 1 1 1 1 1 1 1 1 1 1 1 15 10 7 12 1 1 1 16 1 15 10 12 16 16 15 10 12 16 1 1 100 1 1 1 1 1 100 1 100 1 1
staticfield java/lang/reflect/Proxy$ProxyBuilder JLA Ljdk/internal/access/JavaLangAccess; java/lang/System$2
staticfield java/lang/reflect/Proxy$ProxyBuilder nextUniqueNumber Ljava/util/concurrent/atomic/AtomicLong; java/util/concurrent/atomic/AtomicLong
staticfield java/lang/reflect/Proxy$ProxyBuilder reverseProxyCache Ljdk/internal/loader/ClassLoaderValue; jdk/internal/loader/ClassLoaderValue
staticfield java/lang/reflect/Proxy$ProxyBuilder DEBUG Ljava/lang/String; ""staticfield java/lang/reflect/Proxy$ProxyBuilder dynProxyModules Ljdk/internal/loader/ClassLoaderValue; jdk/internal/loader/ClassLoaderValue
staticfield java/lang/reflect/Proxy$ProxyBuilder counter Ljava/util/concurrent/atomic/AtomicInteger; java/util/concurrent/atomic/AtomicInteger
staticfield java/lang/reflect/Proxy$ProxyBuilder $assertionsDisabled Z 1
ciInstanceKlass jdk/proxy1/$Proxy3 1 1 136 1 7 1 7 1 100 1 1 12 10 1 1 1 1 1 100 1 100 1 100 1 1 12 9 12 9 1 7 1 1 12 11 1 100 1 12 10 1 100 1 12 10 1 1 1 12 9 1 100 1 100 1 1 12 10 1 1 1 12 9 1 100 1 1 1 12 9 1 100 1 1 1 12 9 1 7 1 1 1 100 1 100 1 8 1 1 12 10 8 1 1 12 10 8 8 1 8 8 8 1 100 1 12 10 1 12 10 1 100 10 1 1 1 100 1 100 1 12 10 1 12 10 1 100 1 1 12 10 12 10 10 1 1 1 1
staticfield jdk/proxy1/$Proxy3 m0 Ljava/lang/reflect/Method; java/lang/reflect/Method
staticfield jdk/proxy1/$Proxy3 m1 Ljava/lang/reflect/Method; java/lang/reflect/Method
staticfield jdk/proxy1/$Proxy3 m2 Ljava/lang/reflect/Method; java/lang/reflect/Method
staticfield jdk/proxy1/$Proxy3 m3 Ljava/lang/reflect/Method; java/lang/reflect/Method
staticfield jdk/proxy1/$Proxy3 m4 Ljava/lang/reflect/Method; java/lang/reflect/Method
ciInstanceKlass org/springframework/core/annotation/AnnotationUtils 1 1 864 7 1 10 7 12 1 1 1 11 7 12 1 1 1 11 7 12 1 1 1 11 12 1 1 7 1 10 7 12 1 1 1 10 12 1 1 10 12 1 8 1 10 7 12 1 1 1 10 7 12 1 1 1 10 12 1 1 10 12 1 1 10 12 7 1 10 7 12 1 1 1 11 7 12 1 1 1 11 12 1 1 11 12 1 1 18 12 1 1 11 12 1 1 10 7 12 1 1 1 9 7 12 1 1 1 11 12 1 11 100 12 1 1 1 9 7 12 1 1 1 11 12 1 11 12 1 1 10 100 12 1 1 1 10 12 1 11 12 1 1 10 12 1 1 7 1 10 12 1 1 10 100 1 10 12 1 1 10 12 1 1 10 12 1 9 12 1 11 12 1 1 18 12 1 1 10 100 12 1 1 1 11 100 12 1 1 1 18 11 12 1 1 10 100 12 1 1 1 11 12 1 1 100 1 10 12 1 9 12 1 11 12 1 18 10 9 12 1 10 10 12 1 1 10 12 1 1 11 12 1 18 11 12 1 11 12 1 11 12 1 10 12 1 1 11 100 12 1 1 1 11 12 1 1 11 12 1 11 12 1 18 12 1 10 12 1 1 11 12 1 10 12 1 11 12 1 9 12 1 11 12 1 11 12 11 12 1 10 7 12 1 1 1 10 12 1 1 10 12 1 1 10 12 1 10 12 1 10 100 12 1 1 1 11 12 1 18 11 12 1 1 100 1 10 10 12 1 10 100 12 1 1 1 10 12 1 1 10 100 12 1 1 18 12 1 1 11 100 12 1 1 1 9 12 1 1 18 11 12 1 1 10 12 1 10 100 12 1 1 1 10 12 1 10 100 12 1 1 1 10 12 1 10 12 1 10 12 1 10 100 1 10 12 1 11 12 1 1 11 12 18 9 12 1 1 10 12 1 1 11 100 1 11 12 1 11 12 1 9 12 1 1 10 100 12 1 1 10 12 1 10 100 12 1 1 1 10 100 1 10 12 1 9 12 1 1 18 12 1 1 10 100 12 1 1 1 10 12 1 1 10 12 10 10 10 12 1 1 10 9 12 1 1 100 1 11 12 1 100 1 10 12 1 10 12 1 10 100 12 1 1 1 8 1 10 12 1 10 100 12 1 1 10 12 1 1 10 12 1 1 100 1 10 12 1 1 10 7 12 1 1 10 12 1 1 11 7 12 1 1 1 10 100 12 1 1 100 1 10 12 1 1 9 100 12 1 1 1 10 12 1 9 12 1 10 12 1 8 1 8 1 18 12 1 1 10 12 1 1 18 12 1 10 12 10 12 1 11 12 1 10 12 1 10 12 1 11 12 1 100 1 100 1 100 1 10 12 7 1 100 1 10 12 1 10 9 12 1 11 12 1 9 9 100 12 1 1 11 12 1 10 12 1 8 1 11 12 1 1 7 1 10 1 1 1 1 1 1 1 1 1 1 1 1 1 1 1 1 1 1 1 1 1 1 1 1 1 1 1 1 1 1 1 1 1 1 1 1 1 1 1 1 1 1 1 1 1 1 1 1 1 1 1 1 1 1 1 1 1 1 1 1 1 1 1 1 1 1 1 1 1 1 1 1 1 1 1 1 1 1 1 1 1 1 1 1 1 1 1 1 1 1 1 1 1 1 1 1 1 1 1 1 1 1 1 1 1 1 1 1 1 1 1 1 1 1 1 1 1 1 1 1 1 1 1 1 1 1 1 100 1 1 1 1 1 1 1 1 1 1 1 1 1 1 1 100 1 1 1 1 1 1 1 1 1 1 1 15 10 7 12 1 1 1 16 15 10 12 16 16 15 16 1 15 16 1 15 11 12 15 16 15 11 12 1 16 15 10 12 16 16 1 15 10 100 12 1 1 16 1 15 10 12 16 15 10 12 16 15 10 12 15 10 100 12 1 1 8 1 8 1 1 1 1 1 1 1 1 100 1 100 1 1
staticfield org/springframework/core/annotation/AnnotationUtils JAVA_LANG_ANNOTATION_FILTER Lorg/springframework/core/annotation/AnnotationFilter; org/springframework/core/annotation/PackagesAnnotationFilter
staticfield org/springframework/core/annotation/AnnotationUtils defaultValuesCache Ljava/util/Map; org/springframework/util/ConcurrentReferenceHashMap
ciInstanceKlass jdk/proxy2/$Proxy2 1 1 133 1 7 1 7 1 100 1 1 12 10 1 1 1 1 1 100 1 100 1 7 1 1 12 9 12 9 1 7 1 1 12 11 1 100 1 12 10 1 100 1 12 10 1 1 1 12 9 1 100 1 100 1 1 12 10 1 1 1 12 9 1 100 1 1 12 9 1 1 1 12 9 1 7 1 1 1 100 1 100 1 8 1 1 12 10 8 1 1 12 10 8 8 1 8 8 8 1 100 1 12 10 1 12 10 1 100 10 1 1 1 100 1 100 1 12 10 1 12 10 1 100 1 1 12 10 12 10 10 1 1 1 1
staticfield jdk/proxy2/$Proxy2 m0 Ljava/lang/reflect/Method; java/lang/reflect/Method
staticfield jdk/proxy2/$Proxy2 m1 Ljava/lang/reflect/Method; java/lang/reflect/Method
staticfield jdk/proxy2/$Proxy2 m2 Ljava/lang/reflect/Method; java/lang/reflect/Method
staticfield jdk/proxy2/$Proxy2 m3 Ljava/lang/reflect/Method; java/lang/reflect/Method
staticfield jdk/proxy2/$Proxy2 m4 Ljava/lang/reflect/Method; java/lang/reflect/Method
ciInstanceKlass org/springframework/core/annotation/AttributeMethods 1 1 296 10 7 12 1 1 1 9 7 12 1 1 1 9 12 1 1 9 12 1 1 10 7 12 1 1 1 10 12 1 1 10 7 12 1 1 1 10 12 1 10 12 1 10 7 12 1 1 1 7 1 10 12 1 9 12 1 1 9 12 1 10 12 1 1 10 12 1 1 10 12 1 10 12 1 1 10 7 12 1 1 1 100 1 7 1 10 12 1 1 11 100 12 1 18 12 1 1 10 12 1 8 1 10 7 12 1 1 1 10 12 1 1 10 12 1 1 10 7 12 1 1 1 10 9 12 1 1 9 12 1 1 18 12 1 1 11 7 12 1 1 1 10 12 1 1 10 12 1 1 9 12 1 1 10 7 12 1 1 1 10 12 1 1 7 10 12 1 10 12 1 9 7 12 1 1 8 1 10 12 1 10 12 1 1 10 18 12 1 8 1 18 12 1 10 12 1 7 1 10 18 12 1 1 1 1 1 1 1 1 1 1 1 1 1 1 1 1 1 1 1 1 1 1 100 1 1 1 1 1 1 1 1 1 1 1 1 1 1 1 1 1 1 1 1 1 1 1 1 1 1 1 1 1 1 1 1 1 1 15 10 100 12 1 1 8 1 15 10 7 12 1 1 1 16 1 15 10 12 16 8 1 8 1 16 1 15 10 12 16 1 100 1 100 1 1
staticfield org/springframework/core/annotation/AttributeMethods NONE Lorg/springframework/core/annotation/AttributeMethods; org/springframework/core/annotation/AttributeMethods
staticfield org/springframework/core/annotation/AttributeMethods cache Ljava/util/Map; org/springframework/util/ConcurrentReferenceHashMap
staticfield org/springframework/core/annotation/AttributeMethods methodComparator Ljava/util/Comparator; org/springframework/core/annotation/AttributeMethods$$Lambda$84+0x0000024b85095098
ciInstanceKlass org/springframework/core/annotation/AttributeMethods$$Lambda$85+0x0000024b85095328 1 1 23 1 7 1 7 1 100 1 1 12 10 1 1 1 7 1 7 1 1 12 10 1 1
ciInstanceKlass org/springframework/core/annotation/AnnotationTypeMappings$Cache$$Lambda$88+0x0000024b850966e8 1 1 32 1 7 1 7 1 100 1 1 1 1 1 1 1 12 10 12 9 12 9 1 1 1 7 1 7 1 1 12 10 1 1
ciInstanceKlass java/util/concurrent/ThreadPoolExecutor$Worker 1 1 111 9 7 12 1 1 1 10 7 12 1 1 1 10 12 1 1 9 12 1 1 10 7 12 1 1 1 11 7 12 1 1 1 9 12 1 1 10 12 1 1 10 12 1 1 10 12 1 1 10 7 12 1 1 1 10 12 1 1 10 12 1 10 12 1 1 10 12 1 10 12 1 1 10 12 1 10 12 1 100 1 100 1 1 1 1 5 0 1 1 1 1 1 1 1 1 1 1 1 1 1 1 1 1 1 1 1 1 1 1 1
instanceKlass java/util/concurrent/locks/AbstractQueuedSynchronizer$ConditionNode
ciInstanceKlass java/util/concurrent/locks/AbstractQueuedSynchronizer$Node 1 1 84 10 7 12 1 1 1 9 7 12 1 1 1 9 7 12 1 1 1 10 7 12 1 1 1 9 12 1 9 12 1 10 12 1 1 10 12 1 1 10 12 1 1 10 12 1 8 1 10 12 1 1 8 1 8 1 1 1 1 1 1 1 1 1 1 1 1 1 1 1 1 1 1 1 1 1 1 1 1 1 1 1 1 1
staticfield java/util/concurrent/locks/AbstractQueuedSynchronizer$Node STATUS J 12
staticfield java/util/concurrent/locks/AbstractQueuedSynchronizer$Node NEXT J 20
staticfield java/util/concurrent/locks/AbstractQueuedSynchronizer$Node PREV J 16
ciInstanceKlass java/util/concurrent/locks/AbstractQueuedSynchronizer$ConditionNode 1 1 52 10 7 12 1 1 1 9 100 12 1 1 1 10 100 12 1 1 1 10 12 1 1 10 12 1 10 100 12 1 1 100 1 1 1 1 1 1 1 1 1 1 1 1 100 1 1 1 1 100 1 1
ciInstanceKlass java/lang/AssertionError 0 0 79 10 100 12 1 1 1 10 12 1 10 100 12 1 1 1 10 100 1 100 1 10 12 1 1 10 12 1 10 12 1 10 12 1 10 12 1 10 12 1 10 12 1 10 12 1 1 1 1 5 0 1 1 1 1 1 1 1 1 1 1 100 1 1 1 1 1 1 1 1 1 1 1 1 1 1 1 1 1
ciInstanceKlass org/springframework/boot/context/config/ConfigData$Option 1 1 62 7 1 9 12 1 1 9 12 1 9 12 1 9 12 1 1 10 7 12 1 1 10 7 12 1 1 1 10 12 1 1 8 10 8 8 10 12 1 1 1 1 1 1 1 1 1 1 1 1 1 1 1 1 1 1 1 1 100 1 1 1
staticfield org/springframework/boot/context/config/ConfigData$Option IGNORE_IMPORTS Lorg/springframework/boot/context/config/ConfigData$Option; org/springframework/boot/context/config/ConfigData$Option
staticfield org/springframework/boot/context/config/ConfigData$Option IGNORE_PROFILES Lorg/springframework/boot/context/config/ConfigData$Option; org/springframework/boot/context/config/ConfigData$Option
staticfield org/springframework/boot/context/config/ConfigData$Option PROFILE_SPECIFIC Lorg/springframework/boot/context/config/ConfigData$Option; org/springframework/boot/context/config/ConfigData$Option
staticfield org/springframework/boot/context/config/ConfigData$Option $VALUES [Lorg/springframework/boot/context/config/ConfigData$Option; 3 [Lorg/springframework/boot/context/config/ConfigData$Option;
ciInstanceKlass org/springframework/core/annotation/MergedAnnotation$Adapt 1 1 98 7 1 9 12 1 1 9 12 1 9 12 1 1 10 7 12 1 1 10 7 12 1 1 1 10 12 1 1 10 7 12 1 1 1 10 12 1 1 10 12 1 1 11 7 12 1 1 1 8 10 8 10 12 1 1 1 1 1 1 1 1 1 1 1 1 1 1 1 1 1 1 1 1 1 1 1 1 1 1 1 1 1 1 1 1 1 1 1 1 1 1 1 1 100 1 1 1
staticfield org/springframework/core/annotation/MergedAnnotation$Adapt CLASS_TO_STRING Lorg/springframework/core/annotation/MergedAnnotation$Adapt; org/springframework/core/annotation/MergedAnnotation$Adapt
staticfield org/springframework/core/annotation/MergedAnnotation$Adapt ANNOTATION_TO_MAP Lorg/springframework/core/annotation/MergedAnnotation$Adapt; org/springframework/core/annotation/MergedAnnotation$Adapt
staticfield org/springframework/core/annotation/MergedAnnotation$Adapt $VALUES [Lorg/springframework/core/annotation/MergedAnnotation$Adapt; 2 [Lorg/springframework/core/annotation/MergedAnnotation$Adapt;
ciInstanceKlass jdk/proxy2/$Proxy12 1 1 164 1 7 1 7 1 100 1 1 12 10 1 1 1 1 1 100 1 100 1 7 1 1 12 9 12 9 1 7 1 1 12 11 1 100 1 12 10 1 100 1 12 10 1 1 1 12 9 1 100 1 100 1 1 12 10 1 1 1 12 9 1 100 1 1 12 9 1 1 1 12 9 1 100 1 1 1 12 9 1 7 1 1 1 12 9 1 100 1 1 12 9 1 1 12 9 1 1 12 9 1 1 1 100 1 100 1 8 1 1 12 10 8 1 1 12 10 8 8 1 8 8 8 8 8 8 8 8 1 100 1 12 10 1 12 10 1 100 10 1 1 1 100 1 100 1 12 10 1 12 10 1 100 1 1 12 10 12 10 10 1 1 1 1
staticfield jdk/proxy2/$Proxy12 m0 Ljava/lang/reflect/Method; java/lang/reflect/Method
staticfield jdk/proxy2/$Proxy12 m1 Ljava/lang/reflect/Method; java/lang/reflect/Method
staticfield jdk/proxy2/$Proxy12 m2 Ljava/lang/reflect/Method; java/lang/reflect/Method
staticfield jdk/proxy2/$Proxy12 m3 Ljava/lang/reflect/Method; java/lang/reflect/Method
staticfield jdk/proxy2/$Proxy12 m4 Ljava/lang/reflect/Method; java/lang/reflect/Method
staticfield jdk/proxy2/$Proxy12 m5 Ljava/lang/reflect/Method; java/lang/reflect/Method
staticfield jdk/proxy2/$Proxy12 m6 Ljava/lang/reflect/Method; java/lang/reflect/Method
staticfield jdk/proxy2/$Proxy12 m7 Ljava/lang/reflect/Method; java/lang/reflect/Method
staticfield jdk/proxy2/$Proxy12 m8 Ljava/lang/reflect/Method; java/lang/reflect/Method
staticfield jdk/proxy2/$Proxy12 m9 Ljava/lang/reflect/Method; java/lang/reflect/Method
ciInstanceKlass jdk/proxy2/$Proxy21 1 1 136 1 7 1 7 1 100 1 1 12 10 1 1 1 1 1 100 1 100 1 7 1 1 12 9 12 9 1 7 1 1 12 11 1 100 1 12 10 1 100 1 12 10 1 1 1 12 9 1 100 1 100 1 1 12 10 1 1 1 12 9 1 100 1 1 1 12 9 1 100 1 1 1 12 9 1 7 1 1 1 100 1 100 1 8 1 1 12 10 8 1 1 12 10 8 8 1 8 8 8 1 100 1 12 10 1 12 10 1 100 10 1 1 1 100 1 100 1 12 10 1 12 10 1 100 1 1 12 10 12 10 10 1 1 1 1
staticfield jdk/proxy2/$Proxy21 m0 Ljava/lang/reflect/Method; java/lang/reflect/Method
staticfield jdk/proxy2/$Proxy21 m1 Ljava/lang/reflect/Method; java/lang/reflect/Method
staticfield jdk/proxy2/$Proxy21 m2 Ljava/lang/reflect/Method; java/lang/reflect/Method
staticfield jdk/proxy2/$Proxy21 m3 Ljava/lang/reflect/Method; java/lang/reflect/Method
staticfield jdk/proxy2/$Proxy21 m4 Ljava/lang/reflect/Method; java/lang/reflect/Method
ciInstanceKlass jdk/proxy2/$Proxy24 1 1 136 1 7 1 7 1 100 1 1 12 10 1 1 1 1 1 100 1 100 1 7 1 1 12 9 12 9 1 7 1 1 12 11 1 100 1 12 10 1 100 1 12 10 1 1 1 12 9 1 100 1 100 1 1 12 10 1 1 1 12 9 1 100 1 1 1 12 9 1 100 1 1 1 12 9 1 7 1 1 1 100 1 100 1 8 1 1 12 10 8 1 1 12 10 8 8 1 8 8 8 1 100 1 12 10 1 12 10 1 100 10 1 1 1 100 1 100 1 12 10 1 12 10 1 100 1 1 12 10 12 10 10 1 1 1 1
staticfield jdk/proxy2/$Proxy24 m0 Ljava/lang/reflect/Method; java/lang/reflect/Method
staticfield jdk/proxy2/$Proxy24 m1 Ljava/lang/reflect/Method; java/lang/reflect/Method
staticfield jdk/proxy2/$Proxy24 m2 Ljava/lang/reflect/Method; java/lang/reflect/Method
staticfield jdk/proxy2/$Proxy24 m3 Ljava/lang/reflect/Method; java/lang/reflect/Method
staticfield jdk/proxy2/$Proxy24 m4 Ljava/lang/reflect/Method; java/lang/reflect/Method
ciInstanceKlass org/springframework/boot/autoconfigure/condition/ConditionalOnWebApplication$Type 1 1 62 7 1 9 12 1 1 9 12 1 9 12 1 9 12 1 1 10 7 12 1 1 10 7 12 1 1 1 10 12 1 1 8 10 8 8 10 12 1 1 1 1 1 1 1 1 1 1 1 1 1 1 1 1 1 1 1 1 100 1 1 1
staticfield org/springframework/boot/autoconfigure/condition/ConditionalOnWebApplication$Type ANY Lorg/springframework/boot/autoconfigure/condition/ConditionalOnWebApplication$Type; org/springframework/boot/autoconfigure/condition/ConditionalOnWebApplication$Type
staticfield org/springframework/boot/autoconfigure/condition/ConditionalOnWebApplication$Type SERVLET Lorg/springframework/boot/autoconfigure/condition/ConditionalOnWebApplication$Type; org/springframework/boot/autoconfigure/condition/ConditionalOnWebApplication$Type
staticfield org/springframework/boot/autoconfigure/condition/ConditionalOnWebApplication$Type REACTIVE Lorg/springframework/boot/autoconfigure/condition/ConditionalOnWebApplication$Type; org/springframework/boot/autoconfigure/condition/ConditionalOnWebApplication$Type
staticfield org/springframework/boot/autoconfigure/condition/ConditionalOnWebApplication$Type $VALUES [Lorg/springframework/boot/autoconfigure/condition/ConditionalOnWebApplication$Type; 3 [Lorg/springframework/boot/autoconfigure/condition/ConditionalOnWebApplication$Type;
ciInstanceKlass org/springframework/boot/autoconfigure/condition/SearchStrategy 1 1 57 7 1 9 12 1 1 9 12 1 9 12 1 9 12 1 1 10 7 12 1 1 10 7 12 1 1 1 10 12 1 1 8 10 8 8 10 12 1 1 1 1 1 1 1 1 1 1 1 1 1 1 1 1 1 1 1
staticfield org/springframework/boot/autoconfigure/condition/SearchStrategy CURRENT Lorg/springframework/boot/autoconfigure/condition/SearchStrategy; org/springframework/boot/autoconfigure/condition/SearchStrategy
staticfield org/springframework/boot/autoconfigure/condition/SearchStrategy ANCESTORS Lorg/springframework/boot/autoconfigure/condition/SearchStrategy; org/springframework/boot/autoconfigure/condition/SearchStrategy
staticfield org/springframework/boot/autoconfigure/condition/SearchStrategy ALL Lorg/springframework/boot/autoconfigure/condition/SearchStrategy; org/springframework/boot/autoconfigure/condition/SearchStrategy
staticfield org/springframework/boot/autoconfigure/condition/SearchStrategy $VALUES [Lorg/springframework/boot/autoconfigure/condition/SearchStrategy; 3 [Lorg/springframework/boot/autoconfigure/condition/SearchStrategy;
ciInstanceKlass sun/reflect/misc/ReflectUtil 1 1 258 10 100 12 1 1 1 10 100 12 1 1 1 10 100 12 1 1 1 10 12 1 1 10 7 12 1 1 1 10 100 12 1 1 1 11 100 12 1 1 10 12 1 1 11 12 1 1 10 100 12 1 1 1 10 9 100 12 1 1 1 10 100 12 1 1 1 10 12 1 1 10 100 12 1 1 1 10 10 12 1 1 10 12 1 10 12 1 1 8 1 10 12 1 1 10 12 1 1 10 12 1 10 12 1 1 10 12 1 10 12 1 100 1 10 100 12 1 1 1 10 12 1 1 10 100 12 1 1 10 12 1 1 10 12 1 10 12 1 100 1 8 1 10 12 10 100 1 10 12 1 8 1 10 10 12 1 8 1 10 12 1 1 8 8 1 10 12 1 1 100 1 10 8 1 10 12 1 1 10 12 1 10 12 1 1 1 8 1 1 1 1 1 1 1 1 100 1 1 1 1 1 1 1 1 1 1 1 1 1 1 100 1 1 1 1 1 1 1 1 1 1 1 1 1 1 1 1 1 1 1 1 1 1 1 1 1 1 1 1 1 100 1 1 1 1 1 1 1 1 1 1 1 1 1 1 1 1
ciMethodData java/lang/Object <init> ()V 2 655195 orig 80 1 0 0 0 0 0 0 0 0 0 0 0 251 127 0 0 0 0 0 0 0 0 0 0 0 0 0 0 0 0 0 0 0 0 0 0 0 0 0 0 0 0 0 0 0 0 0 0 0 0 0 0 0 0 0 0 0 0 0 0 0 0 0 0 0 0 0 0 0 0 0 0 0 0 0 0 0 0 0 0 data 4 0x0 0x9 0x1 0x0 oops 0 methods 0
ciMethodData java/util/Objects requireNonNull (Ljava/lang/Object;)Ljava/lang/Object; 2 161596 orig 80 0 0 0 0 0 0 0 0 0 0 0 0 251 127 0 0 0 0 0 0 0 0 0 0 0 0 0 0 0 0 0 0 0 0 0 0 0 0 0 0 0 0 0 0 0 0 0 0 0 0 0 0 0 0 0 0 0 0 0 0 0 0 0 0 0 0 0 0 0 0 0 0 0 0 0 0 0 0 0 0 data 15 0x10007 0x27546 0x30 0x0 0x80002 0x0 0x0 0x0 0x0 0x0 0x0 0x0 0x9 0x1 0x0 oops 0 methods 0
ciMethodData java/util/AbstractCollection <init> ()V 2 58502 orig 80 0 0 0 0 0 0 0 0 0 0 0 0 251 127 0 0 0 0 0 0 0 0 0 0 0 0 0 0 0 0 0 0 0 0 0 0 0 0 0 0 0 0 0 0 0 0 0 0 0 0 0 0 0 0 0 0 0 0 0 0 0 0 0 0 0 0 0 0 0 0 0 0 0 0 0 0 0 0 0 0 data 7 0x10002 0xe2f8 0x0 0x0 0x9 0x1 0x0 oops 0 methods 0
ciMethodData java/lang/String coder ()B 2 546064 orig 80 0 0 0 0 0 0 0 0 0 0 0 0 251 127 0 0 0 0 0 0 0 0 0 0 0 0 0 0 0 0 0 0 0 0 0 0 0 0 0 0 0 0 0 0 0 0 0 0 0 0 0 0 0 0 0 0 0 0 0 0 0 0 0 0 0 0 0 0 0 0 0 0 0 0 0 0 0 0 0 0 data 14 0x30007 0x0 0x38 0x85379 0xa0003 0x8537d 0x18 0x0 0x0 0x0 0x0 0x9 0x1 0x0 oops 0 methods 0
ciMethodData java/lang/String length ()I 2 414418 orig 80 0 0 0 0 0 0 0 0 0 0 0 0 251 127 0 0 0 0 0 0 0 0 0 0 0 0 0 0 0 0 0 0 0 0 0 0 0 0 0 0 0 0 0 0 0 0 0 0 0 0 0 0 0 0 0 0 0 0 0 0 0 0 0 0 0 0 0 0 0 0 0 0 0 0 0 0 0 0 0 0 data 16 0x60005 0x6517e 0x0 0x0 0x0 0x0 0x0 0x0 0x0 0x0 0x0 0x0 0x0 0x9 0x1 0x0 oops 0 methods 0
ciMethodData java/util/Objects equals (Ljava/lang/Object;Ljava/lang/Object;)Z 2 78285 orig 80 0 0 0 0 0 0 0 0 0 0 0 0 251 127 0 0 0 0 0 0 0 0 0 0 0 0 0 0 0 0 0 0 0 0 0 0 0 0 0 0 0 0 0 0 0 0 0 0 0 0 0 0 0 0 0 0 0 0 0 0 0 0 0 0 0 0 0 0 0 0 0 0 0 0 0 0 0 0 0 0 data 32 0x20007 0x11b04 0x98 0x1534 0x60007 0x3 0x90 0x1532 0xb0005 0x13b9 0x0 0x24bc97d7e50 0xaf 0x24bc97d7f00 0xc9 0xe0007 0x298 0x38 0x129a 0x120003 0x12d9e 0x18 0x0 0x0 0x0 0x0 0x0 0x0 0x9 0x2 0x0 0x0 oops 2 11 jdk/internal/module/ModuleReferenceImpl 13 java/lang/module/ModuleDescriptor methods 0
ciMethodData java/lang/String startsWith (Ljava/lang/String;I)Z 2 18729 orig 80 0 0 0 0 0 0 0 0 0 0 0 0 251 127 0 0 0 0 0 0 0 0 0 0 0 0 0 0 0 0 0 0 0 0 0 0 0 0 0 0 0 0 0 0 0 0 0 0 0 0 0 0 0 0 0 0 0 0 0 0 0 0 0 0 0 0 0 0 0 0 0 0 0 0 0 0 0 0 0 0 data 83 0x10007 0x6 0xb0 0xbd8 0x60005 0xbd8 0x0 0x0 0x0 0x0 0x0 0xa0005 0xbd8 0x0 0x0 0x0 0x0 0x0 0xe0007 0xbd2 0x20 0x6 0x270005 0xbd2 0x0 0x0 0x0 0x0 0x0 0x2f0005 0xbd2 0x0 0x0 0x0 0x0 0x0 0x320007 0x0 0xb0 0xbd2 0x370007 0x0 0x38 0xbd2 0x3b0003 0xbd2 0x18 0x470007 0x3eb 0x40 0x4a7d 0x590007 0x4296 0xffffffffffffffe0 0x7e7 0x5e0003 0x3eb 0x88 0x630007 0x0 0x20 0x0 0x6c0007 0x0 0x50 0x0 0x740002 0x0 0x830007 0x0 0xffffffffffffffd0 0x0 0x0 0x0 0x0 0x0 0x0 0x0 0x9 0x3 0x0 0x0 0x0 oops 0 methods 0
ciMethodData java/util/concurrent/ConcurrentHashMap tabAt ([Ljava/util/concurrent/ConcurrentHashMap$Node;I)Ljava/util/concurrent/ConcurrentHashMap$Node; 2 5420 orig 80 0 0 0 0 0 0 0 0 0 0 0 0 251 127 0 0 0 0 0 0 0 0 0 0 0 0 0 0 0 0 0 0 0 0 0 0 0 0 0 0 0 0 0 0 0 0 0 0 0 0 0 0 0 0 0 0 0 0 0 0 0 0 0 0 0 0 0 0 0 0 0 0 0 0 0 0 0 0 0 0 data 27 0xf000b 0x140d 0x0 0x0 0x0 0x0 0x0 0x2 0x1 0x24bcccae290 0x120104 0x0 0x0 0x24bcccae1e0 0x900 0x24bcc3d6080 0x320 0x0 0x0 0x0 0x0 0x0 0x0 0x9 0x2 0x0 0x0 oops 3 9 [Ljava/util/concurrent/ConcurrentHashMap$Node; 13 java/util/concurrent/ConcurrentHashMap$Node 15 java/util/concurrent/ConcurrentHashMap$ForwardingNode methods 0
ciMethodData java/util/Objects hashCode (Ljava/lang/Object;)I 2 15319 orig 80 0 0 0 0 0 0 0 0 0 0 0 0 251 127 0 0 0 0 0 0 0 0 0 0 0 0 0 0 0 0 0 0 0 0 0 0 0 0 0 0 0 0 0 0 0 0 0 0 0 0 0 0 0 0 0 0 0 0 0 0 0 0 0 0 0 0 0 0 0 0 0 0 0 0 0 0 0 0 0 0 data 23 0x10007 0x5ca 0x70 0x3560 0x50005 0x117a 0x0 0x24bff9c6020 0x1d53 0x24bff9c5f90 0x693 0x80003 0x3560 0x18 0x0 0x0 0x0 0x0 0x0 0x0 0x9 0x1 0x0 oops 2 7 java/lang/Class 9 java/lang/String methods 0
ciMethodData java/util/concurrent/ConcurrentHashMap spread (I)I 2 50381 orig 80 0 0 0 0 0 0 0 0 0 0 0 0 251 127 0 0 0 0 0 0 0 0 0 0 0 0 0 0 0 0 0 0 0 0 0 0 0 0 0 0 0 0 0 0 0 0 0 0 0 0 0 0 0 0 0 0 0 0 0 0 0 0 0 0 0 0 0 0 0 0 0 0 0 0 0 0 0 0 0 0 data 5 0x0 0x0 0x9 0x1 0x0 oops 0 methods 0
ciMethodData java/lang/System getSecurityManager ()Ljava/lang/SecurityManager; 2 57388 orig 80 0 0 0 0 0 0 0 0 0 0 0 0 251 127 0 0 0 0 0 0 0 0 0 0 0 0 0 0 0 0 0 0 0 0 0 0 0 0 0 0 0 0 0 0 0 0 0 0 0 0 0 0 0 0 0 0 0 0 0 0 0 0 0 0 0 0 0 0 0 0 0 0 0 0 0 0 0 0 0 0 data 14 0x2 0xdf29 0x30007 0x0 0x20 0xdf29 0x0 0x0 0x0 0x0 0x0 0x0 0x9 0x0 oops 0 methods 0
ciMethodData java/lang/System allowSecurityManager ()Z 2 57388 orig 80 0 0 0 0 0 0 0 0 0 0 0 0 251 127 0 0 0 0 0 0 0 0 0 0 0 0 0 0 0 0 0 0 0 0 0 0 0 0 0 0 0 0 0 0 0 0 0 0 0 0 0 0 0 0 0 0 0 0 0 0 0 0 0 0 0 0 0 0 0 0 0 0 0 0 0 0 0 0 0 0 data 11 0x40007 0x0 0x38 0xdf2a 0x80003 0xdf2a 0x18 0x0 0x0 0x9 0x0 oops 0 methods 0
ciMethodData java/lang/ref/Reference reachabilityFence (Ljava/lang/Object;)V 2 65279 orig 80 0 0 0 0 0 0 0 0 0 0 0 0 251 127 0 0 0 0 0 0 0 0 0 0 0 0 0 0 0 0 0 0 0 0 0 0 0 0 0 0 0 0 0 0 0 0 0 0 0 0 0 0 0 0 0 0 0 0 0 0 0 0 0 0 0 0 0 0 0 0 0 0 0 0 0 0 0 0 0 0 data 4 0x0 0x9 0x1 0x0 oops 0 methods 0
ciMethodData java/util/AbstractSet <init> ()V 2 31486 orig 80 0 0 0 0 0 0 0 0 0 0 0 0 251 127 0 0 0 0 0 0 0 0 0 0 0 0 0 0 0 0 0 0 0 0 0 0 0 0 0 0 0 0 0 0 0 0 0 0 0 0 0 0 0 0 0 0 0 0 0 0 0 0 0 0 0 0 0 0 0 0 0 0 0 0 0 0 0 0 0 0 data 7 0x10002 0x79fd 0x0 0x0 0x9 0x1 0x0 oops 0 methods 0
ciMethodData java/lang/ref/Reference <init> (Ljava/lang/Object;Ljava/lang/ref/ReferenceQueue;)V 2 27610 orig 80 0 0 0 0 0 0 0 0 0 0 0 0 251 127 0 0 0 0 0 0 0 0 0 0 0 0 0 0 0 0 0 0 0 0 0 0 0 0 0 0 0 0 0 0 0 0 0 0 0 0 0 0 0 0 0 0 0 0 0 0 0 0 0 0 0 0 0 0 0 0 0 0 0 0 0 0 0 0 0 0 data 20 0x10002 0x6ad7 0xb0007 0x5390 0x38 0x1749 0x110003 0x1749 0x18 0x0 0x0 0x0 0x0 0x0 0x0 0x9 0x3 0x6 0x0 0x0 oops 0 methods 0
ciMethodData java/lang/String startsWith (Ljava/lang/String;)Z 2 163170 orig 80 0 0 0 0 0 0 0 0 0 0 0 0 251 127 0 0 0 0 0 0 0 0 0 0 0 0 0 0 0 0 0 0 0 0 0 0 0 0 0 0 0 0 0 0 0 0 0 0 0 0 0 0 0 0 0 0 0 0 0 0 0 0 0 0 0 0 0 0 0 0 0 0 0 0 0 0 0 0 0 0 data 17 0x30005 0x27be2 0x0 0x0 0x0 0x0 0x0 0x0 0x0 0x0 0x0 0x0 0x0 0x9 0x2 0x0 0x0 oops 0 methods 0
ciMethodData java/lang/Class getName ()Ljava/lang/String; 2 106501 orig 80 0 0 0 0 0 0 0 0 0 0 0 0 251 127 0 0 0 0 0 0 0 0 0 0 0 0 0 0 0 0 0 0 0 0 0 0 0 0 0 0 0 0 0 0 0 0 0 0 0 0 0 0 0 0 0 0 0 0 0 0 0 0 0 0 0 0 0 0 0 0 0 0 0 0 0 0 0 0 0 0 data 23 0x60007 0xeed 0x38 0x19010 0xa0003 0x19010 0x50 0xe0005 0xeed 0x0 0x0 0x0 0x0 0x0 0x0 0x0 0x0 0x0 0x0 0x0 0x9 0x1 0xffffffffffffffff oops 0 methods 0
ciMethodData java/lang/ref/ReferenceQueue poll ()Ljava/lang/ref/Reference; 2 27757 orig 80 0 0 0 0 0 0 0 0 0 0 0 0 251 127 0 0 0 0 0 0 0 0 0 0 0 0 0 0 0 0 0 0 0 0 0 0 0 0 0 0 0 0 0 0 0 0 0 0 0 0 0 0 0 0 0 0 0 0 0 0 0 0 0 0 0 0 0 0 0 0 0 0 0 0 0 0 0 0 0 0 data 20 0x40007 0x1a7 0x20 0x6945 0x110005 0x1a7 0x0 0x0 0x0 0x0 0x0 0x0 0x0 0x0 0x0 0x0 0x0 0x9 0x1 0xc oops 0 methods 0
ciMethodData java/lang/ref/ReferenceQueue reallyPoll ()Ljava/lang/ref/Reference; 2 1388 orig 80 0 0 0 0 0 0 0 0 0 0 0 0 251 127 0 0 0 0 0 0 0 0 0 0 0 0 0 0 0 0 0 0 0 0 0 0 0 0 0 0 0 0 0 0 0 0 0 0 0 0 0 0 0 0 0 0 0 0 0 0 0 0 0 0 0 0 0 0 0 0 0 0 0 0 0 0 0 0 0 0 data 33 0x60007 0xb 0xc0 0x55f 0x180007 0x54d 0x38 0x12 0x1c0003 0x12 0x18 0x330004 0xfffffffffffffaa2 0x0 0x24bc9bf2c80 0x132 0x24bc9bf2d30 0x5d 0x360007 0x55e 0x30 0x1 0x3a0002 0x1 0x0 0x0 0x0 0x0 0x0 0x0 0x9 0x1 0xc oops 2 14 jdk/internal/ref/CleanerImpl$PhantomCleanableRef 16 java/lang/invoke/MethodType$ConcurrentWeakInternSet$WeakEntry methods 0
ciMethodData java/util/concurrent/ConcurrentHashMap get (Ljava/lang/Object;)Ljava/lang/Object; 2 21260 orig 80 2 0 0 0 0 0 0 0 0 0 0 0 251 127 0 0 0 0 0 0 0 0 0 0 0 0 0 0 0 0 0 0 0 0 0 0 0 0 0 2 0 0 0 0 0 0 0 0 0 0 0 0 0 0 0 0 0 0 0 0 0 0 0 0 0 0 0 0 0 0 0 0 0 0 0 0 0 0 0 0 data 101 0x10005 0xd6c 0x0 0x24bff9c5f90 0x43e4 0x24bff9c6020 0xbc 0x40002 0x520c 0xf0007 0xd8 0x290 0x5134 0x170007 0x0 0x270 0x5134 0x220002 0x5134 0x270007 0x318a 0x240 0x1faa 0x330007 0xb42 0xb8 0x1468 0x3e0007 0x9ba 0x98 0xaae 0x430007 0x0 0x108 0xaae 0x490005 0x100 0x0 0x24bff9c5f90 0x533 0x24bff9c83a0 0x47b 0x80000006004c0007 0x8 0xb0 0xaa7 0x560007 0xb42 0x90 0x0 0x5d0005 0x0 0x0 0x0 0x0 0x0 0x0 0x630007 0x0 0x38 0x0 0x6b0003 0x0 0x18 0x760007 0x56d 0xd8 0x80a 0x7f0007 0x22b 0xffffffffffffffe0 0x5df 0x8a0007 0x279 0x98 0x366 0x8f0007 0x0 0xffffffffffffffa0 0x366 0x950005 0x12 0x0 0x24bff9c83a0 0xab 0x24bff9c5f90 0x2a9 0x8000000600980007 0x2 0xffffffffffffff48 0x365 0x0 0x0 0x0 0x0 0x0 0x0 0x9 0x2 0x0 0x0 oops 6 3 java/lang/String 5 java/lang/Class 38 java/lang/String 40 java/lang/invoke/MethodType 83 java/lang/invoke/MethodType 85 java/lang/String methods 0
ciMethod java/lang/invoke/MethodHandle invokeBasic ()Ljava/lang/Object; 0 0 1 0 -1
ciMethodData java/lang/Class getClassLoader ()Ljava/lang/ClassLoader; 2 26115 orig 80 0 0 0 0 0 0 0 0 0 0 0 0 251 127 0 0 0 0 0 0 0 0 0 0 0 0 0 0 0 0 0 0 0 0 0 0 0 0 0 0 0 0 0 0 0 0 0 0 0 0 0 0 0 0 0 0 0 0 0 0 0 0 0 0 0 0 0 0 0 0 0 0 0 0 0 0 0 0 0 0 data 30 0x10005 0x6572 0x0 0x0 0x0 0x0 0x0 0x60007 0x4995 0x20 0x1bdd 0xb0002 0x4995 0x100007 0x4995 0x40 0x0 0x140002 0x0 0x170002 0x0 0x0 0x0 0x0 0x0 0x0 0x0 0x9 0x1 0x0 oops 0 methods 0
ciMethodData java/lang/Object equals (Ljava/lang/Object;)Z 2 14154 orig 80 0 0 0 0 0 0 0 0 0 0 0 0 251 127 0 0 0 0 0 0 0 0 0 0 0 0 0 0 0 0 0 0 0 0 0 0 0 0 0 0 0 0 0 0 0 0 0 0 0 0 0 0 0 0 0 0 0 0 0 0 0 0 0 0 0 0 0 0 0 0 0 0 0 0 0 0 0 0 0 0 data 17 0x20007 0x1d9c 0x38 0x188e 0x60003 0x188e 0x18 0x0 0x0 0x0 0x0 0x0 0x0 0x9 0x2 0x0 0x0 oops 0 methods 0
ciMethodData java/security/AccessController doPrivileged (Ljava/security/PrivilegedAction;)Ljava/lang/Object; 2 2614 orig 80 0 0 0 0 0 0 0 0 0 0 0 0 251 127 0 0 0 0 0 0 0 0 0 0 0 0 0 0 0 0 0 0 0 0 0 0 0 0 0 0 0 0 0 0 0 0 0 0 0 0 0 0 0 0 0 0 0 0 0 0 0 0 0 0 0 0 0 0 0 0 0 0 0 0 0 0 0 0 0 0 data 13 0x20002 0x9f9 0x50002 0x9f9 0x0 0x0 0x0 0x0 0x0 0x0 0x9 0x1 0x0 oops 0 methods 0
ciMethodData java/security/AccessController executePrivileged (Ljava/security/PrivilegedAction;Ljava/security/AccessControlContext;Ljava/lang/Class;)Ljava/lang/Object; 2 3008 orig 80 0 0 0 0 0 0 0 0 0 0 0 0 251 127 0 0 0 0 0 0 0 0 0 0 0 0 0 0 0 0 0 0 0 0 0 0 0 0 0 0 0 0 0 0 0 0 0 0 0 0 0 0 0 0 0 0 0 0 0 0 0 0 0 0 0 0 0 0 0 0 0 0 0 0 0 0 0 0 0 0 data 52 0x10007 0x9f9 0x30 0x18a 0x50002 0x18a 0xb0007 0xb83 0x60 0x0 0xe0002 0x0 0x110007 0x0 0x30 0x0 0x180002 0x0 0x1d0005 0x703 0x0 0x24bcade2c90 0x1 0x24bcade2d40 0x1 0x260007 0xb83 0x60 0x0 0x290002 0x0 0x2c0007 0x0 0x30 0x0 0x330002 0x0 0x380002 0xb83 0x3c0002 0xb83 0x0 0x0 0x0 0x0 0x0 0x0 0x9 0x3 0x0 0x0 0x0 oops 2 21 sun/util/calendar/ZoneInfoFile$1 23 java/time/zone/ZoneRulesProvider$1 methods 0
ciMethod java/lang/invoke/MethodHandle linkToSpecial (Ljava/lang/Object;Ljava/lang/Object;Ljava/lang/Object;ILjava/lang/Object;ILjava/lang/invoke/MemberName;)V 0 0 1 0 -1
ciMethod java/lang/invoke/MethodHandle invokeBasic (Ljava/lang/Object;Ljava/lang/Object;ILjava/lang/Object;I)Ljava/lang/Object; 0 0 1 0 -1
ciMethodData java/lang/ref/SoftReference get ()Ljava/lang/Object; 2 5390 orig 80 0 0 0 0 0 0 0 0 0 0 0 0 251 127 0 0 0 0 0 0 0 0 0 0 0 0 0 0 0 0 0 0 0 0 0 0 0 0 0 0 0 0 0 0 0 0 0 0 0 0 0 0 0 0 0 0 0 0 0 0 0 0 0 0 0 0 0 0 0 0 0 0 0 0 0 0 0 0 0 0 data 19 0x10002 0x140e 0x60007 0x9 0x40 0x1405 0x110007 0x1385 0x20 0x80 0x0 0x0 0x0 0x0 0x0 0x0 0x9 0x1 0x30 oops 0 methods 0
ciMethodData java/lang/reflect/Modifier isStatic (I)Z 2 15146 orig 80 0 0 0 0 0 0 0 0 0 0 0 0 251 127 0 0 0 0 0 0 0 0 0 0 0 0 0 0 0 0 0 0 0 0 0 0 0 0 0 0 0 0 0 0 0 0 0 0 0 0 0 0 0 0 0 0 0 0 0 0 0 0 0 0 0 0 0 0 0 0 0 0 0 0 0 0 0 0 0 0 data 11 0x40007 0x3037 0x38 0x8f4 0x80003 0x8f4 0x18 0x0 0x9 0x1 0x0 oops 0 methods 0
ciMethod sun/reflect/annotation/ExceptionProxy generateException ()Ljava/lang/RuntimeException; 0 0 1 0 -1
ciMethod java/lang/reflect/InvocationHandler invoke (Ljava/lang/Object;Ljava/lang/reflect/Method;[Ljava/lang/Object;)Ljava/lang/Object; 0 0 1 0 -1
ciMethod sun/reflect/annotation/AnnotationInvocationHandler invoke (Ljava/lang/Object;Ljava/lang/reflect/Method;[Ljava/lang/Object;)Ljava/lang/Object; 802 0 9659 0 3904
ciMethod sun/reflect/annotation/AnnotationInvocationHandler cloneArray (Ljava/lang/Object;)Ljava/lang/Object; 4 0 834 0 -1
ciMethod sun/reflect/annotation/AnnotationInvocationHandler toStringImpl ()Ljava/lang/String; 0 0 1 0 -1
ciMethod sun/reflect/annotation/AnnotationInvocationHandler equalsImpl (Ljava/lang/Object;Ljava/lang/Object;)Ljava/lang/Boolean; 0 0 1 0 -1
ciMethod sun/reflect/annotation/AnnotationInvocationHandler hashCodeImpl ()I 0 0 1 0 -1
ciMethod java/lang/reflect/Proxy isProxyClass (Ljava/lang/Class;)Z 520 0 7430 0 0
ciMethod java/lang/reflect/Proxy getInvocationHandler (Ljava/lang/Object;)Ljava/lang/reflect/InvocationHandler; 514 0 3692 0 0
ciMethod jdk/internal/loader/AbstractClassLoaderValue$Sub <init> (Ljdk/internal/loader/AbstractClassLoaderValue;Ljava/lang/Object;)V 516 0 8873 0 0
ciMethod jdk/internal/loader/AbstractClassLoaderValue$Sub parent ()Ljdk/internal/loader/AbstractClassLoaderValue; 268 0 134 0 0
ciMethod jdk/internal/loader/AbstractClassLoaderValue$Sub equals (Ljava/lang/Object;)Z 514 0 7022 0 320
ciMethod jdk/internal/loader/AbstractClassLoaderValue$Sub hashCode ()I 834 0 5614 0 288
ciMethod java/lang/reflect/Proxy$ProxyBuilder isProxyClass (Ljava/lang/Class;)Z 520 0 7384 0 0
ciMethodData java/lang/invoke/DirectMethodHandle allocateInstance (Ljava/lang/Object;)Ljava/lang/Object; 2 36268 orig 80 0 0 0 0 0 0 0 0 0 0 0 0 251 127 0 0 0 0 0 0 0 0 0 0 0 0 0 0 0 0 0 0 0 0 0 0 0 0 0 0 0 0 0 0 0 0 0 0 0 0 0 0 0 0 0 0 0 0 0 0 0 0 0 0 0 0 0 0 0 0 0 0 0 0 0 0 0 0 0 0 data 23 0x10004 0x0 0x0 0x24bca4a49e0 0x2d35 0x0 0x0 0xc0005 0x8c85 0x0 0x0 0x0 0x0 0x0 0x0 0x0 0x0 0x0 0x0 0x0 0x9 0x1 0x0 oops 1 3 java/lang/invoke/DirectMethodHandle$Constructor methods 0
ciMethodData java/lang/invoke/DirectMethodHandle constructorMethod (Ljava/lang/Object;)Ljava/lang/Object; 2 36441 orig 80 0 0 0 0 0 0 0 0 0 0 0 0 251 127 0 0 0 0 0 0 0 0 0 0 0 0 0 0 0 0 0 0 0 0 0 0 0 0 0 0 0 0 0 0 0 0 0 0 0 0 0 0 0 0 0 0 0 0 0 0 0 0 0 0 0 0 0 0 0 0 0 0 0 0 0 0 0 0 0 0 data 16 0x10004 0x0 0x0 0x24bca4a49e0 0x2d95 0x0 0x0 0x0 0x0 0x0 0x0 0x0 0x0 0x9 0x1 0x0 oops 1 3 java/lang/invoke/DirectMethodHandle$Constructor methods 0
ciMethodData jdk/internal/access/SharedSecrets getJavaLangAccess ()Ljdk/internal/access/JavaLangAccess; 2 13695 orig 80 0 0 0 0 0 0 0 0 0 0 0 0 251 127 0 0 0 0 0 0 0 0 0 0 0 0 0 0 0 0 0 0 0 0 0 0 0 0 0 0 0 0 0 0 0 0 0 0 0 0 0 0 0 0 0 0 0 0 0 0 0 0 0 0 0 0 0 0 0 0 0 0 0 0 0 0 0 0 0 0 data 4 0x0 0x0 0x9 0x0 oops 0 methods 0
ciMethodData java/lang/invoke/Invokers$Holder linkToTargetMethod (Ljava/lang/Object;)Ljava/lang/Object; 2 22810 orig 80 0 0 0 0 0 0 0 0 0 0 0 0 251 127 0 0 0 0 0 0 0 0 0 0 0 0 0 0 0 0 0 0 0 0 0 0 0 0 0 0 0 0 0 0 0 0 0 0 0 0 0 0 0 0 0 0 0 0 0 0 0 0 0 0 0 0 0 0 0 0 0 0 0 0 0 0 0 0 0 0 data 29 0x10004 0x0 0x0 0x24bca006140 0x2306 0x0 0x0 0x4000b 0x5816 0x0 0x0 0x0 0x0 0x0 0x1 0x2 0x0 0x0 0x0 0x0 0x0 0x0 0x9 0x1 0x0 0xc 0x2 0x0 0x24bca006140 oops 2 3 java/lang/invoke/BoundMethodHandle$Species_L 28 java/lang/invoke/BoundMethodHandle$Species_L methods 0
ciMethodData java/util/RegularEnumSet contains (Ljava/lang/Object;)Z 2 5384 orig 80 0 0 0 0 0 0 0 0 0 0 0 0 251 127 0 0 0 0 0 0 0 0 0 0 0 0 0 0 0 0 0 0 0 0 0 0 0 0 0 0 0 0 0 0 0 0 0 0 0 0 0 0 0 0 0 0 0 0 0 0 0 0 0 0 0 0 0 0 0 0 0 0 0 0 0 0 0 0 0 0 data 57 0x10007 0x1405 0x20 0x0 0x70005 0x1405 0x0 0x0 0x0 0x0 0x0 0x100007 0x1405 0x78 0x0 0x140005 0x0 0x0 0x0 0x0 0x0 0x0 0x1b0007 0x0 0x20 0x0 0x260004 0x0 0x0 0x24bcc8aa880 0xe64 0x24bcc88b240 0x67 0x290005 0x1405 0x0 0x0 0x0 0x0 0x0 0x300007 0xa28 0x38 0x9dd 0x340003 0x9dd 0x18 0x0 0x0 0x0 0x0 0x0 0x0 0x9 0x2 0x0 0x0 oops 2 29 org/springframework/util/ConcurrentReferenceHashMap$TaskOption 31 org/springframework/boot/context/properties/bind/Bindable$BindRestriction methods 0
ciMethodData java/util/concurrent/locks/ReentrantLock lock ()V 2 3005 orig 80 0 0 0 0 0 0 0 0 0 0 0 0 251 127 0 0 0 0 0 0 0 0 0 0 0 0 0 0 0 0 0 0 0 0 0 0 0 0 0 0 0 0 0 0 0 0 0 0 0 0 0 0 0 0 0 0 0 0 0 0 0 0 0 0 0 0 0 0 0 0 0 0 0 0 0 0 0 0 0 0 data 16 0x40005 0xb58 0x0 0x0 0x0 0x0 0x0 0x0 0x0 0x0 0x0 0x0 0x0 0x9 0x1 0x0 oops 0 methods 0
ciMethodData java/util/concurrent/locks/ReentrantLock$Sync lock ()V 2 3005 orig 80 0 0 0 0 0 0 0 0 0 0 0 0 251 127 0 0 0 0 0 0 0 0 0 0 0 0 0 0 0 0 0 0 0 0 0 0 0 0 0 0 0 0 0 0 0 0 0 0 0 0 0 0 0 0 0 0 0 0 0 0 0 0 0 0 0 0 0 0 0 0 0 0 0 0 0 0 0 0 0 0 data 27 0x10005 0x0 0x0 0x24bcb6faf70 0xb58 0x0 0x0 0x40007 0xb58 0x58 0x0 0x90005 0x0 0x0 0x0 0x0 0x0 0x0 0x0 0x0 0x0 0x0 0x0 0x0 0x9 0x1 0x0 oops 1 3 java/util/concurrent/locks/ReentrantLock$NonfairSync methods 0
ciMethodData java/util/concurrent/locks/ReentrantLock unlock ()V 2 3039 orig 80 0 0 0 0 0 0 0 0 0 0 0 0 251 127 0 0 0 0 0 0 0 0 0 0 0 0 0 0 0 0 0 0 0 0 0 0 0 0 0 0 0 0 0 0 0 0 0 0 0 0 0 0 0 0 0 0 0 0 0 0 0 0 0 0 0 0 0 0 0 0 0 0 0 0 0 0 0 0 0 0 data 16 0x50005 0xb7a 0x0 0x0 0x0 0x0 0x0 0x0 0x0 0x0 0x0 0x0 0x0 0x9 0x1 0x0 oops 0 methods 0
ciMethodData java/util/concurrent/locks/AbstractQueuedSynchronizer release (I)Z 2 3054 orig 80 0 0 0 0 0 0 0 0 0 0 0 0 251 127 0 0 0 0 0 0 0 0 0 0 0 0 0 0 0 0 0 0 0 0 0 0 0 0 0 0 0 0 0 0 0 0 0 0 0 0 0 0 0 0 0 0 0 0 0 0 0 0 0 0 0 0 0 0 0 0 0 0 0 0 0 0 0 0 0 0 data 23 0x20005 0x7 0x0 0x24bcb6faf70 0xb7c 0x24bccb45560 0x6 0x50007 0x5 0x30 0xb84 0xc0002 0xb84 0x0 0x0 0x0 0x0 0x0 0x0 0x9 0x2 0x0 0x0 oops 2 3 java/util/concurrent/locks/ReentrantLock$NonfairSync 5 java/util/concurrent/ThreadPoolExecutor$Worker methods 0
ciMethodData java/util/concurrent/locks/ReentrantLock$Sync tryRelease (I)Z 2 3042 orig 80 0 0 0 0 0 0 0 0 0 0 0 0 251 127 0 0 0 0 0 0 0 0 0 0 0 0 0 0 0 0 0 0 0 0 0 0 0 0 0 0 0 0 0 0 0 0 0 0 0 0 0 0 0 0 0 0 0 0 0 0 0 0 0 0 0 0 0 0 0 0 0 0 0 0 0 0 0 0 0 0 data 57 0x10005 0xb7d 0x0 0x0 0x0 0x0 0x0 0x80005 0xb7d 0x0 0x0 0x0 0x0 0x0 0xb0002 0xb7d 0xe0007 0xb7d 0x30 0x0 0x150002 0x0 0x1a0007 0x5 0x38 0xb78 0x1e0003 0xb78 0x18 0x240007 0x5 0x58 0xb78 0x290005 0xb78 0x0 0x0 0x0 0x0 0x0 0x2e0005 0xb7d 0x0 0x0 0x0 0x0 0x0 0x0 0x0 0x0 0x0 0x0 0x0 0x9 0x2 0x6 0x0 oops 0 methods 0
ciMethodData java/util/concurrent/locks/AbstractQueuedSynchronizer signalNext (Ljava/util/concurrent/locks/AbstractQueuedSynchronizer$Node;)V 2 3056 orig 80 0 0 0 0 0 0 0 0 0 0 0 0 251 127 0 0 0 0 0 0 0 0 0 0 0 0 0 0 0 0 0 0 0 0 0 0 0 0 0 0 0 0 0 0 0 0 0 0 0 0 0 0 0 0 0 0 0 0 0 0 0 0 0 0 0 0 0 0 0 0 0 0 0 0 0 0 0 0 0 0 data 30 0x10007 0xb9b 0xa8 0x0 0xa0007 0x0 0x88 0x0 0x110007 0x0 0x68 0x0 0x160005 0x0 0x0 0x0 0x0 0x0 0x0 0x1e0002 0x0 0x0 0x0 0x0 0x0 0x0 0x0 0x9 0x1 0x0 oops 0 methods 0
ciMethodData java/util/RegularEnumSet add (Ljava/lang/Object;)Z 2 9939 orig 80 0 0 0 0 0 0 0 0 0 0 0 0 251 127 0 0 0 0 0 0 0 0 0 0 0 0 0 0 0 0 0 0 0 0 0 0 0 0 0 0 0 0 0 0 0 0 0 0 0 0 0 0 0 0 0 0 0 0 0 0 0 0 0 0 0 0 0 0 0 0 0 0 0 0 0 0 0 0 0 0 data 24 0x20004 0x0 0x0 0x24bcc8aa880 0x510 0x24bc9c24050 0x2 0x50005 0x0 0x0 0x24bccd50480 0x25d2 0x0 0x0 0x0 0x0 0x0 0x0 0x0 0x0 0x9 0x2 0x0 0x0 oops 3 3 org/springframework/util/ConcurrentReferenceHashMap$TaskOption 5 org/springframework/boot/context/config/ConfigData$Option 10 java/util/RegularEnumSet methods 0
ciMethodData java/util/RegularEnumSet add (Ljava/lang/Enum;)Z 2 5394 orig 80 0 0 0 0 0 0 0 0 0 0 0 0 251 127 0 0 0 0 0 0 0 0 0 0 0 0 0 0 0 0 0 0 0 0 0 0 0 0 0 0 0 0 0 0 0 0 0 0 0 0 0 0 0 0 0 0 0 0 0 0 0 0 0 0 0 0 0 0 0 0 0 0 0 0 0 0 0 0 0 0 data 31 0x20005 0x1411 0x0 0x0 0x0 0x0 0x0 0x110005 0x1411 0x0 0x0 0x0 0x0 0x0 0x1f0007 0x415 0x38 0xffc 0x230003 0xffc 0x18 0x0 0x0 0x0 0x0 0x0 0x0 0x9 0x2 0x18 0x0 oops 0 methods 0
ciMethodData java/util/EnumSet typeCheck (Ljava/lang/Enum;)V 2 5394 orig 80 0 0 0 0 0 0 0 0 0 0 0 0 251 127 0 0 0 0 0 0 0 0 0 0 0 0 0 0 0 0 0 0 0 0 0 0 0 0 0 0 0 0 0 0 0 0 0 0 0 0 0 0 0 0 0 0 0 0 0 0 0 0 0 0 0 0 0 0 0 0 0 0 0 0 0 0 0 0 0 0 data 64 0x10005 0x1387 0x0 0x0 0x0 0x0 0x0 0xa0007 0x1387 0x178 0x0 0xe0005 0x0 0x0 0x0 0x0 0x0 0x0 0x150007 0x0 0x120 0x0 0x200002 0x0 0x240005 0x0 0x0 0x0 0x0 0x0 0x0 0x290005 0x0 0x0 0x0 0x0 0x0 0x0 0x300005 0x0 0x0 0x0 0x0 0x0 0x0 0x330005 0x0 0x0 0x0 0x0 0x0 0x0 0x360002 0x0 0x0 0x0 0x0 0x0 0x0 0x0 0x9 0x2 0x0 0x0 oops 0 methods 0
ciMethodData jdk/internal/misc/Unsafe getAndAddInt (Ljava/lang/Object;JI)I 1 335 orig 80 0 0 0 0 0 0 0 0 0 0 0 0 251 127 0 0 0 0 0 0 0 0 0 0 0 0 0 0 0 0 0 0 0 0 0 0 0 0 0 0 0 0 0 0 0 0 0 0 0 0 0 0 0 0 0 0 0 0 0 0 0 0 0 0 0 0 0 0 0 0 0 0 0 0 0 0 0 0 0 0 data 34 0x3000b 0x0 0x0 0x0 0x0 0x0 0x0 0x2 0x1 0x0 0x120005 0x4f 0x0 0x0 0x0 0x0 0x0 0x150007 0x0 0xffffffffffffff78 0x4f 0x0 0x0 0x0 0x0 0x0 0x0 0x9 0x5 0xffffffffffffffff 0xffffffffffffffff 0x0 0x0 0x0 oops 0 methods 0
ciMethodData java/util/concurrent/atomic/AtomicInteger incrementAndGet ()I 2 1304 orig 80 0 0 0 0 0 0 0 0 0 0 0 0 251 127 0 0 0 0 0 0 0 0 0 0 0 0 0 0 0 0 0 0 0 0 0 0 0 0 0 0 0 0 0 0 0 0 0 0 0 0 0 0 0 0 0 0 0 0 0 0 0 0 0 0 0 0 0 0 0 0 0 0 0 0 0 0 0 0 0 0 data 19 0x8000b 0x0 0x0 0x0 0x0 0x0 0x0 0x2 0x1 0x0 0x0 0x0 0x0 0x0 0x0 0x0 0x9 0x1 0xffffffffffffffff oops 0 methods 0
ciMethod java/util/concurrent/locks/AbstractQueuedSynchronizer$Node getAndUnsetStatus (I)I 2 0 2 0 -1
ciMethodData java/lang/reflect/AccessibleObject checkAccess (Ljava/lang/Class;Ljava/lang/Class;Ljava/lang/Class;I)V 1 354 orig 80 0 0 0 0 0 0 0 0 0 0 0 0 251 127 0 0 0 0 0 0 0 0 0 0 0 0 0 0 0 0 0 0 0 0 0 0 0 0 0 0 0 0 0 0 0 0 0 0 0 0 0 0 0 0 0 0 0 0 0 0 0 0 0 0 0 0 0 0 0 0 0 0 0 0 0 0 0 0 0 0 data 39 0x60005 0xff 0x0 0x0 0x0 0x0 0x0 0x90007 0xff 0x98 0x0 0x110002 0x0 0x160002 0x0 0x190007 0x0 0x58 0x0 0x210005 0x0 0x0 0x0 0x0 0x0 0x0 0x0 0x0 0x0 0x0 0x0 0x0 0x9 0x5 0x4 0xffffffffffffffff 0xffffffffffffffff 0xffffffffffffffff 0x0 oops 0 methods 0
ciMethodData jdk/internal/misc/VM addFinalRefCount (I)V 1 2 orig 80 0 0 0 0 0 0 0 0 0 0 0 0 251 127 0 0 0 0 0 0 0 0 0 0 0 0 0 0 0 0 0 0 0 0 0 0 0 0 0 0 0 0 0 0 0 0 0 0 0 0 0 0 0 0 0 0 0 0 0 0 0 0 0 0 0 0 0 0 0 0 0 0 0 0 0 0 0 0 0 0 data 11 0xe0007 0x0 0x20 0x0 0x0 0x0 0x0 0x0 0x9 0x1 0x0 oops 0 methods 0
ciMethodData java/util/concurrent/locks/AbstractQueuedSynchronizer compareAndSetState (II)Z 2 1305 orig 80 0 0 0 0 0 0 0 0 0 0 0 0 251 127 0 0 0 0 0 0 0 0 0 0 0 0 0 0 0 0 0 0 0 0 0 0 0 0 0 0 0 0 0 0 0 0 0 0 0 0 0 0 0 0 0 0 0 0 0 0 0 0 0 0 0 0 0 0 0 0 0 0 0 0 0 0 0 0 0 0 data 18 0x90005 0x0 0x0 0x0 0x0 0x0 0x0 0x0 0x0 0x0 0x0 0x0 0x0 0x9 0x3 0xffffffffffffffff 0x0 0x0 oops 0 methods 0
ciMethodData java/util/concurrent/locks/ReentrantLock$NonfairSync initialTryLock ()Z 2 3008 orig 80 0 0 0 0 0 0 0 0 0 0 0 0 251 127 0 0 0 0 0 0 0 0 0 0 0 0 0 0 0 0 0 0 0 0 0 0 0 0 0 0 0 0 0 0 0 0 0 0 0 0 0 0 0 0 0 0 0 0 0 0 0 0 0 0 0 0 0 0 0 0 0 0 0 0 0 0 0 0 0 0 data 60 0x2 0xabe 0x70005 0xabe 0x0 0x0 0x0 0x0 0x0 0xa0007 0x2 0x58 0xabc 0xf0005 0xabc 0x0 0x0 0x0 0x0 0x0 0x150005 0x2 0x0 0x0 0x0 0x0 0x0 0x190007 0x0 0xc0 0x2 0x1d0005 0x2 0x0 0x0 0x0 0x0 0x0 0x240007 0x2 0x30 0x0 0x2d0002 0x0 0x330005 0x2 0x0 0x0 0x0 0x0 0x0 0x0 0x0 0x0 0x0 0x0 0x0 0x9 0x1 0xffffffffffffffff oops 0 methods 0
ciMethodData java/lang/ref/SoftReference <init> (Ljava/lang/Object;Ljava/lang/ref/ReferenceQueue;)V 2 6857 orig 80 0 0 0 0 0 0 0 0 0 0 0 0 251 127 0 0 0 0 0 0 0 0 0 0 0 0 0 0 0 0 0 0 0 0 0 0 0 0 0 0 0 0 0 0 0 0 0 0 0 0 0 0 0 0 0 0 0 0 0 0 0 0 0 0 0 0 0 0 0 0 0 0 0 0 0 0 0 0 0 0 data 11 0x30002 0x19c4 0x0 0x0 0x0 0x0 0x9 0x3 0x36 0x0 0x0 oops 0 methods 0
ciMethodData java/lang/Enum getDeclaringClass ()Ljava/lang/Class; 2 2424 orig 80 0 0 0 0 0 0 0 0 0 0 0 0 251 127 0 0 0 0 0 0 0 0 0 0 0 0 0 0 0 0 0 0 0 0 0 0 0 0 0 0 0 0 0 0 0 0 0 0 0 0 0 0 0 0 0 0 0 0 0 0 0 0 0 0 0 0 0 0 0 0 0 0 0 0 0 0 0 0 0 0 data 30 0x10005 0x878 0x0 0x0 0x0 0x0 0x0 0x60005 0x878 0x0 0x0 0x0 0x0 0x0 0xd0007 0x0 0x38 0x878 0x110003 0x878 0x18 0x0 0x0 0x0 0x0 0x0 0x0 0x9 0x1 0x0 oops 0 methods 0
ciMethodData sun/reflect/annotation/AnnotationInvocationHandler invoke (Ljava/lang/Object;Ljava/lang/reflect/Method;[Ljava/lang/Object;)Ljava/lang/Object; 2 9659 orig 80 0 0 0 0 0 0 0 0 0 0 0 0 251 127 0 0 0 0 0 0 0 0 0 0 0 0 0 0 0 0 0 0 0 0 0 0 0 0 0 0 0 0 0 0 0 0 0 0 0 0 0 0 0 0 0 0 0 0 0 0 0 0 0 0 0 0 0 0 0 0 0 0 0 0 0 0 0 0 0 0 data 157 0x10005 0x242a 0x0 0x0 0x0 0x0 0x0 0x70005 0x242a 0x0 0x0 0x0 0x0 0x0 0xf0007 0x242a 0xd0 0x0 0x160007 0x0 0xb0 0x0 0x1a0005 0x0 0x0 0x0 0x0 0x0 0x0 0x210007 0x0 0x58 0x0 0x290005 0x0 0x0 0x0 0x0 0x0 0x0 0x2f0007 0x242a 0x30 0x0 0x380002 0x0 0x400007 0x242a 0x58 0x0 0x440005 0x0 0x0 0x0 0x0 0x0 0x0 0x4c0007 0x242a 0x68 0x0 0x500005 0x0 0x0 0x0 0x0 0x0 0x0 0x530002 0x0 0x5b0007 0xeeb 0x20 0x153f 0x690005 0x0 0x0 0x24bcac2a1d0 0xeeb 0x0 0x0 0x720007 0xeeb 0x30 0x0 0x7f0002 0x0 0x850004 0xfffffffffffff115 0x0 0x24bc98ce920 0x1 0x0 0x0 0x880007 0xeeb 0x90 0x0 0x8d0004 0x0 0x0 0x0 0x0 0x0 0x0 0x900005 0x0 0x0 0x0 0x0 0x0 0x0 0x960005 0xeeb 0x0 0x0 0x0 0x0 0x0 0x990005 0xeeb 0x0 0x0 0x0 0x0 0x0 0x9c0007 0x694 0x88 0x857 0xa10002 0x857 0xa40007 0x517 0x58 0x340 0xaa0005 0x340 0x0 0x0 0x0 0x0 0x0 0x0 0x0 0x0 0x0 0x0 0x0 0x0 0x0 0x9 0x4 0x0 0x0 0x0 0x0 oops 2 77 java/util/LinkedHashMap 90 [Ljava/lang/Class; methods 0
ciMethodData java/util/EnumSet noneOf (Ljava/lang/Class;)Ljava/util/EnumSet; 2 4478 orig 80 0 0 0 0 0 0 0 0 0 0 0 0 251 127 0 0 0 0 0 0 0 0 0 0 0 0 0 0 0 0 0 0 0 0 0 0 0 0 0 0 0 0 0 0 0 0 0 0 0 0 0 0 0 0 0 0 0 0 0 0 0 0 0 0 0 0 0 0 0 0 0 0 0 0 0 0 0 0 0 0 data 48 0x10002 0x106e 0x60007 0x106e 0xe8 0x0 0x110002 0x0 0x150005 0x0 0x0 0x0 0x0 0x0 0x0 0x1a0005 0x0 0x0 0x0 0x0 0x0 0x0 0x1d0005 0x0 0x0 0x0 0x0 0x0 0x0 0x200002 0x0 0x280007 0x0 0x30 0x106e 0x310002 0x106e 0x3b0002 0x0 0x0 0x0 0x0 0x0 0x0 0x0 0x9 0x1 0x0 oops 0 methods 0
ciMethodData java/util/EnumSet of (Ljava/lang/Enum;[Ljava/lang/Enum;)Ljava/util/EnumSet; 2 4810 orig 80 0 0 0 0 0 0 0 0 0 0 0 0 251 127 0 0 0 0 0 0 0 0 0 0 0 0 0 0 0 0 0 0 0 0 0 0 0 0 0 0 0 0 0 0 0 0 0 0 0 0 0 0 0 0 0 0 0 0 0 0 0 0 0 0 0 0 0 0 0 0 0 0 0 0 0 0 0 0 0 0 data 40 0x10005 0x865 0x0 0x0 0x0 0x0 0x0 0x40002 0x865 0xa0005 0x0 0x0 0x24bccd50480 0x865 0x0 0x0 0x1b0007 0x865 0x70 0x10ca 0x270005 0x0 0x0 0x24bccd50480 0x10ca 0x0 0x0 0x2e0003 0x10ca 0xffffffffffffffa8 0x0 0x0 0x0 0x0 0x0 0x0 0x9 0x2 0x0 0x0 oops 2 12 java/util/RegularEnumSet 23 java/util/RegularEnumSet methods 0
ciMethodData jdk/internal/loader/AbstractClassLoaderValue <init> ()V 2 8880 orig 80 0 0 0 0 0 0 0 0 0 0 0 0 251 127 0 0 0 0 0 0 0 0 0 0 0 0 0 0 0 0 0 0 0 0 0 0 0 0 0 0 0 0 0 0 0 0 0 0 0 0 0 0 0 0 0 0 0 0 0 0 0 0 0 0 0 0 0 0 0 0 0 0 0 0 0 0 0 0 0 0 data 7 0x10002 0x21af 0x0 0x0 0x9 0x1 0x0 oops 0 methods 0
ciMethodData jdk/internal/loader/AbstractClassLoaderValue sub (Ljava/lang/Object;)Ljdk/internal/loader/AbstractClassLoaderValue$Sub; 2 8873 orig 80 0 0 0 0 0 0 0 0 0 0 0 0 251 127 0 0 0 0 0 0 0 0 0 0 0 0 0 0 0 0 0 0 0 0 0 0 0 0 0 0 0 0 0 0 0 0 0 0 0 0 0 0 0 0 0 0 0 0 0 0 0 0 0 0 0 0 0 0 0 0 0 0 0 0 0 0 0 0 0 0 data 9 0x60002 0x21a7 0x0 0x0 0x0 0x9 0x2 0x0 0x0 oops 0 methods 0
ciMethodData jdk/internal/loader/AbstractClassLoaderValue$Sub <init> (Ljdk/internal/loader/AbstractClassLoaderValue;Ljava/lang/Object;)V 2 8873 orig 80 0 0 0 0 0 0 0 0 0 0 0 0 251 127 0 0 0 0 0 0 0 0 0 0 0 0 0 0 0 0 0 0 0 0 0 0 0 0 0 0 0 0 0 0 0 0 0 0 0 0 0 0 0 0 0 0 0 0 0 0 0 0 0 0 0 0 0 0 0 0 0 0 0 0 0 0 0 0 0 0 data 11 0x60002 0x21a7 0x0 0x0 0x0 0x0 0x9 0x3 0x6 0x0 0x0 oops 0 methods 0
ciMethodData jdk/internal/loader/AbstractClassLoaderValue$Sub equals (Ljava/lang/Object;)Z 2 7022 orig 80 0 0 0 0 0 0 0 0 0 0 0 0 251 127 0 0 0 0 0 0 0 0 0 0 0 0 0 0 0 0 0 0 0 0 0 0 0 0 0 0 0 0 0 0 0 0 0 0 0 0 0 0 0 0 0 0 0 0 0 0 0 0 0 0 0 0 0 0 0 0 0 0 0 0 0 0 0 0 0 0 data 66 0x20007 0x1a6d 0x20 0x0 0x80004 0x0 0x0 0x24bcc3726b0 0x1a6d 0x0 0x0 0xb0007 0x1a6d 0x20 0x0 0x110004 0x0 0x0 0x24bcc3726b0 0x1a6d 0x0 0x0 0x160005 0x1a6d 0x0 0x0 0x0 0x0 0x0 0x1a0005 0x1a6d 0x0 0x0 0x0 0x0 0x0 0x1d0005 0x0 0x0 0x24bcc372370 0x1a6d 0x0 0x0 0x200007 0x0 0x68 0x1a6d 0x2b0002 0x1a6d 0x2e0007 0x0 0x38 0x1a6d 0x320003 0x1a6d 0x18 0x0 0x0 0x0 0x0 0x0 0x0 0x9 0x2 0x0 0x0 oops 3 7 jdk/internal/loader/AbstractClassLoaderValue$Sub 18 jdk/internal/loader/AbstractClassLoaderValue$Sub 39 jdk/internal/loader/ClassLoaderValue methods 0
ciMethodData jdk/internal/loader/AbstractClassLoaderValue map (Ljava/lang/ClassLoader;)Ljava/util/concurrent/ConcurrentHashMap; 2 7782 orig 80 0 0 0 0 0 0 0 0 0 0 0 0 251 127 0 0 0 0 0 0 0 0 0 0 0 0 0 0 0 0 0 0 0 0 0 0 0 0 0 0 0 0 0 0 0 0 0 0 0 0 0 0 0 0 0 0 0 0 0 0 0 0 0 0 0 0 0 0 0 0 0 0 0 0 0 0 0 0 0 0 data 25 0x10007 0x1c57 0x48 0x62 0x40002 0x62 0x70003 0x62 0x50 0xe0005 0x0 0x0 0x24bc98cb200 0x1c57 0x0 0x0 0x0 0x0 0x0 0x0 0x0 0x0 0x9 0x1 0xffffffffffffffff oops 1 12 java/lang/System$2 methods 0
ciMethodData jdk/internal/loader/BootLoader getClassLoaderValueMap ()Ljava/util/concurrent/ConcurrentHashMap; 1 190 orig 80 0 0 0 0 0 0 0 0 0 0 0 0 251 127 0 0 0 0 0 0 0 0 0 0 0 0 0 0 0 0 0 0 0 0 0 0 0 0 0 0 0 0 0 0 0 0 0 0 0 0 0 0 0 0 0 0 0 0 0 0 0 0 0 0 0 0 0 0 0 0 0 0 0 0 0 0 0 0 0 0 data 4 0x0 0x0 0x9 0x0 oops 0 methods 0
ciMethodData java/lang/System$2 createOrGetClassLoaderValueMap (Ljava/lang/ClassLoader;)Ljava/util/concurrent/ConcurrentHashMap; 2 7592 orig 80 0 0 0 0 0 0 0 0 0 0 0 0 251 127 0 0 0 0 0 0 0 0 0 0 0 0 0 0 0 0 0 0 0 0 0 0 0 0 0 0 0 0 0 0 0 0 0 0 0 0 0 0 0 0 0 0 0 0 0 0 0 0 0 0 0 0 0 0 0 0 0 0 0 0 0 0 0 0 0 0 data 17 0x10005 0x9 0x0 0x24bff9c8fb0 0x1c46 0x24bff9c9040 0x8 0x0 0x0 0x0 0x0 0x0 0x0 0x9 0x2 0x0 0x0 oops 2 3 jdk/internal/loader/ClassLoaders$AppClassLoader 5 jdk/internal/loader/ClassLoaders$PlatformClassLoader methods 0
ciMethodData java/lang/ClassLoader createOrGetClassLoaderValueMap ()Ljava/util/concurrent/ConcurrentHashMap; 2 5471 orig 80 0 0 0 0 0 0 0 0 0 0 0 0 251 127 0 0 0 0 0 0 0 0 0 0 0 0 0 0 0 0 0 0 0 0 0 0 0 0 0 0 0 0 0 0 0 0 0 0 0 0 0 0 0 0 0 0 0 0 0 0 0 0 0 0 0 0 0 0 0 0 0 0 0 0 0 0 0 0 0 0 data 26 0x60007 0x140e 0x88 0x0 0xd0002 0x0 0x160005 0x0 0x0 0x0 0x0 0x0 0x0 0x1b0007 0x0 0x20 0x0 0x0 0x0 0x0 0x0 0x0 0x0 0x9 0x1 0x0 oops 0 methods 0
ciMethodData jdk/internal/loader/AbstractClassLoaderValue$Sub hashCode ()I 2 5614 orig 80 0 0 0 0 0 0 0 0 0 0 0 0 251 127 0 0 0 0 0 0 0 0 0 0 0 0 0 0 0 0 0 0 0 0 0 0 0 0 0 0 0 0 0 0 0 0 0 0 0 0 0 0 0 0 0 0 0 0 0 0 0 0 0 0 0 0 0 0 0 0 0 0 0 0 0 0 0 0 0 0 data 25 0x30005 0x144d 0x0 0x0 0x0 0x0 0x0 0x60005 0x0 0x0 0x24bcc372370 0x144d 0x0 0x0 0xe0002 0x144d 0x0 0x0 0x0 0x0 0x0 0x0 0x9 0x1 0x0 oops 1 10 jdk/internal/loader/ClassLoaderValue methods 0
ciMethodData jdk/internal/loader/AbstractClassLoaderValue extractValue (Ljava/lang/Object;)Ljava/lang/Object; 2 7751 orig 80 0 0 0 0 0 0 0 0 0 0 0 0 251 127 0 0 0 0 0 0 0 0 0 0 0 0 0 0 0 0 0 0 0 0 0 0 0 0 0 0 0 0 0 0 0 0 0 0 0 0 0 0 0 0 0 0 0 0 0 0 0 0 0 0 0 0 0 0 0 0 0 0 0 0 0 0 0 0 0 0 data 35 0x10104 0xffffffffffffe385 0x0 0x0 0x0 0x0 0x0 0x40007 0x1cb4 0x90 0x0 0x80004 0x0 0x0 0x0 0x0 0x0 0x0 0xb0005 0x0 0x0 0x0 0x0 0x0 0x0 0x0 0x0 0x0 0x0 0x0 0x0 0x9 0x2 0x0 0x0 oops 0 methods 0
ciMethod java/lang/invoke/LambdaForm$MH+0x0000024b85008000 invoke (Ljava/lang/Object;)Ljava/lang/Object; 526 0 23786 0 -1
ciMethodData java/lang/invoke/LambdaForm$MH+0x0000024b85008000 invoke (Ljava/lang/Object;)Ljava/lang/Object; 2 23786 orig 80 0 0 0 0 0 0 0 0 0 0 0 0 251 127 0 0 0 0 0 0 0 0 0 0 0 0 0 0 0 0 0 0 0 0 0 0 0 0 0 0 0 0 0 0 0 0 0 0 0 0 0 0 0 0 0 0 0 0 0 0 0 0 0 0 0 0 0 0 0 0 0 0 0 0 0 0 0 0 0 0 data 20 0x10004 0x0 0x0 0x24bca006140 0x26d3 0x0 0x0 0x0 0x0 0x0 0x0 0x0 0x0 0x9 0x1 0x0 0xc 0x2 0x0 0x24bca006140 oops 2 3 java/lang/invoke/BoundMethodHandle$Species_L 19 java/lang/invoke/BoundMethodHandle$Species_L methods 0
ciMethod org/springframework/util/Assert state (ZLjava/lang/String;)V 536 0 7515 0 0
ciMethod org/springframework/util/Assert notNull (Ljava/lang/Object;Ljava/lang/String;)V 512 0 136697 0 96
ciMethod org/springframework/util/Assert isInstanceOf (Ljava/lang/Class;Ljava/lang/Object;Ljava/lang/String;)V 514 0 1120 0 0
ciMethod org/springframework/util/Assert isInstanceOf (Ljava/lang/Class;Ljava/lang/Object;)V 506 0 1097 0 0
ciMethod org/springframework/util/Assert instanceCheckFailed (Ljava/lang/Class;Ljava/lang/Object;Ljava/lang/String;)V 0 0 1 0 0
ciMethod org/springframework/util/Assert endsWithSeparator (Ljava/lang/String;)Z 0 0 1 0 -1
ciMethod org/springframework/util/Assert messageWithTypeName (Ljava/lang/String;Ljava/lang/Object;)Ljava/lang/String; 0 0 1 0 -1
ciMethod org/springframework/util/ConcurrentReferenceHashMap getLoadFactor ()F 256 0 128 0 -1
ciMethod org/springframework/util/ConcurrentReferenceHashMap getHash (Ljava/lang/Object;)I 512 0 9734 0 256
ciMethod org/springframework/util/ConcurrentReferenceHashMap get (Ljava/lang/Object;)Ljava/lang/Object; 538 0 15390 0 2816
ciMethod org/springframework/util/ConcurrentReferenceHashMap getReference (Ljava/lang/Object;Lorg/springframework/util/ConcurrentReferenceHashMap$Restructure;)Lorg/springframework/util/ConcurrentReferenceHashMap$Reference; 768 0 15391 0 -1
ciMethod org/springframework/util/ConcurrentReferenceHashMap put (Ljava/lang/Object;Ljava/lang/Object;)Ljava/lang/Object; 200 0 2167 0 0
ciMethod org/springframework/util/ConcurrentReferenceHashMap putIfAbsent (Ljava/lang/Object;Ljava/lang/Object;)Ljava/lang/Object; 512 0 290 0 0
ciMethod org/springframework/util/ConcurrentReferenceHashMap put (Ljava/lang/Object;Ljava/lang/Object;Z)Ljava/lang/Object; 216 0 2405 0 0
ciMethod org/springframework/util/ConcurrentReferenceHashMap doTask (Ljava/lang/Object;Lorg/springframework/util/ConcurrentReferenceHashMap$Task;)Ljava/lang/Object; 728 0 2405 0 0
ciMethod org/springframework/util/ConcurrentReferenceHashMap getSegmentForHash (I)Lorg/springframework/util/ConcurrentReferenceHashMap$Segment; 516 0 17797 0 0
ciMethod org/springframework/util/ConcurrentReferenceHashMap$Task <init> (Lorg/springframework/util/ConcurrentReferenceHashMap;[Lorg/springframework/util/ConcurrentReferenceHashMap$TaskOption;)V 512 0 2405 0 0
ciMethod org/springframework/util/ConcurrentReferenceHashMap$Task hasOption (Lorg/springframework/util/ConcurrentReferenceHashMap$TaskOption;)Z 512 0 9668 0 0
ciMethod org/springframework/util/ConcurrentReferenceHashMap$Task execute (Lorg/springframework/util/ConcurrentReferenceHashMap$Reference;Lorg/springframework/util/ConcurrentReferenceHashMap$Entry;Lorg/springframework/util/ConcurrentReferenceHashMap$Entries;)Ljava/lang/Object; 0 0 1 0 -1
ciMethod org/springframework/util/ConcurrentReferenceHashMap$1 <init> (Lorg/springframework/util/ConcurrentReferenceHashMap;[Lorg/springframework/util/ConcurrentReferenceHashMap$TaskOption;ZLjava/lang/Object;)V 512 0 2405 0 0
ciMethod org/springframework/util/ConcurrentReferenceHashMap$1 execute (Lorg/springframework/util/ConcurrentReferenceHashMap$Reference;Lorg/springframework/util/ConcurrentReferenceHashMap$Entry;Lorg/springframework/util/ConcurrentReferenceHashMap$Entries;)Ljava/lang/Object; 1024 0 2424 0 0
ciMethod org/springframework/util/ConcurrentReferenceHashMap$Segment getReference (Ljava/lang/Object;ILorg/springframework/util/ConcurrentReferenceHashMap$Restructure;)Lorg/springframework/util/ConcurrentReferenceHashMap$Reference; 768 0 15391 0 -1
ciMethod org/springframework/util/ConcurrentReferenceHashMap$Segment doTask (ILjava/lang/Object;Lorg/springframework/util/ConcurrentReferenceHashMap$Task;)Ljava/lang/Object; 984 0 2417 0 0
ciMethod org/springframework/util/ConcurrentReferenceHashMap$Segment restructureIfNecessary (Z)V 518 0 5391 0 896
ciMethod org/springframework/util/ConcurrentReferenceHashMap$Segment restructure (ZLorg/springframework/util/ConcurrentReferenceHashMap$Reference;)V 6 26 457 0 0
ciMethod org/springframework/util/ConcurrentReferenceHashMap$Segment findInChain (Lorg/springframework/util/ConcurrentReferenceHashMap$Reference;Ljava/lang/Object;I)Lorg/springframework/util/ConcurrentReferenceHashMap$Reference; 512 48 16506 0 0
ciMethod org/springframework/util/ConcurrentReferenceHashMap$Segment createReferenceArray (I)[Lorg/springframework/util/ConcurrentReferenceHashMap$Reference; 616 0 1194 0 -1
ciMethod org/springframework/util/ConcurrentReferenceHashMap$Segment getIndex (I[Lorg/springframework/util/ConcurrentReferenceHashMap$Reference;)I 514 0 19806 0 96
ciMethod org/springframework/util/ConcurrentReferenceHashMap$Segment lambda$doTask$0 (Ljava/lang/Object;ILorg/springframework/util/ConcurrentReferenceHashMap$Reference;ILjava/lang/Object;)V 1024 0 2429 0 0
ciMethod org/springframework/util/ConcurrentReferenceHashMap$ReferenceManager createReference (Lorg/springframework/util/ConcurrentReferenceHashMap$Entry;ILorg/springframework/util/ConcurrentReferenceHashMap$Reference;)Lorg/springframework/util/ConcurrentReferenceHashMap$Reference; 1024 0 4805 0 0
ciMethod org/springframework/util/ConcurrentReferenceHashMap$ReferenceManager pollForPurge ()Lorg/springframework/util/ConcurrentReferenceHashMap$Reference; 520 0 5391 0 0
ciMethod org/springframework/util/ConcurrentReferenceHashMap$Reference get ()Lorg/springframework/util/ConcurrentReferenceHashMap$Entry; 0 0 1 0 -1
ciMethod org/springframework/util/ConcurrentReferenceHashMap$Reference getHash ()I 0 0 1 0 -1
ciMethod org/springframework/util/ConcurrentReferenceHashMap$Reference getNext ()Lorg/springframework/util/ConcurrentReferenceHashMap$Reference; 0 0 1 0 -1
ciMethod org/springframework/util/StringUtils hasLength (Ljava/lang/String;)Z 744 0 28621 0 -1
ciMethod org/springframework/util/ConcurrentReferenceHashMap$Entries add (Ljava/lang/Object;)V 0 0 1 0 -1
ciMethod org/springframework/util/ConcurrentReferenceHashMap$Segment$$Lambda$9+0x0000024b85023a50 <init> (Lorg/springframework/util/ConcurrentReferenceHashMap$Segment;Ljava/lang/Object;ILorg/springframework/util/ConcurrentReferenceHashMap$Reference;I)V 1024 0 2424 0 0
ciMethod org/springframework/util/ConcurrentReferenceHashMap$Segment$$Lambda$9+0x0000024b85023a50 add (Ljava/lang/Object;)V 1024 0 2429 0 0
ciMethod org/springframework/util/ConcurrentReferenceHashMap$Entry <init> (Ljava/lang/Object;Ljava/lang/Object;)V 1024 0 2429 0 0
ciMethod org/springframework/util/ConcurrentReferenceHashMap$Entry getKey ()Ljava/lang/Object; 256 0 128 0 0
ciMethod org/springframework/util/ConcurrentReferenceHashMap$Entry getValue ()Ljava/lang/Object; 256 0 128 0 -1
ciMethod org/springframework/util/ConcurrentReferenceHashMap$Entry setValue (Ljava/lang/Object;)Ljava/lang/Object; 2 0 1 0 -1
ciMethod org/springframework/util/ConcurrentReferenceHashMap$SoftEntryReference <init> (Lorg/springframework/util/ConcurrentReferenceHashMap$Entry;ILorg/springframework/util/ConcurrentReferenceHashMap$Reference;Ljava/lang/ref/ReferenceQueue;)V 1024 0 4824 0 0
ciMethod org/springframework/util/ConcurrentReferenceHashMap$SoftEntryReference getHash ()I 286 0 143 0 0
ciMethod org/springframework/util/ConcurrentReferenceHashMap$SoftEntryReference getNext ()Lorg/springframework/util/ConcurrentReferenceHashMap$Reference; 310 0 155 0 0
ciMethod org/springframework/util/ConcurrentReferenceHashMap$SoftEntryReference get ()Lorg/springframework/util/ConcurrentReferenceHashMap$Entry; 538 0 26470 0 192
ciMethod java/lang/invoke/LambdaForm$DMH+0x0000024b85024800 newInvokeSpecial (Ljava/lang/Object;Ljava/lang/Object;Ljava/lang/Object;ILjava/lang/Object;I)Ljava/lang/Object; 1024 0 2423 0 -1
ciMethodData java/lang/invoke/LambdaForm$DMH+0x0000024b85024800 newInvokeSpecial (Ljava/lang/Object;Ljava/lang/Object;Ljava/lang/Object;ILjava/lang/Object;I)Ljava/lang/Object; 2 2423 orig 80 0 0 0 0 0 0 0 0 0 0 0 0 251 127 0 0 0 0 0 0 0 0 0 0 0 0 0 0 0 0 0 0 0 0 0 0 0 0 0 0 0 0 0 0 0 0 0 0 0 0 0 0 0 0 0 0 0 0 0 0 0 0 0 0 0 0 0 0 0 0 0 0 0 0 0 0 0 0 0 0 data 46 0x1000a 0x778 0x3 0x0 0x24bca4a49e0 0x24bcc8865e0 0x7000a 0x778 0x3 0x0 0x24bca4a49e0 0x24bff9c8160 0x170004 0x0 0x0 0x24bff9c8160 0x2 0x0 0x0 0x1a000a 0x778 0x4 0x0 0x24bcc8865e0 0x1 0x24bc999ac70 0x0 0x0 0x0 0x0 0x0 0x0 0x9 0x6 0x0 0x0 0x0 0x0 0x0 0x0 0xc 0x4 0x0 0x24bca4a49e0 0x1 0x24bc999ac70 oops 9 4 java/lang/invoke/DirectMethodHandle$Constructor 5 org/springframework/util/ConcurrentReferenceHashMap$Segment$$Lambda$9+0x0000024b85023a50 10 java/lang/invoke/DirectMethodHandle$Constructor 11 java/lang/invoke/MemberName 15 java/lang/invoke/MemberName 23 org/springframework/util/ConcurrentReferenceHashMap$Segment$$Lambda$9+0x0000024b85023a50 25 org/springframework/util/ConcurrentReferenceHashMap$Segment 43 java/lang/invoke/DirectMethodHandle$Constructor 45 org/springframework/util/ConcurrentReferenceHashMap$Segment methods 0
ciMethod java/lang/invoke/LambdaForm$MH+0x0000024b85025000 linkToTargetMethod (Ljava/lang/Object;Ljava/lang/Object;ILjava/lang/Object;ILjava/lang/Object;)Ljava/lang/Object; 512 0 2417 0 -1
ciMethodData java/lang/invoke/LambdaForm$MH+0x0000024b85025000 linkToTargetMethod (Ljava/lang/Object;Ljava/lang/Object;ILjava/lang/Object;ILjava/lang/Object;)Ljava/lang/Object; 2 2423 orig 80 0 0 0 0 0 0 0 0 0 0 0 0 251 127 0 0 0 0 0 0 0 0 0 0 0 0 0 0 0 0 0 0 0 0 0 0 0 0 0 0 0 0 0 0 0 0 0 0 0 0 0 0 0 0 0 0 0 0 0 0 0 0 0 0 0 0 0 0 0 0 0 0 0 0 0 0 0 0 0 0 data 40 0x20004 0x0 0x0 0x24bca4a49e0 0x16e 0x0 0x0 0xb000b 0x877 0x0 0x0 0x0 0x0 0x0 0x5 0x1 0x24bc999ac70 0x2 0x2 0x24bcc8865e0 0x0 0x0 0x0 0x0 0x0 0x0 0x9 0x6 0x0 0x0 0x0 0x0 0x0 0x0 0xc 0x4 0x0 0x24bc999ac70 0x1 0x2 oops 4 3 java/lang/invoke/DirectMethodHandle$Constructor 16 org/springframework/util/ConcurrentReferenceHashMap$Segment 19 org/springframework/util/ConcurrentReferenceHashMap$Segment$$Lambda$9+0x0000024b85023a50 37 org/springframework/util/ConcurrentReferenceHashMap$Segment methods 0
ciMethod org/springframework/util/ReflectionUtils invokeMethod (Ljava/lang/reflect/Method;Ljava/lang/Object;)Ljava/lang/Object; 6 0 48 0 0
ciMethod org/springframework/util/ReflectionUtils invokeMethod (Ljava/lang/reflect/Method;Ljava/lang/Object;[Ljava/lang/Object;)Ljava/lang/Object; 6 0 48 0 -1
ciMethod org/springframework/core/annotation/AnnotationFilter matches (Ljava/lang/Class;)Z 540 0 6555 0 832
ciMethod org/springframework/core/annotation/AnnotationFilter matches (Ljava/lang/String;)Z 0 0 1 0 -1
ciMethod org/springframework/core/annotation/PackagesAnnotationFilter matches (Ljava/lang/String;)Z 512 840 7458 0 736
ciMethod org/springframework/core/annotation/AnnotationsScanner getDeclaredAnnotations (Ljava/lang/reflect/AnnotatedElement;Z)[Ljava/lang/annotation/Annotation; 896 184 16029 0 -1
ciMethod org/springframework/core/annotation/AnnotationsScanner isIgnorable (Ljava/lang/Class;)Z 184 0 1322 0 0
ciMethod org/springframework/util/ObjectUtils nullSafeEquals (Ljava/lang/Object;Ljava/lang/Object;)Z 274 0 13953 0 256
ciMethod org/springframework/util/ObjectUtils arrayEquals (Ljava/lang/Object;Ljava/lang/Object;)Z 0 0 414 0 0
ciMethodData org/springframework/util/Assert notNull (Ljava/lang/Object;Ljava/lang/String;)V 2 136697 orig 80 0 0 0 0 0 0 0 0 0 0 0 0 251 127 0 0 0 0 0 0 0 0 0 0 0 0 0 0 0 0 0 0 0 0 0 0 0 0 0 0 0 0 0 0 0 0 0 0 0 0 0 0 0 0 0 0 0 0 0 0 0 0 0 0 0 0 0 0 0 0 0 0 0 0 0 0 0 0 0 0 data 16 0x10007 0x214f9 0x30 0x0 0x90002 0x0 0x0 0x0 0x0 0x0 0x0 0x0 0x9 0x2 0x0 0x0 oops 0 methods 0
ciMethodData org/springframework/util/ConcurrentReferenceHashMap$Segment restructureIfNecessary (Z)V 2 5391 orig 80 0 0 0 0 0 0 0 0 0 0 0 0 251 127 0 0 0 0 0 0 0 0 0 0 0 0 0 0 0 0 0 0 0 0 0 0 0 0 0 0 0 0 0 0 0 0 0 0 0 0 0 0 0 0 0 0 0 0 0 0 0 0 0 0 0 0 0 0 0 0 0 0 0 0 0 0 0 0 0 0 data 54 0x40005 0x140c 0x0 0x0 0x0 0x0 0x0 0x90007 0x1363 0x78 0xa9 0xd0007 0x2c 0x58 0x7d 0x150007 0x78 0x38 0x5 0x190003 0x5 0x18 0x220005 0x0 0x0 0x24bcac47820 0x140c 0x0 0x0 0x290007 0x0 0x40 0x140c 0x2d0007 0x1407 0x58 0x5 0x340005 0x5 0x0 0x0 0x0 0x0 0x0 0x0 0x0 0x0 0x0 0x0 0x0 0x9 0x2 0xffffffffffffffff 0x0 oops 1 25 org/springframework/util/ConcurrentReferenceHashMap$ReferenceManager methods 0
ciMethodData org/springframework/util/ConcurrentReferenceHashMap$ReferenceManager pollForPurge ()Lorg/springframework/util/ConcurrentReferenceHashMap$Reference; 2 5391 orig 80 0 0 0 0 0 0 0 0 0 0 0 0 251 127 0 0 0 0 0 0 0 0 0 0 0 0 0 0 0 0 0 0 0 0 0 0 0 0 0 0 0 0 0 0 0 0 0 0 0 0 0 0 0 0 0 0 0 0 0 0 0 0 0 0 0 0 0 0 0 0 0 0 0 0 0 0 0 0 0 0 data 23 0x40005 0x0 0x0 0x24bcac4aec0 0x140b 0x0 0x0 0x70104 0x0 0x0 0x0 0x0 0x0 0x0 0x0 0x0 0x0 0x0 0x0 0x0 0x9 0x1 0x0 oops 1 3 java/lang/ref/ReferenceQueue methods 0
ciMethodData org/springframework/util/ConcurrentReferenceHashMap$Segment restructure (ZLorg/springframework/util/ConcurrentReferenceHashMap$Reference;)V 2 5763 orig 80 0 0 0 0 0 0 0 0 0 0 0 0 251 127 0 0 0 0 0 0 0 0 0 0 0 0 0 0 0 0 0 0 0 0 0 0 0 0 0 0 0 0 0 0 0 0 0 0 0 0 0 0 0 0 0 0 0 0 0 0 0 0 0 0 0 0 0 0 0 0 0 0 0 0 0 0 0 0 0 0 data 280 0x10005 0x0 0x0 0x24bc999ac70 0x1ce 0x0 0x0 0x80005 0x1ce 0x0 0x0 0x0 0x0 0x0 0xd0002 0x1ce 0x130007 0x1ce 0xd8 0x0 0x1a0002 0x0 0x200007 0x0 0xa8 0x0 0x260005 0x0 0x0 0x0 0x0 0x0 0x0 0x300005 0x0 0x0 0x0 0x0 0x0 0x0 0x340003 0x0 0xffffffffffffff70 0x3b0005 0x0 0x0 0x24bcac2bc70 0x1ce 0x0 0x0 0x450007 0x0 0x58 0x1ce 0x4e0007 0x0 0x38 0x1ce 0x520003 0x1ce 0x18 0x620007 0x0 0x60 0x1ce 0x660007 0x0 0x40 0x1ce 0x6d0007 0x0 0x20 0x1ce 0x7e0007 0x0 0x318 0x1ce 0x840005 0x1ce 0x0 0x0 0x0 0x0 0x0 0x9b0007 0x1ce 0x270 0xca9 0xa90007 0xca9 0x238 0x9cd 0xaf0005 0x0 0x0 0x24bcac2bc70 0x9cd 0x0 0x0 0xb40007 0x0 0x190 0x9cd 0xb80005 0x0 0x0 0x24bcc6fb3d0 0x9cd 0x0 0x0 0xc10007 0x0 0x138 0x9cd 0xc60005 0x0 0x0 0x24bcc6fb3d0 0x9cd 0x0 0x0 0xcd0005 0x9cd 0x0 0x0 0x0 0x0 0x0 0xdd0005 0x0 0x0 0x24bcc6fb3d0 0x9cd 0x0 0x0 0xe70005 0x0 0x0 0x24bcac47820 0x9cd 0x0 0x0 0xea0004 0x0 0x0 0x24bcc6fb3d0 0x9cd 0x0 0x0 0xef0005 0x0 0x0 0x24bcc6fb3d0 0x9cd 0x0 0x0 0xf50003 0x9cd 0xfffffffffffffde0 0xfb0003 0xca9 0xfffffffffffffda8 0x10f0005 0x1ce 0x0 0x0 0x0 0x0 0x0 0x1170003 0x1ce 0x218 0x1240007 0x0 0x200 0x0 0x1330007 0x0 0x190 0x0 0x1390005 0x0 0x0 0x0 0x0 0x0 0x0 0x13e0007 0x0 0xe8 0x0 0x1420005 0x0 0x0 0x0 0x0 0x0 0x0 0x14b0007 0x0 0x90 0x0 0x1550005 0x0 0x0 0x0 0x0 0x0 0x0 0x15c0005 0x0 0x0 0x0 0x0 0x0 0x0 0x1650005 0x0 0x0 0x0 0x0 0x0 0x0 0x16b0003 0x0 0xfffffffffffffe88 0x1760004 0x0 0x0 0x0 0x0 0x0 0x0 0x17a0003 0x0 0xfffffffffffffe18 0x1840002 0x1ce 0x1870005 0x1ce 0x0 0x0 0x0 0x0 0x0 0x18b0005 0x0 0x0 0x24bc999ac70 0x1ce 0x0 0x0 0x18e0003 0x1ce 0x50 0x1940005 0x0 0x0 0x0 0x0 0x0 0x0 0x0 0x0 0x0 0x0 0x0 0x0 0x0 0x0 0x0 0x0 0x0 0x0 0x0 0x9 0x3 0x0 0x0 0x0 oops 10 3 org/springframework/util/ConcurrentReferenceHashMap$Segment 46 java/util/Collections$EmptySet 95 java/util/Collections$EmptySet 106 org/springframework/util/ConcurrentReferenceHashMap$SoftEntryReference 117 org/springframework/util/ConcurrentReferenceHashMap$SoftEntryReference 131 org/springframework/util/ConcurrentReferenceHashMap$SoftEntryReference 138 org/springframework/util/ConcurrentReferenceHashMap$ReferenceManager 145 org/springframework/util/ConcurrentReferenceHashMap$SoftEntryReference 152 org/springframework/util/ConcurrentReferenceHashMap$SoftEntryReference 248 org/springframework/util/ConcurrentReferenceHashMap$Segment methods 0
ciMethod org/springframework/core/annotation/AttributeMethods assertAnnotation (Ljava/lang/annotation/Annotation;)V 512 0 1128 0 0
ciMethod org/springframework/core/annotation/AttributeMethods get (I)Ljava/lang/reflect/Method; 786 0 22560 0 128
ciMethod org/springframework/core/annotation/AttributeMethods canThrowTypeNotPresentException (I)Z 514 0 3740 0 128
ciMethod org/springframework/core/annotation/AttributeMethods size ()I 1024 0 17759 0 96
ciMethod org/springframework/core/annotation/AttributeMethods forAnnotationType (Ljava/lang/Class;)Lorg/springframework/core/annotation/AttributeMethods; 400 0 1606 0 0
ciMethod org/springframework/core/annotation/AttributeMethods compute (Ljava/lang/Class;)Lorg/springframework/core/annotation/AttributeMethods; 162 324 81 0 -1
ciMethod org/springframework/core/annotation/AttributeMethods isAttributeMethod (Ljava/lang/reflect/Method;)Z 324 0 162 0 -1
ciMethod org/springframework/core/annotation/AttributeMethods <init> (Ljava/lang/Class;[Ljava/lang/reflect/Method;)V 116 324 58 0 -1
ciMethod org/springframework/core/annotation/AttributeMethods canLoad (Ljava/lang/annotation/Annotation;)Z 70 160 928 0 0
ciMethod org/springframework/core/annotation/AttributeMethods$$Lambda$85+0x0000024b85095328 apply (Ljava/lang/Object;)Ljava/lang/Object; 162 0 81 0 0
ciMethod org/springframework/core/annotation/AnnotationUtils invokeAnnotationMethod (Ljava/lang/reflect/Method;Ljava/lang/Object;)Ljava/lang/Object; 514 0 3678 0 0
ciMethodData org/springframework/util/ConcurrentReferenceHashMap getHash (Ljava/lang/Object;)I 2 9734 orig 80 0 0 0 0 0 0 0 0 0 0 0 0 251 127 0 0 0 0 0 0 0 0 0 0 0 0 0 0 0 0 0 0 0 0 0 0 0 0 0 0 0 0 0 0 0 0 0 0 0 0 0 0 0 0 0 0 0 0 0 0 0 0 0 0 0 0 0 0 0 0 0 0 0 0 0 0 0 0 0 0 data 24 0x10007 0x0 0x70 0x2506 0x50005 0x16f2 0x0 0x24bff9c6020 0xe0e 0x24bff9c8fb0 0x6 0x80003 0x2506 0x18 0x0 0x0 0x0 0x0 0x0 0x0 0x9 0x2 0x0 0xffffffffffffffff oops 2 7 java/lang/Class 9 jdk/internal/loader/ClassLoaders$AppClassLoader methods 0
ciMethodData org/springframework/util/ConcurrentReferenceHashMap getSegmentForHash (I)Lorg/springframework/util/ConcurrentReferenceHashMap$Segment; 2 17797 orig 80 0 0 0 0 0 0 0 0 0 0 0 0 251 127 0 0 0 0 0 0 0 0 0 0 0 0 0 0 0 0 0 0 0 0 0 0 0 0 0 0 0 0 0 0 0 0 0 0 0 0 0 0 0 0 0 0 0 0 0 0 0 0 0 0 0 0 0 0 0 0 0 0 0 0 0 0 0 0 0 0 data 8 0x0 0x0 0x0 0x0 0x9 0x2 0x0 0x0 oops 0 methods 0
ciMethodData org/springframework/util/ConcurrentReferenceHashMap$Task hasOption (Lorg/springframework/util/ConcurrentReferenceHashMap$TaskOption;)Z 2 9668 orig 80 0 0 0 0 0 0 0 0 0 0 0 0 251 127 0 0 0 0 0 0 0 0 0 0 0 0 0 0 0 0 0 0 0 0 0 0 0 0 0 0 0 0 0 0 0 0 0 0 0 0 0 0 0 0 0 0 0 0 0 0 0 0 0 0 0 0 0 0 0 0 0 0 0 0 0 0 0 0 0 0 data 17 0x50005 0x0 0x0 0x24bccd50480 0x24c4 0x0 0x0 0x0 0x0 0x0 0x0 0x0 0x0 0x9 0x2 0x0 0x0 oops 1 3 java/util/RegularEnumSet methods 0
ciMethodData org/springframework/util/ConcurrentReferenceHashMap$Segment getIndex (I[Lorg/springframework/util/ConcurrentReferenceHashMap$Reference;)I 2 19824 orig 80 0 0 0 0 0 0 0 0 0 0 0 0 251 127 0 0 0 0 0 0 0 0 0 0 0 0 0 0 0 0 0 0 0 0 0 0 0 0 0 0 0 0 0 0 0 0 0 0 0 0 0 0 0 0 0 0 0 0 0 0 0 0 0 0 0 0 0 0 0 0 0 0 0 0 0 0 0 0 0 0 data 7 0x0 0x0 0x9 0x3 0x0 0x0 0x0 oops 0 methods 0
ciMethodData org/springframework/util/ConcurrentReferenceHashMap$Segment findInChain (Lorg/springframework/util/ConcurrentReferenceHashMap$Reference;Ljava/lang/Object;I)Lorg/springframework/util/ConcurrentReferenceHashMap$Reference; 2 16512 orig 80 1 0 0 0 0 0 0 0 0 0 0 0 251 127 0 0 0 0 0 0 0 0 0 0 0 0 0 0 0 0 0 0 0 0 0 0 0 0 0 2 0 0 0 0 0 0 0 0 0 0 0 0 0 0 0 0 0 0 0 0 0 0 0 0 0 0 0 0 0 0 0 0 0 0 0 0 0 0 0 0 data 61 0x50007 0x101f 0x188 0x404a 0xa0005 0x0 0x0 0x24bcc6fb3d0 0x404a 0x0 0x0 0x100007 0x10e0 0xe0 0x2f6a 0x150005 0x0 0x0 0x24bcc6fb3d0 0x2f6a 0x0 0x0 0x1e0007 0x0 0x88 0x2f6a 0x230005 0x2f6a 0x0 0x0 0x0 0x0 0x0 0x2b0002 0x2f6a 0x80000006002e0007 0x9 0x20 0x2f63 0x360005 0x0 0x0 0x24bcc6fb3d0 0x10e9 0x0 0x0 0x3d0003 0x10e9 0xfffffffffffffe90 0x0 0x0 0x0 0x0 0x0 0x0 0x9 0x4 0x0 0xffffffffffffffff 0xffffffffffffffff 0x0 oops 3 7 org/springframework/util/ConcurrentReferenceHashMap$SoftEntryReference 18 org/springframework/util/ConcurrentReferenceHashMap$SoftEntryReference 42 org/springframework/util/ConcurrentReferenceHashMap$SoftEntryReference methods 0
ciMethodData org/springframework/util/ConcurrentReferenceHashMap$SoftEntryReference get ()Lorg/springframework/util/ConcurrentReferenceHashMap$Entry; 2 26470 orig 80 0 0 0 0 0 0 0 0 0 0 0 0 251 127 0 0 0 0 0 0 0 0 0 0 0 0 0 0 0 0 0 0 0 0 0 0 0 0 0 0 0 0 0 0 0 0 0 0 0 0 0 0 0 0 0 0 0 0 0 0 0 0 0 0 0 0 0 0 0 0 0 0 0 0 0 0 0 0 0 0 data 18 0x10002 0x6659 0x40004 0x0 0x0 0x24bcad58720 0x6659 0x0 0x0 0x0 0x0 0x0 0x0 0x0 0x0 0x9 0x1 0x0 oops 1 5 org/springframework/util/ConcurrentReferenceHashMap$Entry methods 0
ciMethodData org/springframework/util/ObjectUtils nullSafeEquals (Ljava/lang/Object;Ljava/lang/Object;)Z 2 13953 orig 80 0 0 0 0 0 0 0 0 0 0 0 0 251 127 0 0 0 0 0 0 0 0 0 0 0 0 0 0 0 0 0 0 0 0 0 0 0 0 0 0 0 0 0 0 0 0 0 0 0 0 0 0 0 0 0 0 0 0 0 0 0 0 0 0 0 0 0 0 0 0 0 0 0 0 0 0 0 0 0 0 data 71 0x20007 0x1506 0x20 0x20f2 0x80007 0x1d 0x40 0x14e9 0xc0007 0x14e9 0x20 0x0 0x130005 0x11bc 0x0 0x24bca4a2b60 0x203 0x24bff9c5f90 0x12a 0x160007 0xe54 0x20 0x695 0x1c0005 0xe54 0x0 0x0 0x0 0x0 0x0 0x1f0005 0xe54 0x0 0x0 0x0 0x0 0x0 0x220007 0xe1d 0xc0 0x37 0x260005 0x37 0x0 0x0 0x0 0x0 0x0 0x290005 0x37 0x0 0x0 0x0 0x0 0x0 0x2c0007 0x0 0x30 0x37 0x310002 0x37 0x0 0x0 0x0 0x0 0x0 0x0 0x9 0x2 0xffffffffffffffff 0xffffffffffffffff oops 2 15 org/springframework/core/ResolvableType 17 java/lang/String methods 0
ciMethodData org/springframework/util/ConcurrentReferenceHashMap get (Ljava/lang/Object;)Ljava/lang/Object; 2 15390 orig 80 1 0 0 0 0 0 0 0 0 0 0 0 251 127 0 0 0 0 0 0 0 0 0 0 0 0 0 0 0 0 0 0 0 0 0 0 0 0 0 0 0 0 0 0 0 0 0 0 0 0 0 0 0 0 0 0 0 0 0 0 0 0 0 0 0 0 0 0 0 0 0 0 0 0 0 0 0 0 0 0 data 45 0x50005 0x3b11 0x0 0x0 0x0 0x0 0x0 0xa0007 0xbb4 0x70 0x2f5e 0xe0005 0x0 0x0 0x24bcc6fb3d0 0x2f5e 0x0 0x0 0x130003 0x2f5e 0x18 0x190007 0xbb4 0x70 0x2f5e 0x1d0005 0x2f5e 0x0 0x0 0x0 0x0 0x0 0x200003 0x2f5e 0x18 0x0 0x0 0x0 0x0 0x0 0x0 0x9 0x2 0x0 0x0 oops 1 14 org/springframework/util/ConcurrentReferenceHashMap$SoftEntryReference methods 0
ciMethodData org/springframework/util/ConcurrentReferenceHashMap put (Ljava/lang/Object;Ljava/lang/Object;)Ljava/lang/Object; 2 2167 orig 80 0 0 0 0 0 0 0 0 0 0 0 0 251 127 0 0 0 0 0 0 0 0 0 0 0 0 0 0 0 0 0 0 0 0 0 0 0 0 0 0 0 0 0 0 0 0 0 0 0 0 0 0 0 0 0 0 0 0 0 0 0 0 0 0 0 0 0 0 0 0 0 0 0 0 0 0 0 0 0 0 data 18 0x40005 0x813 0x0 0x0 0x0 0x0 0x0 0x0 0x0 0x0 0x0 0x0 0x0 0x9 0x3 0x0 0xffffffffffffffff 0x0 oops 0 methods 0
ciMethodData org/springframework/util/ConcurrentReferenceHashMap put (Ljava/lang/Object;Ljava/lang/Object;Z)Ljava/lang/Object; 2 2405 orig 80 0 0 0 0 0 0 0 0 0 0 0 0 251 127 0 0 0 0 0 0 0 0 0 0 0 0 0 0 0 0 0 0 0 0 0 0 0 0 0 0 0 0 0 0 0 0 0 0 0 0 0 0 0 0 0 0 0 0 0 0 0 0 0 0 0 0 0 0 0 0 0 0 0 0 0 0 0 0 0 0 data 35 0x100004 0x0 0x0 0x24bcc8aa880 0x8f9 0x0 0x0 0x160004 0x0 0x0 0x24bcc8aa880 0x8f9 0x0 0x0 0x190002 0x8f9 0x1c0005 0x8f9 0x0 0x0 0x0 0x0 0x0 0x0 0x0 0x0 0x0 0x0 0x0 0x9 0x4 0x0 0x0 0x0 0x0 oops 2 3 org/springframework/util/ConcurrentReferenceHashMap$TaskOption 10 org/springframework/util/ConcurrentReferenceHashMap$TaskOption methods 0
ciMethodData org/springframework/util/ObjectUtils arrayEquals (Ljava/lang/Object;Ljava/lang/Object;)Z 1 414 orig 80 0 0 0 0 0 0 0 0 0 0 0 0 251 127 0 0 0 0 0 0 0 0 0 0 0 0 0 0 0 0 0 0 0 0 0 0 0 0 0 0 0 0 0 0 0 0 0 0 0 0 0 0 0 0 0 0 0 0 0 0 0 0 0 0 0 0 0 0 0 0 0 0 0 0 0 0 0 0 0 0 data 354 0x10004 0x0 0x0 0x24bcac2ca20 0x9 0x24bcb6e8fd0 0x180 0x40007 0x0 0xf8 0x19e 0x80004 0x0 0x0 0x24bcac2ca20 0x9 0x24bcb6e8fd0 0x180 0xd0004 0x0 0x0 0x24bcac2ca20 0x9 0x24bcb6e8fd0 0x181 0x100007 0x0 0x68 0x19e 0x140004 0x0 0x0 0x24bcac2ca20 0x9 0x24bcb6e8fd0 0x181 0x1a0002 0x19e 0x1f0004 0x0 0x0 0x0 0x0 0x0 0x0 0x220007 0x0 0xf8 0x0 0x260004 0x0 0x0 0x0 0x0 0x0 0x0 0x2b0004 0x0 0x0 0x0 0x0 0x0 0x0 0x2e0007 0x0 0x68 0x0 0x320004 0x0 0x0 0x0 0x0 0x0 0x0 0x380002 0x0 0x3d0004 0x0 0x0 0x0 0x0 0x0 0x0 0x400007 0x0 0xf8 0x0 0x440004 0x0 0x0 0x0 0x0 0x0 0x0 0x490004 0x0 0x0 0x0 0x0 0x0 0x0 0x4c0007 0x0 0x68 0x0 0x500004 0x0 0x0 0x0 0x0 0x0 0x0 0x560002 0x0 0x5b0004 0x0 0x0 0x0 0x0 0x0 0x0 0x5e0007 0x0 0xf8 0x0 0x620004 0x0 0x0 0x0 0x0 0x0 0x0 0x670004 0x0 0x0 0x0 0x0 0x0 0x0 0x6a0007 0x0 0x68 0x0 0x6e0004 0x0 0x0 0x0 0x0 0x0 0x0 0x740002 0x0 0x790004 0x0 0x0 0x0 0x0 0x0 0x0 0x7c0007 0x0 0xf8 0x0 0x800004 0x0 0x0 0x0 0x0 0x0 0x0 0x850004 0x0 0x0 0x0 0x0 0x0 0x0 0x880007 0x0 0x68 0x0 0x8c0004 0x0 0x0 0x0 0x0 0x0 0x0 0x920002 0x0 0x970004 0x0 0x0 0x0 0x0 0x0 0x0 0x9a0007 0x0 0xf8 0x0 0x9e0004 0x0 0x0 0x0 0x0 0x0 0x0 0xa30004 0x0 0x0 0x0 0x0 0x0 0x0 0xa60007 0x0 0x68 0x0 0xaa0004 0x0 0x0 0x0 0x0 0x0 0x0 0xb00002 0x0 0xb50004 0x0 0x0 0x0 0x0 0x0 0x0 0xb80007 0x0 0xf8 0x0 0xbc0004 0x0 0x0 0x0 0x0 0x0 0x0 0xc10004 0x0 0x0 0x0 0x0 0x0 0x0 0xc40007 0x0 0x68 0x0 0xc80004 0x0 0x0 0x0 0x0 0x0 0x0 0xce0002 0x0 0xd30004 0x0 0x0 0x0 0x0 0x0 0x0 0xd60007 0x0 0xf8 0x0 0xda0004 0x0 0x0 0x0 0x0 0x0 0x0 0xdf0004 0x0 0x0 0x0 0x0 0x0 0x0 0xe20007 0x0 0x68 0x0 0xe60004 0x0 0x0 0x0 0x0 0x0 0x0 0xec0002 0x0 0xf10004 0x0 0x0 0x0 0x0 0x0 0x0 0xf40007 0x0 0xf8 0x0 0xf80004 0x0 0x0 0x0 0x0 0x0 0x0 0xfd0004 0x0 0x0 0x0 0x0 0x0 0x0 0x1000007 0x0 0x68 0x0 0x1040004 0x0 0x0 0x0 0x0 0x0 0x0 0x10a0002 0x0 0x0 0x0 0x0 0x0 0x0 0x0 0x0 0x0 0x9 0x2 0x0 0x0 oops 8 3 [Lorg/springframework/core/ResolvableType; 5 [Ljava/lang/String; 14 [Lorg/springframework/core/ResolvableType; 16 [Ljava/lang/String; 21 [Lorg/springframework/core/ResolvableType; 23 [Ljava/lang/String; 32 [Lorg/springframework/core/ResolvableType; 34 [Ljava/lang/String; methods 0
ciMethodData org/springframework/util/Assert state (ZLjava/lang/String;)V 2 7524 orig 80 0 0 0 0 0 0 0 0 0 0 0 0 251 127 0 0 0 0 0 0 0 0 0 0 0 0 0 0 0 0 0 0 0 0 0 0 0 0 0 0 0 0 0 0 0 0 0 0 0 0 0 0 0 0 0 0 0 0 0 0 0 0 0 0 0 0 0 0 0 0 0 0 0 0 0 0 0 0 0 0 data 13 0x10007 0x1c56 0x30 0x0 0x90002 0x0 0x0 0x0 0x0 0x9 0x2 0x0 0x0 oops 0 methods 0
ciMethodData org/springframework/util/ConcurrentReferenceHashMap getReference (Ljava/lang/Object;Lorg/springframework/util/ConcurrentReferenceHashMap$Restructure;)Lorg/springframework/util/ConcurrentReferenceHashMap$Reference; 2 15391 orig 80 0 0 0 0 0 0 0 0 0 0 0 0 251 127 0 0 0 0 0 0 0 0 0 0 0 0 0 0 0 0 0 0 0 0 0 0 0 0 0 0 0 0 0 0 0 0 0 0 0 0 0 0 0 0 0 0 0 0 0 0 0 0 0 0 0 0 0 0 0 0 0 0 0 0 0 0 0 0 0 0 data 32 0x20005 0x0 0x0 0x24bcc309b70 0x3a9f 0x0 0x0 0x80005 0x3a9f 0x0 0x0 0x0 0x0 0x0 0xe0005 0x3a9f 0x0 0x0 0x0 0x0 0x0 0x0 0x0 0x0 0x0 0x0 0x0 0x9 0x3 0x0 0x0 0x0 oops 1 3 org/springframework/util/ConcurrentReferenceHashMap methods 0
ciMethodData org/springframework/util/ConcurrentReferenceHashMap$Segment getReference (Ljava/lang/Object;ILorg/springframework/util/ConcurrentReferenceHashMap$Restructure;)Lorg/springframework/util/ConcurrentReferenceHashMap$Reference; 2 15391 orig 80 0 0 0 0 0 0 0 0 0 0 0 0 251 127 0 0 0 0 0 0 0 0 0 0 0 0 0 0 0 0 0 0 0 0 0 0 0 0 0 0 0 0 0 0 0 0 0 0 0 0 0 0 0 0 0 0 0 0 0 0 0 0 0 0 0 0 0 0 0 0 0 0 0 0 0 0 0 0 0 0 data 48 0x40007 0x0 0x58 0x3a9f 0x90005 0x3a9f 0x0 0x0 0x0 0x0 0x0 0x100005 0x3a9f 0x0 0x0 0x0 0x0 0x0 0x130007 0x39d5 0x20 0xca 0x220005 0x39d5 0x0 0x0 0x0 0x0 0x0 0x330005 0x39d5 0x0 0x0 0x0 0x0 0x0 0x0 0x0 0x0 0x0 0x0 0x0 0x9 0x4 0xffffffffffffffff 0xffffffffffffffff 0x0 0x0 oops 0 methods 0
ciMethodData org/springframework/core/annotation/AttributeMethods size ()I 2 17759 orig 80 0 0 0 0 0 0 0 0 0 0 0 0 251 127 0 0 0 0 0 0 0 0 0 0 0 0 0 0 0 0 0 0 0 0 0 0 0 0 0 0 0 0 0 0 0 0 0 0 0 0 0 0 0 0 0 0 0 0 0 0 0 0 0 0 0 0 0 0 0 0 0 0 0 0 0 0 0 0 0 0 data 7 0x0 0x0 0x0 0x0 0x9 0x1 0x0 oops 0 methods 0
ciMethodData org/springframework/core/annotation/AttributeMethods get (I)Ljava/lang/reflect/Method; 2 22560 orig 80 0 0 0 0 0 0 0 0 0 0 0 0 251 127 0 0 0 0 0 0 0 0 0 0 0 0 0 0 0 0 0 0 0 0 0 0 0 0 0 0 0 0 0 0 0 0 0 0 0 0 0 0 0 0 0 0 0 0 0 0 0 0 0 0 0 0 0 0 0 0 0 0 0 0 0 0 0 0 0 0 data 8 0x0 0x0 0x0 0x0 0x9 0x2 0x0 0x0 oops 0 methods 0
ciMethodData org/springframework/util/ConcurrentReferenceHashMap$1 <init> (Lorg/springframework/util/ConcurrentReferenceHashMap;[Lorg/springframework/util/ConcurrentReferenceHashMap$TaskOption;ZLjava/lang/Object;)V 2 2405 orig 80 0 0 0 0 0 0 0 0 0 0 0 0 251 127 0 0 0 0 0 0 0 0 0 0 0 0 0 0 0 0 0 0 0 0 0 0 0 0 0 0 0 0 0 0 0 0 0 0 0 0 0 0 0 0 0 0 0 0 0 0 0 0 0 0 0 0 0 0 0 0 0 0 0 0 0 0 0 0 0 0 data 13 0x130002 0x865 0x0 0x0 0x0 0x0 0x9 0x5 0x0 0x0 0x0 0x0 0x0 oops 0 methods 0
ciMethodData org/springframework/util/ConcurrentReferenceHashMap$Task <init> (Lorg/springframework/util/ConcurrentReferenceHashMap;[Lorg/springframework/util/ConcurrentReferenceHashMap$TaskOption;)V 2 2405 orig 80 0 0 0 0 0 0 0 0 0 0 0 0 251 127 0 0 0 0 0 0 0 0 0 0 0 0 0 0 0 0 0 0 0 0 0 0 0 0 0 0 0 0 0 0 0 0 0 0 0 0 0 0 0 0 0 0 0 0 0 0 0 0 0 0 0 0 0 0 0 0 0 0 0 0 0 0 0 0 0 0 data 24 0x60002 0x865 0xc0007 0x865 0x48 0x0 0x110002 0x0 0x140003 0x0 0x28 0x1b0002 0x865 0x0 0x0 0x0 0x0 0x0 0x0 0x9 0x3 0x0 0x0 0x0 oops 0 methods 0
ciMethodData org/springframework/core/annotation/PackagesAnnotationFilter matches (Ljava/lang/String;)Z 2 14147 orig 80 0 0 0 0 0 0 0 0 0 0 0 0 251 127 0 0 0 0 0 0 0 0 0 0 0 0 0 0 0 0 0 0 0 0 0 0 0 0 0 0 0 0 0 0 0 0 0 0 0 0 0 0 0 0 0 0 0 0 0 0 0 0 0 0 0 0 0 0 0 0 0 0 0 0 0 0 0 0 0 0 data 28 0xe0007 0x1ac1 0x90 0x3700 0x1a0005 0x3700 0x0 0x0 0x0 0x0 0x0 0x1d0007 0x359f 0x20 0x161 0x250003 0x359f 0xffffffffffffff88 0x0 0x0 0x0 0x0 0x0 0x0 0x9 0x2 0x0 0x0 oops 0 methods 0
ciMethodData org/springframework/core/annotation/AnnotationFilter matches (Ljava/lang/Class;)Z 2 6555 orig 80 0 0 0 0 0 0 0 0 0 0 0 0 251 127 0 0 0 0 0 0 0 0 0 0 0 0 0 0 0 0 0 0 0 0 0 0 0 0 0 0 0 0 0 0 0 0 0 0 0 0 0 0 0 0 0 0 0 0 0 0 0 0 0 0 0 0 0 0 0 0 0 0 0 0 0 0 0 0 0 0 data 24 0x20005 0x188d 0x0 0x0 0x0 0x0 0x0 0x50005 0x0 0x0 0x24bcad59c60 0x188d 0x0 0x0 0x0 0x0 0x0 0x0 0x0 0x0 0x9 0x2 0x0 0x0 oops 1 10 org/springframework/core/annotation/PackagesAnnotationFilter methods 0
ciMethodData java/lang/reflect/Proxy isProxyClass (Ljava/lang/Class;)Z 2 7430 orig 80 0 0 0 0 0 0 0 0 0 0 0 0 251 127 0 0 0 0 0 0 0 0 0 0 0 0 0 0 0 0 0 0 0 0 0 0 0 0 0 0 0 0 0 0 0 0 0 0 0 0 0 0 0 0 0 0 0 0 0 0 0 0 0 0 0 0 0 0 0 0 0 0 0 0 0 0 0 0 0 0 data 29 0x30005 0x1c02 0x0 0x0 0x0 0x0 0x0 0x60007 0x2e 0x68 0x1bd4 0xa0002 0x1bd4 0xd0007 0x0 0x38 0x1bd4 0x110003 0x1bd4 0x18 0x0 0x0 0x0 0x0 0x0 0x0 0x9 0x1 0xffffffffffffffff oops 0 methods 0
ciMethodData java/lang/reflect/Proxy$ProxyBuilder isProxyClass (Ljava/lang/Class;)Z 2 7384 orig 80 0 0 0 0 0 0 0 0 0 0 0 0 251 127 0 0 0 0 0 0 0 0 0 0 0 0 0 0 0 0 0 0 0 0 0 0 0 0 0 0 0 0 0 0 0 0 0 0 0 0 0 0 0 0 0 0 0 0 0 0 0 0 0 0 0 0 0 0 0 0 0 0 0 0 0 0 0 0 0 0 data 32 0x40005 0x0 0x0 0x24bcc372370 0x1bd4 0x0 0x0 0x80005 0x1bd4 0x0 0x0 0x0 0x0 0x0 0xb0005 0x0 0x0 0x24bcc3726b0 0x1bd4 0x0 0x0 0x110002 0x1bd4 0x0 0x0 0x0 0x0 0x0 0x0 0x9 0x1 0x0 oops 2 3 jdk/internal/loader/ClassLoaderValue 17 jdk/internal/loader/AbstractClassLoaderValue$Sub methods 0
ciMethodData jdk/internal/loader/AbstractClassLoaderValue get (Ljava/lang/ClassLoader;)Ljava/lang/Object; 2 7443 orig 80 0 0 0 0 0 0 0 0 0 0 0 0 251 127 0 0 0 0 0 0 0 0 0 0 0 0 0 0 0 0 0 0 0 0 0 0 0 0 0 0 0 0 0 0 0 0 0 0 0 0 0 0 0 0 0 0 0 0 0 0 0 0 0 0 0 0 0 0 0 0 0 0 0 0 0 0 0 0 0 0 data 26 0x10002 0x1be2 0x50005 0x0 0x0 0x24bff9c9160 0x1be2 0x0 0x0 0xb0005 0x1be2 0x0 0x0 0x0 0x0 0x0 0x0 0x0 0x0 0x0 0x0 0x0 0x9 0x2 0x0 0x0 oops 1 5 java/util/concurrent/ConcurrentHashMap methods 0
ciMethodData java/util/concurrent/ConcurrentMap computeIfAbsent (Ljava/lang/Object;Ljava/util/function/Function;)Ljava/lang/Object; 2 12029 orig 80 2 0 0 0 0 0 0 0 0 0 0 0 251 127 0 0 0 0 0 0 0 0 0 0 0 0 0 0 0 0 0 0 0 0 0 0 0 0 0 1 0 0 0 0 0 0 0 0 0 0 0 0 0 0 0 0 0 0 0 0 0 0 0 0 0 0 0 0 0 0 0 0 0 0 0 0 0 0 0 0 data 49 0x10002 0x2d6d 0x70005 0x0 0x0 0x24bcc309b70 0x2d6d 0x0 0x0 0xe0007 0x2c89 0xe8 0xe4 0x130005 0x4d 0x0 0x24bcc8a6f60 0x5d 0x24bca005980 0x3a 0x80000006001b0007 0x4 0x90 0xe1 0x220005 0x0 0x0 0x24bcc309b70 0xe1 0x0 0x0 0x290007 0x0 0x38 0xe1 0x2e0003 0xe1 0x18 0x0 0x0 0x0 0x0 0x0 0x0 0x9 0x3 0xffffffffffffffff 0xffffffffffffffff 0x0 oops 4 5 org/springframework/util/ConcurrentReferenceHashMap 16 org/springframework/core/annotation/AnnotationTypeMappings$Cache$$Lambda$88+0x0000024b850966e8 18 org/springframework/core/annotation/AttributeMethods$$Lambda$85+0x0000024b85095328 27 org/springframework/util/ConcurrentReferenceHashMap methods 0
ciMethodData java/lang/Class getEnumConstantsShared ()[Ljava/lang/Object; 2 4509 orig 80 0 0 0 0 0 0 0 0 0 0 0 0 251 127 0 0 0 0 0 0 0 0 0 0 0 0 0 0 0 0 0 0 0 0 0 0 0 0 0 0 0 0 0 0 0 0 0 0 0 0 0 0 0 0 0 0 0 0 0 0 0 0 0 0 0 0 0 0 0 0 0 0 0 0 0 0 0 0 0 0 data 52 0x60007 0x100f 0x158 0xd 0xa0005 0xd 0x0 0x0 0x0 0x0 0x0 0xd0007 0xd 0x20 0x0 0x1a0005 0xd 0x0 0x0 0x0 0x0 0x0 0x240002 0xd 0x270002 0xd 0x310005 0xd 0x0 0x0 0x0 0x0 0x0 0x340004 0x0 0x0 0x24bc98cf680 0x1 0x24bca704f60 0x1 0x3f0003 0xd 0x18 0x0 0x0 0x0 0x0 0x0 0x0 0x9 0x1 0xffffffffffffffff oops 2 36 [Lorg/springframework/boot/autoconfigure/condition/ConditionalOnWebApplication$Type; 38 [Lorg/springframework/boot/autoconfigure/condition/SearchStrategy; methods 0
ciMethodData java/lang/Class isEnum ()Z 1 905 orig 80 0 0 0 0 0 0 0 0 0 0 0 0 251 127 0 0 0 0 0 0 0 0 0 0 0 0 0 0 0 0 0 0 0 0 0 0 0 0 0 0 0 0 0 0 0 0 0 0 0 0 0 0 0 0 0 0 0 0 0 0 0 0 0 0 0 0 0 0 0 0 0 0 0 0 0 0 0 0 0 0 data 34 0x10005 0x2eb 0x0 0x0 0x0 0x0 0x0 0x80007 0x58 0x90 0x293 0xc0005 0x293 0x0 0x0 0x0 0x0 0x0 0x120007 0x0 0x38 0x293 0x160003 0x293 0x18 0x0 0x0 0x0 0x0 0x0 0x0 0x9 0x1 0xffffffffffffffff oops 0 methods 0
ciMethodData java/lang/Class getMethod (Ljava/lang/String;[Ljava/lang/Class;)Ljava/lang/reflect/Method; 1 1041 orig 80 0 0 0 0 0 0 0 0 0 0 0 0 251 127 0 0 0 0 0 0 0 0 0 0 0 0 0 0 0 0 0 0 0 0 0 0 0 0 0 0 0 0 0 0 0 0 0 0 0 0 0 0 0 0 0 0 0 0 0 0 0 0 0 0 0 0 0 0 0 0 0 0 0 0 0 0 0 0 0 0 data 57 0x10002 0x364 0x50002 0x364 0xa0007 0x364 0x68 0x0 0x100002 0x0 0x140005 0x0 0x0 0x0 0x0 0x0 0x0 0x1a0005 0x364 0x0 0x0 0x0 0x0 0x0 0x210007 0x321 0x68 0x43 0x2b0005 0x43 0x0 0x0 0x0 0x0 0x0 0x2e0002 0x43 0x320002 0x321 0x370005 0x0 0x0 0x24bca708df0 0x321 0x0 0x0 0x0 0x0 0x0 0x0 0x0 0x0 0x9 0x3 0xffffffffffffffff 0xffffffffffffffff 0x0 oops 1 42 jdk/internal/reflect/ReflectionFactory methods 0
ciMethodData java/lang/Class$3 <init> (Ljava/lang/Class;Ljava/lang/reflect/Method;)V 1 30 orig 80 0 0 0 0 0 0 0 0 0 0 0 0 251 127 0 0 0 0 0 0 0 0 0 0 0 0 0 0 0 0 0 0 0 0 0 0 0 0 0 0 0 0 0 0 0 0 0 0 0 0 0 0 0 0 0 0 0 0 0 0 0 0 0 0 0 0 0 0 0 0 0 0 0 0 0 0 0 0 0 0 data 11 0xb0002 0xd 0x0 0x0 0x0 0x0 0x9 0x3 0x6 0x0 0x0 oops 0 methods 0
ciMethodData java/lang/Class$3 run ()Ljava/lang/Object; 1 30 orig 80 0 0 0 0 0 0 0 0 0 0 0 0 251 127 0 0 0 0 0 0 0 0 0 0 0 0 0 0 0 0 0 0 0 0 0 0 0 0 0 0 0 0 0 0 0 0 0 0 0 0 0 0 0 0 0 0 0 0 0 0 0 0 0 0 0 0 0 0 0 0 0 0 0 0 0 0 0 0 0 0 data 16 0x10005 0x0 0x0 0x24bc98ceaf0 0xd 0x0 0x0 0x0 0x0 0x0 0x0 0x0 0x0 0x9 0x1 0x0 oops 1 3 java/lang/Class$3 methods 0
ciMethodData java/lang/Class$3 run ()Ljava/lang/Void; 1 31 orig 80 0 0 0 0 0 0 0 0 0 0 0 0 251 127 0 0 0 0 0 0 0 0 0 0 0 0 0 0 0 0 0 0 0 0 0 0 0 0 0 0 0 0 0 0 0 0 0 0 0 0 0 0 0 0 0 0 0 0 0 0 0 0 0 0 0 0 0 0 0 0 0 0 0 0 0 0 0 0 0 0 data 16 0x50005 0xe 0x0 0x0 0x0 0x0 0x0 0x0 0x0 0x0 0x0 0x0 0x0 0x9 0x1 0x0 oops 0 methods 0
ciMethodData java/lang/reflect/Method invoke (Ljava/lang/Object;[Ljava/lang/Object;)Ljava/lang/Object; 1 147 orig 80 0 0 0 0 0 0 0 0 0 0 0 0 251 127 0 0 0 0 0 0 0 0 0 0 0 0 0 0 0 0 0 0 0 0 0 0 0 0 0 0 0 0 0 0 0 0 0 0 0 0 0 0 0 0 0 0 0 0 0 0 0 0 0 0 0 0 0 0 0 0 0 0 0 0 0 0 0 0 0 0 data 58 0x40007 0x34 0xe8 0x49 0x70002 0x49 0x150002 0x49 0x180007 0x41 0x38 0x8 0x1c0003 0x8 0x50 0x200005 0x41 0x0 0x0 0x0 0x0 0x0 0x270005 0x49 0x0 0x0 0x0 0x0 0x0 0x300007 0x34 0x58 0x49 0x340005 0x49 0x0 0x0 0x0 0x0 0x0 0x3b0005 0x0 0x0 0x24bcade7e50 0x7d 0x0 0x0 0x0 0x0 0x0 0x0 0x0 0x0 0x9 0x3 0xffffffffffffffff 0xffffffffffffffff 0xffffffffffffffff oops 1 43 jdk/internal/reflect/DelegatingMethodAccessorImpl methods 0
ciMethodData java/lang/reflect/Method acquireMethodAccessor ()Ljdk/internal/reflect/MethodAccessor; 1 96 orig 80 0 0 0 0 0 0 0 0 0 0 0 0 251 127 0 0 0 0 0 0 0 0 0 0 0 0 0 0 0 0 0 0 0 0 0 0 0 0 0 0 0 0 0 0 0 0 0 0 0 0 0 0 0 0 0 0 0 0 0 0 0 0 0 0 0 0 0 0 0 0 0 0 0 0 0 0 0 0 0 0 data 41 0x60007 0x0 0x58 0x4c 0xd0005 0x4c 0x0 0x0 0x0 0x0 0x0 0x120007 0x4c 0x38 0x0 0x1a0003 0x0 0x88 0x210005 0x0 0x0 0x24bca708df0 0x4c 0x0 0x0 0x270005 0x4c 0x0 0x0 0x0 0x0 0x0 0x0 0x0 0x0 0x0 0x0 0x0 0x9 0x1 0xffffffffffffffff oops 1 21 jdk/internal/reflect/ReflectionFactory methods 0
ciMethodData java/lang/System$2 getEnumConstantsShared (Ljava/lang/Class;)[Ljava/lang/Enum; 2 4492 orig 80 0 0 0 0 0 0 0 0 0 0 0 0 251 127 0 0 0 0 0 0 0 0 0 0 0 0 0 0 0 0 0 0 0 0 0 0 0 0 0 0 0 0 0 0 0 0 0 0 0 0 0 0 0 0 0 0 0 0 0 0 0 0 0 0 0 0 0 0 0 0 0 0 0 0 0 0 0 0 0 0 data 24 0x10005 0x100b 0x0 0x0 0x0 0x0 0x0 0x40004 0x0 0x0 0x24bcc8aa930 0x817 0x24bc98ccea0 0x746 0x0 0x0 0x0 0x0 0x0 0x0 0x9 0x2 0x0 0x0 oops 2 10 [Lorg/springframework/util/ConcurrentReferenceHashMap$TaskOption; 12 [Lorg/springframework/core/annotation/MergedAnnotation$Adapt; methods 0
ciMethodData org/springframework/core/annotation/AnnotationsScanner getDeclaredAnnotations (Ljava/lang/reflect/AnnotatedElement;Z)[Ljava/lang/annotation/Annotation; 2 16029 orig 80 1 0 0 0 0 0 0 0 0 0 0 0 251 127 0 0 0 0 0 0 0 0 0 0 0 0 0 0 0 0 0 0 0 0 0 0 0 0 0 0 0 0 0 0 0 0 0 0 0 0 0 0 0 0 0 0 0 0 0 0 0 0 0 0 0 0 0 0 0 0 0 0 0 0 0 0 0 0 0 0 data 154 0x60005 0x0 0x0 0x24bcc309b70 0x3cdd 0x0 0x0 0xb0104 0x0 0x0 0x24bcc309570 0x10f0 0x0 0x0 0x100007 0x2bed 0x38 0x10f0 0x150003 0x10f0 0x320 0x190005 0x1c8 0x0 0x24bff9c7800 0xc93 0x24bff9c6020 0x1d92 0x210007 0x2963 0x2d0 0x28a 0x2e0007 0x28a 0x190 0x4ce 0x390005 0x484 0x0 0x24bcc309c20 0xf 0x24bcc309cd0 0x3b 0x3e0002 0x4ce 0x410007 0x151 0xc0 0x37d 0x460005 0x356 0x0 0x24bcc309c20 0xf 0x24bcc309d80 0x18 0x4b0002 0x37d 0x500005 0x37d 0x0 0x0 0x0 0x0 0x0 0x530007 0x37d 0x70 0x0 0x5a0104 0x0 0x0 0x0 0x0 0x0 0x0 0x5b0003 0x151 0x18 0x640003 0x4ce 0xfffffffffffffe88 0x690007 0x1e4 0x38 0xa6 0x6f0003 0xa6 0x18 0x750004 0xfffffffffffffe89 0x0 0x24bff9c6020 0x113 0x0 0x0 0x780007 0x113 0x78 0x177 0x7c0004 0xffffffffffffffcd 0x0 0x24bff9c7800 0x114 0x24bff9c76e0 0x30 0x7f0007 0x33 0x58 0x144 0x870005 0x0 0x0 0x24bcc309b70 0x257 0x0 0x0 0x900007 0x371c 0x60 0x5c1 0x950007 0x5a8 0x40 0x19 0x990007 0x19 0x20 0x0 0x9f0005 0x0 0x0 0x24bcc309570 0x19 0x0 0x0 0xa20004 0x0 0x0 0x24bcc309570 0x19 0x0 0x0 0x0 0x0 0x0 0x0 0x0 0x0 0x9 0x2 0x0 0x0 oops 14 3 org/springframework/util/ConcurrentReferenceHashMap 10 [Ljava/lang/annotation/Annotation; 24 java/lang/reflect/Method 26 java/lang/Class 39 jdk/proxy2/$Proxy2 41 jdk/proxy1/$Proxy3 52 jdk/proxy2/$Proxy2 54 jdk/proxy2/$Proxy21 92 java/lang/Class 103 java/lang/reflect/Method 105 java/lang/reflect/Field 114 org/springframework/util/ConcurrentReferenceHashMap 133 [Ljava/lang/annotation/Annotation; 140 [Ljava/lang/annotation/Annotation; methods 0
ciMethodData org/springframework/core/annotation/AnnotationsScanner isIgnorable (Ljava/lang/Class;)Z 2 1322 orig 80 0 0 0 0 0 0 0 0 0 0 0 0 251 127 0 0 0 0 0 0 0 0 0 0 0 0 0 0 0 0 0 0 0 0 0 0 0 0 0 0 0 0 0 0 0 0 0 0 0 0 0 0 0 0 0 0 0 0 0 0 0 0 0 0 0 0 0 0 0 0 0 0 0 0 0 0 0 0 0 0 data 16 0x40005 0x0 0x0 0x24bcad59c60 0x4ce 0x0 0x0 0x0 0x0 0x0 0x0 0x0 0x0 0x9 0x1 0x0 oops 1 3 org/springframework/core/annotation/PackagesAnnotationFilter methods 0
ciMethodData org/springframework/core/annotation/AttributeMethods forAnnotationType (Ljava/lang/Class;)Lorg/springframework/core/annotation/AttributeMethods; 2 1606 orig 80 0 0 0 0 0 0 0 0 0 0 0 0 251 127 0 0 0 0 0 0 0 0 0 0 0 0 0 0 0 0 0 0 0 0 0 0 0 0 0 0 0 0 0 0 0 0 0 0 0 0 0 0 0 0 0 0 0 0 0 0 0 0 0 0 0 0 0 0 0 0 0 0 0 0 0 0 0 0 0 0 data 31 0x10007 0x57e 0x20 0x0 0xc000a 0x57e 0x1 0x24bca005980 0x110005 0x0 0x0 0x24bcc309b70 0x57e 0x0 0x0 0x160004 0x0 0x0 0x24bcc30ed00 0x57e 0x0 0x0 0x0 0x0 0x0 0x0 0x0 0x0 0x9 0x1 0x0 oops 3 7 org/springframework/core/annotation/AttributeMethods$$Lambda$85+0x0000024b85095328 11 org/springframework/util/ConcurrentReferenceHashMap 18 org/springframework/core/annotation/AttributeMethods methods 0
ciMethodData org/springframework/core/annotation/AttributeMethods canLoad (Ljava/lang/annotation/Annotation;)Z 2 3542 orig 80 0 0 0 0 0 0 0 0 0 0 0 0 251 127 0 0 0 0 0 0 0 0 0 0 0 0 0 0 0 0 0 0 0 0 0 0 0 0 0 0 0 0 0 0 0 0 0 0 0 0 0 0 0 0 0 0 0 0 0 0 0 0 0 0 0 0 0 0 0 0 0 0 0 0 0 0 0 0 0 0 data 57 0x20005 0x37d 0x0 0x0 0x0 0x0 0x0 0x90005 0x1103 0x0 0x0 0x0 0x0 0x0 0xc0007 0x37d 0x108 0xd86 0x110005 0xd86 0x0 0x0 0x0 0x0 0x0 0x140007 0x9b5 0x98 0x3d1 0x190005 0x3d1 0x0 0x0 0x0 0x0 0x0 0x1d0002 0x3d1 0x210003 0x3d1 0x30 0x250003 0x0 0x18 0x2e0003 0xd86 0xfffffffffffffed8 0x0 0x0 0x0 0x0 0x0 0x0 0x9 0x2 0x0 0x0 oops 0 methods 0
ciMethodData java/util/EnumSet getUniverse (Ljava/lang/Class;)[Ljava/lang/Enum; 2 4478 orig 80 0 0 0 0 0 0 0 0 0 0 0 0 251 127 0 0 0 0 0 0 0 0 0 0 0 0 0 0 0 0 0 0 0 0 0 0 0 0 0 0 0 0 0 0 0 0 0 0 0 0 0 0 0 0 0 0 0 0 0 0 0 0 0 0 0 0 0 0 0 0 0 0 0 0 0 0 0 0 0 0 data 18 0x2 0xffc 0x40005 0x0 0x0 0x24bc98cb200 0xffc 0x0 0x0 0x0 0x0 0x0 0x0 0x0 0x0 0x9 0x1 0xffffffffffffffff oops 1 5 java/lang/System$2 methods 0
ciMethodData java/util/RegularEnumSet <init> (Ljava/lang/Class;[Ljava/lang/Enum;)V 2 4479 orig 80 0 0 0 0 0 0 0 0 0 0 0 0 251 127 0 0 0 0 0 0 0 0 0 0 0 0 0 0 0 0 0 0 0 0 0 0 0 0 0 0 0 0 0 0 0 0 0 0 0 0 0 0 0 0 0 0 0 0 0 0 0 0 0 0 0 0 0 0 0 0 0 0 0 0 0 0 0 0 0 0 data 11 0x30002 0xffc 0x0 0x0 0x0 0x0 0x9 0x3 0x1e 0x0 0x0 oops 0 methods 0
ciMethodData java/util/EnumSet <init> (Ljava/lang/Class;[Ljava/lang/Enum;)V 2 4479 orig 80 0 0 0 0 0 0 0 0 0 0 0 0 251 127 0 0 0 0 0 0 0 0 0 0 0 0 0 0 0 0 0 0 0 0 0 0 0 0 0 0 0 0 0 0 0 0 0 0 0 0 0 0 0 0 0 0 0 0 0 0 0 0 0 0 0 0 0 0 0 0 0 0 0 0 0 0 0 0 0 0 data 11 0x10002 0xffc 0x0 0x0 0x0 0x0 0x9 0x3 0x6 0x0 0x0 oops 0 methods 0
ciMethodData java/lang/Class privateGetDeclaredMethods (Z)[Ljava/lang/reflect/Method; 2 4027 orig 80 0 0 0 0 0 0 0 0 0 0 0 0 251 127 0 0 0 0 0 0 0 0 0 0 0 0 0 0 0 0 0 0 0 0 0 0 0 0 0 0 0 0 0 0 0 0 0 0 0 0 0 0 0 0 0 0 0 0 0 0 0 0 0 0 0 0 0 0 0 0 0 0 0 0 0 0 0 0 0 0 data 52 0x10005 0xe34 0x0 0x0 0x0 0x0 0x0 0x60007 0x0 0x78 0xe34 0xa0007 0x15f 0x38 0xcd5 0x110003 0xcd5 0x18 0x1a0007 0x1fb 0x20 0xc39 0x220005 0x1fb 0x0 0x0 0x0 0x0 0x0 0x250002 0x1fb 0x2a0007 0x0 0x58 0x1fb 0x2e0007 0x120 0x38 0xdb 0x360003 0xdb 0x18 0x0 0x0 0x0 0x0 0x0 0x0 0x9 0x2 0xffffffffffffffff 0x0 oops 0 methods 0
ciMethodData java/lang/reflect/Proxy getInvocationHandler (Ljava/lang/Object;)Ljava/lang/reflect/InvocationHandler; 2 3692 orig 80 0 0 0 0 0 0 0 0 0 0 0 0 251 127 0 0 0 0 0 0 0 0 0 0 0 0 0 0 0 0 0 0 0 0 0 0 0 0 0 0 0 0 0 0 0 0 0 0 0 0 0 0 0 0 0 0 0 0 0 0 0 0 0 0 0 0 0 0 0 0 0 0 0 0 0 0 0 0 0 0 data 68 0x10005 0xd6b 0x0 0x0 0x0 0x0 0x0 0x40002 0xd6b 0x70007 0xd6b 0x30 0x0 0x100002 0x0 0x150004 0x0 0x0 0x24bc98ba3f0 0x21f 0x24bc98ba4a0 0xc1 0x1e0002 0xd6b 0x210007 0xd6b 0x118 0x0 0x250005 0x0 0x0 0x0 0x0 0x0 0x0 0x290002 0x0 0x300005 0x0 0x0 0x0 0x0 0x0 0x0 0x340005 0x0 0x0 0x0 0x0 0x0 0x0 0x370002 0x0 0x3a0007 0x0 0x30 0x0 0x3e0002 0x0 0x0 0x0 0x0 0x0 0x0 0x0 0x9 0x1 0x0 oops 2 18 jdk/proxy2/$Proxy24 20 jdk/proxy2/$Proxy12 methods 0
ciMethodData java/lang/Class getDeclaredMethods ()[Ljava/lang/reflect/Method; 1 423 orig 80 0 0 0 0 0 0 0 0 0 0 0 0 251 127 0 0 0 0 0 0 0 0 0 0 0 0 0 0 0 0 0 0 0 0 0 0 0 0 0 0 0 0 0 0 0 0 0 0 0 0 0 0 0 0 0 0 0 0 0 0 0 0 0 0 0 0 0 0 0 0 0 0 0 0 0 0 0 0 0 0 data 33 0x2 0xe3 0x50007 0xe3 0x68 0x0 0xb0002 0x0 0xf0005 0x0 0x0 0x0 0x0 0x0 0x0 0x140005 0xe3 0x0 0x0 0x0 0x0 0x0 0x170002 0xe3 0x0 0x0 0x0 0x0 0x0 0x0 0x9 0x1 0xffffffffffffffff oops 0 methods 0
ciMethodData org/springframework/util/ConcurrentReferenceHashMap doTask (Ljava/lang/Object;Lorg/springframework/util/ConcurrentReferenceHashMap$Task;)Ljava/lang/Object; 2 2406 orig 80 0 0 0 0 0 0 0 0 0 0 0 0 251 127 0 0 0 0 0 0 0 0 0 0 0 0 0 0 0 0 0 0 0 0 0 0 0 0 0 0 0 0 0 0 0 0 0 0 0 0 0 0 0 0 0 0 0 0 0 0 0 0 0 0 0 0 0 0 0 0 0 0 0 0 0 0 0 0 0 0 data 32 0x20005 0x0 0x0 0x24bcc309b70 0x7fa 0x0 0x0 0x80005 0x7fa 0x0 0x0 0x0 0x0 0x0 0xe0005 0x7fa 0x0 0x0 0x0 0x0 0x0 0x0 0x0 0x0 0x0 0x0 0x0 0x9 0x3 0x0 0x0 0x0 oops 1 3 org/springframework/util/ConcurrentReferenceHashMap methods 0
ciMethodData org/springframework/util/ConcurrentReferenceHashMap$ReferenceManager createReference (Lorg/springframework/util/ConcurrentReferenceHashMap$Entry;ILorg/springframework/util/ConcurrentReferenceHashMap$Reference;)Lorg/springframework/util/ConcurrentReferenceHashMap$Reference; 2 4824 orig 80 0 0 0 0 0 0 0 0 0 0 0 0 251 127 0 0 0 0 0 0 0 0 0 0 0 0 0 0 0 0 0 0 0 0 0 0 0 0 0 0 0 0 0 0 0 0 0 0 0 0 0 0 0 0 0 0 0 0 0 0 0 0 0 0 0 0 0 0 0 0 0 0 0 0 0 0 0 0 0 0 data 20 0xa0007 0x10d9 0x30 0x0 0x180002 0x0 0x270002 0x10d9 0x0 0x0 0x0 0x0 0x0 0x0 0x9 0x4 0x0 0x0 0x0 0x0 oops 0 methods 0
ciMethodData org/springframework/util/ConcurrentReferenceHashMap$SoftEntryReference <init> (Lorg/springframework/util/ConcurrentReferenceHashMap$Entry;ILorg/springframework/util/ConcurrentReferenceHashMap$Reference;Ljava/lang/ref/ReferenceQueue;)V 2 4824 orig 80 0 0 0 0 0 0 0 0 0 0 0 0 251 127 0 0 0 0 0 0 0 0 0 0 0 0 0 0 0 0 0 0 0 0 0 0 0 0 0 0 0 0 0 0 0 0 0 0 0 0 0 0 0 0 0 0 0 0 0 0 0 0 0 0 0 0 0 0 0 0 0 0 0 0 0 0 0 0 0 0 data 13 0x40002 0x10d9 0x0 0x0 0x0 0x0 0x9 0x5 0x3e 0x0 0x0 0x0 0x0 oops 0 methods 0
ciMethodData org/springframework/core/annotation/AttributeMethods canThrowTypeNotPresentException (I)Z 2 3740 orig 80 0 0 0 0 0 0 0 0 0 0 0 0 251 127 0 0 0 0 0 0 0 0 0 0 0 0 0 0 0 0 0 0 0 0 0 0 0 0 0 0 0 0 0 0 0 0 0 0 0 0 0 0 0 0 0 0 0 0 0 0 0 0 0 0 0 0 0 0 0 0 0 0 0 0 0 0 0 0 0 0 data 8 0x0 0x0 0x0 0x0 0x9 0x2 0x0 0x0 oops 0 methods 0
ciMethodData org/springframework/util/ConcurrentReferenceHashMap$Segment doTask (ILjava/lang/Object;Lorg/springframework/util/ConcurrentReferenceHashMap$Task;)Ljava/lang/Object; 2 2417 orig 80 0 0 0 0 0 0 0 0 0 0 0 0 251 127 0 0 0 0 0 0 0 0 0 0 0 0 0 0 0 0 0 0 0 0 0 0 0 0 0 0 0 0 0 0 0 0 0 0 0 0 0 0 0 0 0 0 0 0 0 0 0 0 0 0 0 0 0 0 0 0 0 0 0 0 0 0 0 0 0 0 data 167 0x40005 0x0 0x0 0x24bcc8aa7b0 0x785 0x0 0x0 0xd0005 0x0 0x0 0x24bcc8aa7b0 0x785 0x0 0x0 0x100007 0x0 0x58 0x785 0x160005 0x785 0x0 0x0 0x0 0x0 0x0 0x1d0005 0x0 0x0 0x24bcc8aa7b0 0x785 0x0 0x0 0x200007 0x785 0xb0 0x0 0x270005 0x0 0x0 0x0 0x0 0x0 0x0 0x2a0007 0x0 0x58 0x0 0x310005 0x0 0x0 0x0 0x0 0x0 0x0 0x360005 0x0 0x0 0x24bc999ac70 0x785 0x0 0x0 0x3f0005 0x785 0x0 0x0 0x0 0x0 0x0 0x520005 0x785 0x0 0x0 0x0 0x0 0x0 0x590007 0x785 0x70 0x0 0x5e0005 0x0 0x0 0x0 0x0 0x0 0x0 0x630003 0x0 0x18 0x70000a 0x785 0x5 0x0 0x24bc999ac70 0x1 0x2 0x24bcc8865e0 0x7e0005 0x0 0x0 0x24bcc8aa7b0 0x785 0x0 0x0 0x840005 0x0 0x0 0x24bc999ac70 0x785 0x0 0x0 0x8b0005 0x0 0x0 0x24bcc8aa7b0 0x785 0x0 0x0 0x8e0007 0x785 0x58 0x0 0x940005 0x0 0x0 0x0 0x0 0x0 0x0 0x9d0005 0x0 0x0 0x0 0x0 0x0 0x0 0xa40005 0x0 0x0 0x0 0x0 0x0 0x0 0xa70007 0x0 0x58 0x0 0xad0005 0x0 0x0 0x0 0x0 0x0 0x0 0x0 0x0 0x0 0x0 0x0 0x0 0x0 0x9 0x4 0x0 0x0 0x0 0x0 oops 9 3 org/springframework/util/ConcurrentReferenceHashMap$1 10 org/springframework/util/ConcurrentReferenceHashMap$1 28 org/springframework/util/ConcurrentReferenceHashMap$1 57 org/springframework/util/ConcurrentReferenceHashMap$Segment 93 org/springframework/util/ConcurrentReferenceHashMap$Segment 96 org/springframework/util/ConcurrentReferenceHashMap$Segment$$Lambda$9+0x0000024b85023a50 100 org/springframework/util/ConcurrentReferenceHashMap$1 107 org/springframework/util/ConcurrentReferenceHashMap$Segment 114 org/springframework/util/ConcurrentReferenceHashMap$1 methods 0
ciMethodData org/springframework/util/ConcurrentReferenceHashMap$Segment$$Lambda$9+0x0000024b85023a50 <init> (Lorg/springframework/util/ConcurrentReferenceHashMap$Segment;Ljava/lang/Object;ILorg/springframework/util/ConcurrentReferenceHashMap$Reference;I)V 2 2424 orig 80 0 0 0 0 0 0 0 0 0 0 0 0 251 127 0 0 0 0 0 0 0 0 0 0 0 0 0 0 0 0 0 0 0 0 0 0 0 0 0 0 0 0 0 0 0 0 0 0 0 0 0 0 0 0 0 0 0 0 0 0 0 0 0 0 0 0 0 0 0 0 0 0 0 0 0 0 0 0 0 0 data 14 0x10002 0x779 0x0 0x0 0x0 0x0 0x9 0x6 0x1e 0x0 0x0 0x0 0x0 0x0 oops 0 methods 0
ciMethodData org/springframework/core/annotation/AnnotationUtils invokeAnnotationMethod (Ljava/lang/reflect/Method;Ljava/lang/Object;)Ljava/lang/Object; 2 3678 orig 80 0 0 0 0 0 0 0 0 0 0 0 0 251 127 0 0 0 0 0 0 0 0 0 0 0 0 0 0 0 0 0 0 0 0 0 0 0 0 0 0 0 0 0 0 0 0 0 0 0 0 0 0 0 0 0 0 0 0 0 0 0 0 0 0 0 0 0 0 0 0 0 0 0 0 0 0 0 0 0 0 data 38 0x10007 0xd5d 0x20 0x0 0x70005 0xd5d 0x0 0x0 0x0 0x0 0x0 0xa0002 0xd5d 0xd0007 0x0 0x68 0xd5d 0x110002 0xd5d 0x190005 0x0 0x0 0x24bc989b460 0xd5d 0x0 0x0 0x220002 0x0 0x0 0x0 0x0 0x0 0x0 0x0 0x9 0x2 0xffffffffffffffff 0xffffffffffffffff oops 1 22 sun/reflect/annotation/AnnotationInvocationHandler methods 0
ciMethodData org/springframework/util/ReflectionUtils invokeMethod (Ljava/lang/reflect/Method;Ljava/lang/Object;)Ljava/lang/Object; 1 48 orig 80 0 0 0 0 0 0 0 0 0 0 0 0 251 127 0 0 0 0 0 0 0 0 0 0 0 0 0 0 0 0 0 0 0 0 0 0 0 0 0 0 0 0 0 0 0 0 0 0 0 0 0 0 0 0 0 0 0 0 0 0 0 0 0 0 0 0 0 0 0 0 0 0 0 0 0 0 0 0 0 0 data 12 0x50002 0x2d 0x0 0x0 0x0 0x0 0x0 0x0 0x9 0x2 0xffffffffffffffff 0xffffffffffffffff oops 0 methods 0
ciMethodData org/springframework/util/ConcurrentReferenceHashMap$1 execute (Lorg/springframework/util/ConcurrentReferenceHashMap$Reference;Lorg/springframework/util/ConcurrentReferenceHashMap$Entry;Lorg/springframework/util/ConcurrentReferenceHashMap$Entries;)Ljava/lang/Object; 2 2428 orig 80 0 0 0 0 0 0 0 0 0 0 0 0 251 127 0 0 0 0 0 0 0 0 0 0 0 0 0 0 0 0 0 0 0 0 0 0 0 0 0 0 0 0 0 0 0 0 0 0 0 0 0 0 0 0 0 0 0 0 0 0 0 0 0 0 0 0 0 0 0 0 0 0 0 0 0 0 0 0 0 0 data 50 0x10007 0x77d 0xb0 0x0 0x50005 0x0 0x0 0x0 0x0 0x0 0x0 0xe0007 0x0 0x58 0x0 0x160005 0x0 0x0 0x0 0x0 0x0 0x0 0x1e0007 0x0 0x38 0x77d 0x220003 0x77d 0x18 0x280002 0x77d 0x300005 0x0 0x0 0x24bcc8865e0 0x77d 0x0 0x0 0x0 0x0 0x0 0x0 0x0 0x0 0x9 0x4 0x0 0x0 0x4 0xffffffffffffffff oops 1 34 org/springframework/util/ConcurrentReferenceHashMap$Segment$$Lambda$9+0x0000024b85023a50 methods 0
ciMethodData org/springframework/util/ConcurrentReferenceHashMap$Segment$$Lambda$9+0x0000024b85023a50 add (Ljava/lang/Object;)V 2 2429 orig 80 0 0 0 0 0 0 0 0 0 0 0 0 251 127 0 0 0 0 0 0 0 0 0 0 0 0 0 0 0 0 0 0 0 0 0 0 0 0 0 0 0 0 0 0 0 0 0 0 0 0 0 0 0 0 0 0 0 0 0 0 0 0 0 0 0 0 0 0 0 0 0 0 0 0 0 0 0 0 0 0 data 17 0x150005 0x77e 0x0 0x0 0x0 0x0 0x0 0x0 0x0 0x0 0x0 0x0 0x0 0x9 0x2 0x0 0x0 oops 0 methods 0
ciMethodData org/springframework/util/ConcurrentReferenceHashMap$Segment lambda$doTask$0 (Ljava/lang/Object;ILorg/springframework/util/ConcurrentReferenceHashMap$Reference;ILjava/lang/Object;)V 2 2429 orig 80 0 0 0 0 0 0 0 0 0 0 0 0 251 127 0 0 0 0 0 0 0 0 0 0 0 0 0 0 0 0 0 0 0 0 0 0 0 0 0 0 0 0 0 0 0 0 0 0 0 0 0 0 0 0 0 0 0 0 0 0 0 0 0 0 0 0 0 0 0 0 0 0 0 0 0 0 0 0 0 0 data 37 0x70002 0x77e 0x140005 0x0 0x0 0x24bcac47820 0x77e 0x0 0x0 0x210004 0x0 0x0 0x24bcc6fb3d0 0x77e 0x0 0x0 0x260005 0x77e 0x0 0x0 0x0 0x0 0x0 0x0 0x0 0x0 0x0 0x0 0x0 0x9 0x6 0x0 0x0 0x0 0x0 0x0 0x0 oops 2 5 org/springframework/util/ConcurrentReferenceHashMap$ReferenceManager 12 org/springframework/util/ConcurrentReferenceHashMap$SoftEntryReference methods 0
ciMethodData org/springframework/util/ConcurrentReferenceHashMap$Entry <init> (Ljava/lang/Object;Ljava/lang/Object;)V 2 2429 orig 80 0 0 0 0 0 0 0 0 0 0 0 0 251 127 0 0 0 0 0 0 0 0 0 0 0 0 0 0 0 0 0 0 0 0 0 0 0 0 0 0 0 0 0 0 0 0 0 0 0 0 0 0 0 0 0 0 0 0 0 0 0 0 0 0 0 0 0 0 0 0 0 0 0 0 0 0 0 0 0 0 data 11 0x10002 0x77e 0x0 0x0 0x0 0x0 0x9 0x3 0x6 0x0 0x0 oops 0 methods 0
ciMethodData org/springframework/util/Assert isInstanceOf (Ljava/lang/Class;Ljava/lang/Object;Ljava/lang/String;)V 1 1120 orig 80 0 0 0 0 0 0 0 0 0 0 0 0 251 127 0 0 0 0 0 0 0 0 0 0 0 0 0 0 0 0 0 0 0 0 0 0 0 0 0 0 0 0 0 0 0 0 0 0 0 0 0 0 0 0 0 0 0 0 0 0 0 0 0 0 0 0 0 0 0 0 0 0 0 0 0 0 0 0 0 0 data 26 0x30002 0x35f 0x80005 0x35f 0x0 0x0 0x0 0x0 0x0 0xb0007 0x35f 0x30 0x0 0x110002 0x0 0x0 0x0 0x0 0x0 0x0 0x0 0x9 0x3 0x0 0x0 0x0 oops 0 methods 0
ciMethodData org/springframework/util/Assert instanceCheckFailed (Ljava/lang/Class;Ljava/lang/Object;Ljava/lang/String;)V 1 0 orig 80 0 0 0 0 0 0 0 0 0 0 0 0 251 127 0 0 0 0 0 0 0 0 0 0 0 0 0 0 0 0 0 0 0 0 0 0 0 0 0 0 0 0 0 0 0 0 0 0 0 0 0 0 0 0 0 0 0 0 0 0 0 0 0 0 0 0 0 0 0 0 0 0 0 0 0 0 0 0 0 0 data 69 0x10007 0x0 0xa8 0x0 0x50005 0x0 0x0 0x0 0x0 0x0 0x0 0x80005 0x0 0x0 0x0 0x0 0x0 0x0 0xb0003 0x0 0x18 0x190002 0x0 0x1c0007 0x0 0xa8 0x0 0x200002 0x0 0x230007 0x0 0x68 0x0 0x27000a 0x0 0x3 0x0 0x0 0x0 0x2e0003 0x0 0x28 0x330002 0x0 0x3d0007 0x0 0x60 0x0 0x44000a 0x0 0x5 0x0 0x0 0x1 0x0 0x0 0x510002 0x0 0x0 0x0 0x0 0x0 0x0 0x0 0x9 0x3 0x0 0x0 0x0 oops 0 methods 0
ciMethodData org/springframework/core/annotation/AttributeMethods assertAnnotation (Ljava/lang/annotation/Annotation;)V 1 1128 orig 80 0 0 0 0 0 0 0 0 0 0 0 0 251 127 0 0 0 0 0 0 0 0 0 0 0 0 0 0 0 0 0 0 0 0 0 0 0 0 0 0 0 0 0 0 0 0 0 0 0 0 0 0 0 0 0 0 0 0 0 0 0 0 0 0 0 0 0 0 0 0 0 0 0 0 0 0 0 0 0 0 data 18 0x30002 0x368 0xa0007 0x1d 0x30 0x34b 0x120002 0x34b 0x0 0x0 0x0 0x0 0x0 0x0 0x9 0x2 0x0 0x0 oops 0 methods 0
ciMethodData org/springframework/util/Assert isInstanceOf (Ljava/lang/Class;Ljava/lang/Object;)V 1 1097 orig 80 0 0 0 0 0 0 0 0 0 0 0 0 251 127 0 0 0 0 0 0 0 0 0 0 0 0 0 0 0 0 0 0 0 0 0 0 0 0 0 0 0 0 0 0 0 0 0 0 0 0 0 0 0 0 0 0 0 0 0 0 0 0 0 0 0 0 0 0 0 0 0 0 0 0 0 0 0 0 0 0 data 12 0x40002 0x34c 0x0 0x0 0x0 0x0 0x0 0x0 0x9 0x2 0x0 0x0 oops 0 methods 0
ciMethodData org/springframework/util/ConcurrentReferenceHashMap putIfAbsent (Ljava/lang/Object;Ljava/lang/Object;)Ljava/lang/Object; 1 290 orig 80 0 0 0 0 0 0 0 0 0 0 0 0 251 127 0 0 0 0 0 0 0 0 0 0 0 0 0 0 0 0 0 0 0 0 0 0 0 0 0 0 0 0 0 0 0 0 0 0 0 0 0 0 0 0 0 0 0 0 0 0 0 0 0 0 0 0 0 0 0 0 0 0 0 0 0 0 0 0 0 0 data 18 0x40005 0x22 0x0 0x0 0x0 0x0 0x0 0x0 0x0 0x0 0x0 0x0 0x0 0x9 0x3 0x0 0x0 0x0 oops 0 methods 0
ciMethod sun/reflect/misc/ReflectUtil checkPackageAccess (Ljava/lang/Class;)V 0 0 1 0 -1
ciMethod sun/reflect/misc/ReflectUtil needsPackageAccessCheck (Ljava/lang/ClassLoader;Ljava/lang/ClassLoader;)Z 0 0 1 0 -1
compile org/springframework/core/annotation/AnnotationsScanner getDeclaredAnnotations (Ljava/lang/reflect/AnnotatedElement;Z)[Ljava/lang/annotation/Annotation; -1 4 inline 281 0 -1 org/springframework/core/annotation/AnnotationsScanner getDeclaredAnnotations (Ljava/lang/reflect/AnnotatedElement;Z)[Ljava/lang/annotation/Annotation; 1 62 org/springframework/core/annotation/AnnotationsScanner isIgnorable (Ljava/lang/Class;)Z 2 4 org/springframework/core/annotation/AnnotationFilter matches (Ljava/lang/Class;)Z 3 2 java/lang/Class getName ()Ljava/lang/String; 3 5 org/springframework/core/annotation/PackagesAnnotationFilter matches (Ljava/lang/String;)Z 4 26 java/lang/String startsWith (Ljava/lang/String;)Z 5 3 java/lang/String startsWith (Ljava/lang/String;I)Z 6 6 java/lang/String length ()I 7 6 java/lang/String coder ()B 6 10 java/lang/String length ()I 7 6 java/lang/String coder ()B 6 39 java/lang/String coder ()B 6 47 java/lang/String coder ()B 1 75 org/springframework/core/annotation/AttributeMethods forAnnotationType (Ljava/lang/Class;)Lorg/springframework/core/annotation/AttributeMethods; 2 12 java/lang/invoke/Invokers$Holder linkToTargetMethod (Ljava/lang/Object;)Ljava/lang/Object; 3 4 java/lang/invoke/LambdaForm$MH+0x0000024b85008000 invoke (Ljava/lang/Object;)Ljava/lang/Object; 2 17 java/util/concurrent/ConcurrentMap computeIfAbsent (Ljava/lang/Object;Ljava/util/function/Function;)Ljava/lang/Object; 3 1 java/util/Objects requireNonNull (Ljava/lang/Object;)Ljava/lang/Object; 3 34 org/springframework/util/ConcurrentReferenceHashMap putIfAbsent (Ljava/lang/Object;Ljava/lang/Object;)Ljava/lang/Object; 4 4 org/springframework/util/ConcurrentReferenceHashMap put (Ljava/lang/Object;Ljava/lang/Object;Z)Ljava/lang/Object; 5 25 org/springframework/util/ConcurrentReferenceHashMap$1 <init> (Lorg/springframework/util/ConcurrentReferenceHashMap;[Lorg/springframework/util/ConcurrentReferenceHashMap$TaskOption;ZLjava/lang/Object;)V 6 19 org/springframework/util/ConcurrentReferenceHashMap$Task <init> (Lorg/springframework/util/ConcurrentReferenceHashMap;[Lorg/springframework/util/ConcurrentReferenceHashMap$TaskOption;)V 7 6 java/lang/Object <init> ()V 7 27 java/util/EnumSet of (Ljava/lang/Enum;[Ljava/lang/Enum;)Ljava/util/EnumSet; 8 1 java/lang/Enum getDeclaringClass ()Ljava/lang/Class; 8 4 java/util/EnumSet noneOf (Ljava/lang/Class;)Ljava/util/EnumSet; 9 1 java/util/EnumSet getUniverse (Ljava/lang/Class;)[Ljava/lang/Enum; 10 0 jdk/internal/access/SharedSecrets getJavaLangAccess ()Ljdk/internal/access/JavaLangAccess; 10 4 java/lang/System$2 getEnumConstantsShared (Ljava/lang/Class;)[Ljava/lang/Enum; 11 1 java/lang/Class getEnumConstantsShared ()[Ljava/lang/Object; 12 10 java/lang/Class isEnum ()Z 12 36 java/lang/Class$3 <init> (Ljava/lang/Class;Ljava/lang/reflect/Method;)V 13 11 java/lang/Object <init> ()V 12 39 java/security/AccessController doPrivileged (Ljava/security/PrivilegedAction;)Ljava/lang/Object; 13 5 java/security/AccessController executePrivileged (Ljava/security/PrivilegedAction;Ljava/security/AccessControlContext;Ljava/lang/Class;)Ljava/lang/Object; 14 29 java/lang/Class$3 run ()Ljava/lang/Object; 14 56 java/lang/ref/Reference reachabilityFence (Ljava/lang/Object;)V 14 60 java/lang/ref/Reference reachabilityFence (Ljava/lang/Object;)V 12 49 java/lang/reflect/Method invoke (Ljava/lang/Object;[Ljava/lang/Object;)Ljava/lang/Object; 13 21 java/lang/reflect/Modifier isStatic (I)Z 9 49 java/util/RegularEnumSet <init> (Ljava/lang/Class;[Ljava/lang/Enum;)V 10 3 java/util/EnumSet <init> (Ljava/lang/Class;[Ljava/lang/Enum;)V 11 1 java/util/AbstractSet <init> ()V 12 1 java/util/AbstractCollection <init> ()V 13 1 java/lang/Object <init> ()V 8 10 java/util/RegularEnumSet add (Ljava/lang/Object;)Z 9 5 java/util/RegularEnumSet add (Ljava/lang/Enum;)Z 10 2 java/util/EnumSet typeCheck (Ljava/lang/Enum;)V 10 17 java/lang/Enum ordinal ()I 8 39 java/util/RegularEnumSet add (Ljava/lang/Object;)Z 9 5 java/util/RegularEnumSet add (Ljava/lang/Enum;)Z 10 2 java/util/EnumSet typeCheck (Ljava/lang/Enum;)V 10 17 java/lang/Enum ordinal ()I 5 28 org/springframework/util/ConcurrentReferenceHashMap doTask (Ljava/lang/Object;Lorg/springframework/util/ConcurrentReferenceHashMap$Task;)Ljava/lang/Object; 6 2 org/springframework/util/ConcurrentReferenceHashMap getHash (Ljava/lang/Object;)I 6 8 org/springframework/util/ConcurrentReferenceHashMap getSegmentForHash (I)Lorg/springframework/util/ConcurrentReferenceHashMap$Segment; 6 14 org/springframework/util/ConcurrentReferenceHashMap$Segment doTask (ILjava/lang/Object;Lorg/springframework/util/ConcurrentReferenceHashMap$Task;)Ljava/lang/Object; 7 4 org/springframework/util/ConcurrentReferenceHashMap$Task hasOption (Lorg/springframework/util/ConcurrentReferenceHashMap$TaskOption;)Z 8 5 java/util/RegularEnumSet contains (Ljava/lang/Object;)Z 9 41 java/lang/Enum ordinal ()I 7 13 org/springframework/util/ConcurrentReferenceHashMap$Task hasOption (Lorg/springframework/util/ConcurrentReferenceHashMap$TaskOption;)Z 8 5 java/util/RegularEnumSet contains (Ljava/lang/Object;)Z 9 41 java/lang/Enum ordinal ()I 7 22 org/springframework/util/ConcurrentReferenceHashMap$Segment restructureIfNecessary (Z)V 8 4 java/util/concurrent/atomic/AtomicInteger get ()I 8 34 org/springframework/util/ConcurrentReferenceHashMap$ReferenceManager pollForPurge ()Lorg/springframework/util/ConcurrentReferenceHashMap$Reference; 9 4 java/lang/ref/ReferenceQueue poll ()Ljava/lang/ref/Reference; 10 17 java/lang/ref/ReferenceQueue reallyPoll ()Ljava/lang/ref/Reference; 7 29 org/springframework/util/ConcurrentReferenceHashMap$Task hasOption (Lorg/springframework/util/ConcurrentReferenceHashMap$TaskOption;)Z 8 5 java/util/RegularEnumSet contains (Ljava/lang/Object;)Z 9 41 java/lang/Enum ordinal ()I 7 54 java/util/concurrent/locks/ReentrantLock lock ()V 8 4 java/util/concurrent/locks/ReentrantLock$Sync lock ()V 9 1 java/util/concurrent/locks/ReentrantLock$NonfairSync initialTryLock ()Z 10 7 java/util/concurrent/locks/AbstractQueuedSynchronizer compareAndSetState (II)Z 10 15 java/util/concurrent/locks/AbstractOwnableSynchronizer setExclusiveOwnerThread (Ljava/lang/Thread;)V 10 21 java/util/concurrent/locks/AbstractOwnableSynchronizer getExclusiveOwnerThread ()Ljava/lang/Thread; 10 29 java/util/concurrent/locks/AbstractQueuedSynchronizer getState ()I 10 51 java/util/concurrent/locks/AbstractQueuedSynchronizer setState (I)V 7 63 org/springframework/util/ConcurrentReferenceHashMap$Segment getIndex (I[Lorg/springframework/util/ConcurrentReferenceHashMap$Reference;)I 7 82 org/springframework/util/ConcurrentReferenceHashMap$Segment findInChain (Lorg/springframework/util/ConcurrentReferenceHashMap$Reference;Ljava/lang/Object;I)Lorg/springframework/util/ConcurrentReferenceHashMap$Reference; 8 10 org/springframework/util/ConcurrentReferenceHashMap$SoftEntryReference getHash ()I 8 21 org/springframework/util/ConcurrentReferenceHashMap$SoftEntryReference get ()Lorg/springframework/util/ConcurrentReferenceHashMap$Entry; 9 1 java/lang/ref/SoftReference get ()Ljava/lang/Object; 8 35 org/springframework/util/ConcurrentReferenceHashMap$Entry getKey ()Ljava/lang/Object; 8 43 org/springframework/util/ObjectUtils nullSafeEquals (Ljava/lang/Object;Ljava/lang/Object;)Z 8 54 org/springframework/util/ConcurrentReferenceHashMap$SoftEntryReference getNext ()Lorg/springframework/util/ConcurrentReferenceHashMap$Reference; 7 112 java/lang/invoke/LambdaForm$MH+0x0000024b85025000 linkToTargetMethod (Ljava/lang/Object;Ljava/lang/Object;ILjava/lang/Object;ILjava/lang/Object;)Ljava/lang/Object; 8 11 java/lang/invoke/LambdaForm$DMH+0x0000024b85024800 newInvokeSpecial (Ljava/lang/Object;Ljava/lang/Object;Ljava/lang/Object;ILjava/lang/Object;I)Ljava/lang/Object; 9 1 java/lang/invoke/DirectMethodHandle allocateInstance (Ljava/lang/Object;)Ljava/lang/Object; 9 7 java/lang/invoke/DirectMethodHandle constructorMethod (Ljava/lang/Object;)Ljava/lang/Object; 9 26 org/springframework/util/ConcurrentReferenceHashMap$Segment$$Lambda$9+0x0000024b85023a50 <init> (Lorg/springframework/util/ConcurrentReferenceHashMap$Segment;Ljava/lang/Object;ILorg/springframework/util/ConcurrentReferenceHashMap$Reference;I)V 10 1 java/lang/Object <init> ()V 7 126 org/springframework/util/ConcurrentReferenceHashMap$1 execute (Lorg/springframework/util/ConcurrentReferenceHashMap$Reference;Lorg/springframework/util/ConcurrentReferenceHashMap$Entry;Lorg/springframework/util/ConcurrentReferenceHashMap$Entries;)Ljava/lang/Object; 8 40 org/springframework/util/Assert state (ZLjava/lang/String;)V 8 48 org/springframework/util/ConcurrentReferenceHashMap$Segment$$Lambda$9+0x0000024b85023a50 add (Ljava/lang/Object;)V 9 21 org/springframework/util/ConcurrentReferenceHashMap$Segment lambda$doTask$0 (Ljava/lang/Object;ILorg/springframework/util/ConcurrentReferenceHashMap$Reference;ILjava/lang/Object;)V 10 7 org/springframework/util/ConcurrentReferenceHashMap$Entry <init> (Ljava/lang/Object;Ljava/lang/Object;)V 11 1 java/lang/Object <init> ()V 10 20 org/springframework/util/ConcurrentReferenceHashMap$ReferenceManager createReference (Lorg/springframework/util/ConcurrentReferenceHashMap$Entry;ILorg/springframework/util/ConcurrentReferenceHashMap$Reference;)Lorg/springframework/util/ConcurrentReferenceHashMap$Reference; 11 39 org/springframework/util/ConcurrentReferenceHashMap$SoftEntryReference <init> (Lorg/springframework/util/ConcurrentReferenceHashMap$Entry;ILorg/springframework/util/ConcurrentReferenceHashMap$Reference;Ljava/lang/ref/ReferenceQueue;)V 12 4 java/lang/ref/SoftReference <init> (Ljava/lang/Object;Ljava/lang/ref/ReferenceQueue;)V 13 3 java/lang/ref/Reference <init> (Ljava/lang/Object;Ljava/lang/ref/ReferenceQueue;)V 14 1 java/lang/Object <init> ()V 10 38 java/util/concurrent/atomic/AtomicInteger incrementAndGet ()I 7 132 java/util/concurrent/locks/ReentrantLock unlock ()V 8 5 java/util/concurrent/locks/AbstractQueuedSynchronizer release (I)Z 9 2 java/util/concurrent/locks/ReentrantLock$Sync tryRelease (I)Z 10 1 java/util/concurrent/locks/AbstractQueuedSynchronizer getState ()I 10 8 java/util/concurrent/locks/AbstractOwnableSynchronizer getExclusiveOwnerThread ()Ljava/lang/Thread; 10 41 java/util/concurrent/locks/AbstractOwnableSynchronizer setExclusiveOwnerThread (Ljava/lang/Thread;)V 10 46 java/util/concurrent/locks/AbstractQueuedSynchronizer setState (I)V 9 12 java/util/concurrent/locks/AbstractQueuedSynchronizer signalNext (Ljava/util/concurrent/locks/AbstractQueuedSynchronizer$Node;)V 7 139 org/springframework/util/ConcurrentReferenceHashMap$Task hasOption (Lorg/springframework/util/ConcurrentReferenceHashMap$TaskOption;)Z 8 5 java/util/RegularEnumSet contains (Ljava/lang/Object;)Z 9 41 java/lang/Enum ordinal ()I 1 80 org/springframework/core/annotation/AttributeMethods canLoad (Ljava/lang/annotation/Annotation;)Z 2 2 org/springframework/core/annotation/AttributeMethods assertAnnotation (Ljava/lang/annotation/Annotation;)V 3 3 org/springframework/util/Assert notNull (Ljava/lang/Object;Ljava/lang/String;)V 3 18 org/springframework/util/Assert isInstanceOf (Ljava/lang/Class;Ljava/lang/Object;)V 4 4 org/springframework/util/Assert isInstanceOf (Ljava/lang/Class;Ljava/lang/Object;Ljava/lang/String;)V 5 3 org/springframework/util/Assert notNull (Ljava/lang/Object;Ljava/lang/String;)V 2 9 org/springframework/core/annotation/AttributeMethods size ()I 2 17 org/springframework/core/annotation/AttributeMethods canThrowTypeNotPresentException (I)Z 2 25 org/springframework/core/annotation/AttributeMethods get (I)Ljava/lang/reflect/Method; 2 29 org/springframework/core/annotation/AnnotationUtils invokeAnnotationMethod (Ljava/lang/reflect/Method;Ljava/lang/Object;)Ljava/lang/Object; 3 10 java/lang/reflect/Proxy isProxyClass (Ljava/lang/Class;)Z 4 10 java/lang/reflect/Proxy$ProxyBuilder isProxyClass (Ljava/lang/Class;)Z 5 4 jdk/internal/loader/AbstractClassLoaderValue sub (Ljava/lang/Object;)Ljdk/internal/loader/AbstractClassLoaderValue$Sub; 6 6 jdk/internal/loader/AbstractClassLoaderValue$Sub <init> (Ljdk/internal/loader/AbstractClassLoaderValue;Ljava/lang/Object;)V 7 6 jdk/internal/loader/AbstractClassLoaderValue <init> ()V 8 1 java/lang/Object <init> ()V 5 8 java/lang/Class getClassLoader ()Ljava/lang/ClassLoader; 6 1 java/lang/Class getClassLoader0 ()Ljava/lang/ClassLoader; 6 11 java/lang/System getSecurityManager ()Ljava/lang/SecurityManager; 7 0 java/lang/System allowSecurityManager ()Z 5 11 jdk/internal/loader/AbstractClassLoaderValue get (Ljava/lang/ClassLoader;)Ljava/lang/Object; 6 1 jdk/internal/loader/AbstractClassLoaderValue map (Ljava/lang/ClassLoader;)Ljava/util/concurrent/ConcurrentHashMap; 7 4 jdk/internal/loader/BootLoader getClassLoaderValueMap ()Ljava/util/concurrent/ConcurrentHashMap; 7 14 java/lang/System$2 createOrGetClassLoaderValueMap (Ljava/lang/ClassLoader;)Ljava/util/concurrent/ConcurrentHashMap; 8 1 java/lang/ClassLoader createOrGetClassLoaderValueMap ()Ljava/util/concurrent/ConcurrentHashMap; 6 5 java/util/concurrent/ConcurrentHashMap get (Ljava/lang/Object;)Ljava/lang/Object; 7 1 jdk/internal/loader/AbstractClassLoaderValue$Sub hashCode ()I 8 3 jdk/internal/loader/AbstractClassLoaderValue$Sub parent ()Ljdk/internal/loader/AbstractClassLoaderValue; 8 14 java/util/Objects hashCode (Ljava/lang/Object;)I 7 4 java/util/concurrent/ConcurrentHashMap spread (I)I 7 34 java/util/concurrent/ConcurrentHashMap tabAt ([Ljava/util/concurrent/ConcurrentHashMap$Node;I)Ljava/util/concurrent/ConcurrentHashMap$Node; 7 73 jdk/internal/loader/AbstractClassLoaderValue$Sub equals (Ljava/lang/Object;)Z 8 22 jdk/internal/loader/AbstractClassLoaderValue$Sub parent ()Ljdk/internal/loader/AbstractClassLoaderValue; 8 26 jdk/internal/loader/AbstractClassLoaderValue$Sub parent ()Ljdk/internal/loader/AbstractClassLoaderValue; 8 29 java/lang/Object equals (Ljava/lang/Object;)Z 8 43 java/util/Objects equals (Ljava/lang/Object;Ljava/lang/Object;)Z 7 149 jdk/internal/loader/AbstractClassLoaderValue$Sub equals (Ljava/lang/Object;)Z 8 22 jdk/internal/loader/AbstractClassLoaderValue$Sub parent ()Ljdk/internal/loader/AbstractClassLoaderValue; 8 26 jdk/internal/loader/AbstractClassLoaderValue$Sub parent ()Ljdk/internal/loader/AbstractClassLoaderValue; 8 29 java/lang/Object equals (Ljava/lang/Object;)Z 8 43 java/util/Objects equals (Ljava/lang/Object;Ljava/lang/Object;)Z 6 11 jdk/internal/loader/AbstractClassLoaderValue extractValue (Ljava/lang/Object;)Ljava/lang/Object; 5 17 java/util/Objects equals (Ljava/lang/Object;Ljava/lang/Object;)Z 3 17 java/lang/reflect/Proxy getInvocationHandler (Ljava/lang/Object;)Ljava/lang/reflect/InvocationHandler; 4 4 java/lang/reflect/Proxy isProxyClass (Ljava/lang/Class;)Z 5 10 java/lang/reflect/Proxy$ProxyBuilder isProxyClass (Ljava/lang/Class;)Z 6 4 jdk/internal/loader/AbstractClassLoaderValue sub (Ljava/lang/Object;)Ljdk/internal/loader/AbstractClassLoaderValue$Sub; 7 6 jdk/internal/loader/AbstractClassLoaderValue$Sub <init> (Ljdk/internal/loader/AbstractClassLoaderValue;Ljava/lang/Object;)V 8 6 jdk/internal/loader/AbstractClassLoaderValue <init> ()V 9 1 java/lang/Object <init> ()V 6 8 java/lang/Class getClassLoader ()Ljava/lang/ClassLoader; 7 1 java/lang/Class getClassLoader0 ()Ljava/lang/ClassLoader; 7 11 java/lang/System getSecurityManager ()Ljava/lang/SecurityManager; 8 0 java/lang/System allowSecurityManager ()Z 6 11 jdk/internal/loader/AbstractClassLoaderValue get (Ljava/lang/ClassLoader;)Ljava/lang/Object; 7 1 jdk/internal/loader/AbstractClassLoaderValue map (Ljava/lang/ClassLoader;)Ljava/util/concurrent/ConcurrentHashMap; 8 4 jdk/internal/loader/BootLoader getClassLoaderValueMap ()Ljava/util/concurrent/ConcurrentHashMap; 8 14 java/lang/System$2 createOrGetClassLoaderValueMap (Ljava/lang/ClassLoader;)Ljava/util/concurrent/ConcurrentHashMap; 9 1 java/lang/ClassLoader createOrGetClassLoaderValueMap ()Ljava/util/concurrent/ConcurrentHashMap; 7 5 java/util/concurrent/ConcurrentHashMap get (Ljava/lang/Object;)Ljava/lang/Object; 8 1 jdk/internal/loader/AbstractClassLoaderValue$Sub hashCode ()I 9 3 jdk/internal/loader/AbstractClassLoaderValue$Sub parent ()Ljdk/internal/loader/AbstractClassLoaderValue; 9 14 java/util/Objects hashCode (Ljava/lang/Object;)I 8 4 java/util/concurrent/ConcurrentHashMap spread (I)I 8 34 java/util/concurrent/ConcurrentHashMap tabAt ([Ljava/util/concurrent/ConcurrentHashMap$Node;I)Ljava/util/concurrent/ConcurrentHashMap$Node; 8 73 jdk/internal/loader/AbstractClassLoaderValue$Sub equals (Ljava/lang/Object;)Z 9 22 jdk/internal/loader/AbstractClassLoaderValue$Sub parent ()Ljdk/internal/loader/AbstractClassLoaderValue; 9 26 jdk/internal/loader/AbstractClassLoaderValue$Sub parent ()Ljdk/internal/loader/AbstractClassLoaderValue; 9 29 java/lang/Object equals (Ljava/lang/Object;)Z 9 43 java/util/Objects equals (Ljava/lang/Object;Ljava/lang/Object;)Z 8 149 jdk/internal/loader/AbstractClassLoaderValue$Sub equals (Ljava/lang/Object;)Z 9 22 jdk/internal/loader/AbstractClassLoaderValue$Sub parent ()Ljdk/internal/loader/AbstractClassLoaderValue; 9 26 jdk/internal/loader/AbstractClassLoaderValue$Sub parent ()Ljdk/internal/loader/AbstractClassLoaderValue; 9 29 java/lang/Object equals (Ljava/lang/Object;)Z 9 43 java/util/Objects equals (Ljava/lang/Object;Ljava/lang/Object;)Z 7 11 jdk/internal/loader/AbstractClassLoaderValue extractValue (Ljava/lang/Object;)Ljava/lang/Object; 6 17 java/util/Objects equals (Ljava/lang/Object;Ljava/lang/Object;)Z 4 30 java/lang/System getSecurityManager ()Ljava/lang/SecurityManager; 5 0 java/lang/System allowSecurityManager ()Z 1 135 org/springframework/util/ConcurrentReferenceHashMap put (Ljava/lang/Object;Ljava/lang/Object;)Ljava/lang/Object; 2 4 org/springframework/util/ConcurrentReferenceHashMap put (Ljava/lang/Object;Ljava/lang/Object;Z)Ljava/lang/Object; 3 25 org/springframework/util/ConcurrentReferenceHashMap$1 <init> (Lorg/springframework/util/ConcurrentReferenceHashMap;[Lorg/springframework/util/ConcurrentReferenceHashMap$TaskOption;ZLjava/lang/Object;)V 4 19 org/springframework/util/ConcurrentReferenceHashMap$Task <init> (Lorg/springframework/util/ConcurrentReferenceHashMap;[Lorg/springframework/util/ConcurrentReferenceHashMap$TaskOption;)V 5 6 java/lang/Object <init> ()V 5 27 java/util/EnumSet of (Ljava/lang/Enum;[Ljava/lang/Enum;)Ljava/util/EnumSet; 6 1 java/lang/Enum getDeclaringClass ()Ljava/lang/Class; 6 4 java/util/EnumSet noneOf (Ljava/lang/Class;)Ljava/util/EnumSet; 7 1 java/util/EnumSet getUniverse (Ljava/lang/Class;)[Ljava/lang/Enum; 8 0 jdk/internal/access/SharedSecrets getJavaLangAccess ()Ljdk/internal/access/JavaLangAccess; 8 4 java/lang/System$2 getEnumConstantsShared (Ljava/lang/Class;)[Ljava/lang/Enum; 9 1 java/lang/Class getEnumConstantsShared ()[Ljava/lang/Object; 10 10 java/lang/Class isEnum ()Z 10 36 java/lang/Class$3 <init> (Ljava/lang/Class;Ljava/lang/reflect/Method;)V 11 11 java/lang/Object <init> ()V 10 39 java/security/AccessController doPrivileged (Ljava/security/PrivilegedAction;)Ljava/lang/Object; 11 5 java/security/AccessController executePrivileged (Ljava/security/PrivilegedAction;Ljava/security/AccessControlContext;Ljava/lang/Class;)Ljava/lang/Object; 12 29 java/lang/Class$3 run ()Ljava/lang/Object; 12 56 java/lang/ref/Reference reachabilityFence (Ljava/lang/Object;)V 12 60 java/lang/ref/Reference reachabilityFence (Ljava/lang/Object;)V 10 49 java/lang/reflect/Method invoke (Ljava/lang/Object;[Ljava/lang/Object;)Ljava/lang/Object; 11 21 java/lang/reflect/Modifier isStatic (I)Z 7 49 java/util/RegularEnumSet <init> (Ljava/lang/Class;[Ljava/lang/Enum;)V 8 3 java/util/EnumSet <init> (Ljava/lang/Class;[Ljava/lang/Enum;)V 9 1 java/util/AbstractSet <init> ()V 10 1 java/util/AbstractCollection <init> ()V 11 1 java/lang/Object <init> ()V 6 10 java/util/RegularEnumSet add (Ljava/lang/Object;)Z 7 5 java/util/RegularEnumSet add (Ljava/lang/Enum;)Z 8 2 java/util/EnumSet typeCheck (Ljava/lang/Enum;)V 8 17 java/lang/Enum ordinal ()I 6 39 java/util/RegularEnumSet add (Ljava/lang/Object;)Z 7 5 java/util/RegularEnumSet add (Ljava/lang/Enum;)Z 8 2 java/util/EnumSet typeCheck (Ljava/lang/Enum;)V 8 17 java/lang/Enum ordinal ()I 3 28 org/springframework/util/ConcurrentReferenceHashMap doTask (Ljava/lang/Object;Lorg/springframework/util/ConcurrentReferenceHashMap$Task;)Ljava/lang/Object; 4 2 org/springframework/util/ConcurrentReferenceHashMap getHash (Ljava/lang/Object;)I 4 8 org/springframework/util/ConcurrentReferenceHashMap getSegmentForHash (I)Lorg/springframework/util/ConcurrentReferenceHashMap$Segment; 4 14 org/springframework/util/ConcurrentReferenceHashMap$Segment doTask (ILjava/lang/Object;Lorg/springframework/util/ConcurrentReferenceHashMap$Task;)Ljava/lang/Object; 5 4 org/springframework/util/ConcurrentReferenceHashMap$Task hasOption (Lorg/springframework/util/ConcurrentReferenceHashMap$TaskOption;)Z 6 5 java/util/RegularEnumSet contains (Ljava/lang/Object;)Z 7 41 java/lang/Enum ordinal ()I 5 13 org/springframework/util/ConcurrentReferenceHashMap$Task hasOption (Lorg/springframework/util/ConcurrentReferenceHashMap$TaskOption;)Z 6 5 java/util/RegularEnumSet contains (Ljava/lang/Object;)Z 7 41 java/lang/Enum ordinal ()I 5 22 org/springframework/util/ConcurrentReferenceHashMap$Segment restructureIfNecessary (Z)V 6 4 java/util/concurrent/atomic/AtomicInteger get ()I 6 34 org/springframework/util/ConcurrentReferenceHashMap$ReferenceManager pollForPurge ()Lorg/springframework/util/ConcurrentReferenceHashMap$Reference; 7 4 java/lang/ref/ReferenceQueue poll ()Ljava/lang/ref/Reference; 8 17 java/lang/ref/ReferenceQueue reallyPoll ()Ljava/lang/ref/Reference; 5 29 org/springframework/util/ConcurrentReferenceHashMap$Task hasOption (Lorg/springframework/util/ConcurrentReferenceHashMap$TaskOption;)Z 6 5 java/util/RegularEnumSet contains (Ljava/lang/Object;)Z 7 41 java/lang/Enum ordinal ()I 5 54 java/util/concurrent/locks/ReentrantLock lock ()V 6 4 java/util/concurrent/locks/ReentrantLock$Sync lock ()V 7 1 java/util/concurrent/locks/ReentrantLock$NonfairSync initialTryLock ()Z 8 7 java/util/concurrent/locks/AbstractQueuedSynchronizer compareAndSetState (II)Z 8 15 java/util/concurrent/locks/AbstractOwnableSynchronizer setExclusiveOwnerThread (Ljava/lang/Thread;)V 8 21 java/util/concurrent/locks/AbstractOwnableSynchronizer getExclusiveOwnerThread ()Ljava/lang/Thread; 8 29 java/util/concurrent/locks/AbstractQueuedSynchronizer getState ()I 8 51 java/util/concurrent/locks/AbstractQueuedSynchronizer setState (I)V 5 63 org/springframework/util/ConcurrentReferenceHashMap$Segment getIndex (I[Lorg/springframework/util/ConcurrentReferenceHashMap$Reference;)I 5 82 org/springframework/util/ConcurrentReferenceHashMap$Segment findInChain (Lorg/springframework/util/ConcurrentReferenceHashMap$Reference;Ljava/lang/Object;I)Lorg/springframework/util/ConcurrentReferenceHashMap$Reference; 6 10 org/springframework/util/ConcurrentReferenceHashMap$SoftEntryReference getHash ()I 6 21 org/springframework/util/ConcurrentReferenceHashMap$SoftEntryReference get ()Lorg/springframework/util/ConcurrentReferenceHashMap$Entry; 7 1 java/lang/ref/SoftReference get ()Ljava/lang/Object; 6 35 org/springframework/util/ConcurrentReferenceHashMap$Entry getKey ()Ljava/lang/Object; 6 43 org/springframework/util/ObjectUtils nullSafeEquals (Ljava/lang/Object;Ljava/lang/Object;)Z 6 54 org/springframework/util/ConcurrentReferenceHashMap$SoftEntryReference getNext ()Lorg/springframework/util/ConcurrentReferenceHashMap$Reference; 5 112 java/lang/invoke/LambdaForm$MH+0x0000024b85025000 linkToTargetMethod (Ljava/lang/Object;Ljava/lang/Object;ILjava/lang/Object;ILjava/lang/Object;)Ljava/lang/Object; 6 11 java/lang/invoke/LambdaForm$DMH+0x0000024b85024800 newInvokeSpecial (Ljava/lang/Object;Ljava/lang/Object;Ljava/lang/Object;ILjava/lang/Object;I)Ljava/lang/Object; 7 1 java/lang/invoke/DirectMethodHandle allocateInstance (Ljava/lang/Object;)Ljava/lang/Object; 7 7 java/lang/invoke/DirectMethodHandle constructorMethod (Ljava/lang/Object;)Ljava/lang/Object; 7 26 org/springframework/util/ConcurrentReferenceHashMap$Segment$$Lambda$9+0x0000024b85023a50 <init> (Lorg/springframework/util/ConcurrentReferenceHashMap$Segment;Ljava/lang/Object;ILorg/springframework/util/ConcurrentReferenceHashMap$Reference;I)V 8 1 java/lang/Object <init> ()V 5 126 org/springframework/util/ConcurrentReferenceHashMap$1 execute (Lorg/springframework/util/ConcurrentReferenceHashMap$Reference;Lorg/springframework/util/ConcurrentReferenceHashMap$Entry;Lorg/springframework/util/ConcurrentReferenceHashMap$Entries;)Ljava/lang/Object; 6 40 org/springframework/util/Assert state (ZLjava/lang/String;)V 6 48 org/springframework/util/ConcurrentReferenceHashMap$Segment$$Lambda$9+0x0000024b85023a50 add (Ljava/lang/Object;)V 7 21 org/springframework/util/ConcurrentReferenceHashMap$Segment lambda$doTask$0 (Ljava/lang/Object;ILorg/springframework/util/ConcurrentReferenceHashMap$Reference;ILjava/lang/Object;)V 8 7 org/springframework/util/ConcurrentReferenceHashMap$Entry <init> (Ljava/lang/Object;Ljava/lang/Object;)V 9 1 java/lang/Object <init> ()V 8 20 org/springframework/util/ConcurrentReferenceHashMap$ReferenceManager createReference (Lorg/springframework/util/ConcurrentReferenceHashMap$Entry;ILorg/springframework/util/ConcurrentReferenceHashMap$Reference;)Lorg/springframework/util/ConcurrentReferenceHashMap$Reference; 9 39 org/springframework/util/ConcurrentReferenceHashMap$SoftEntryReference <init> (Lorg/springframework/util/ConcurrentReferenceHashMap$Entry;ILorg/springframework/util/ConcurrentReferenceHashMap$Reference;Ljava/lang/ref/ReferenceQueue;)V 10 4 java/lang/ref/SoftReference <init> (Ljava/lang/Object;Ljava/lang/ref/ReferenceQueue;)V 11 3 java/lang/ref/Reference <init> (Ljava/lang/Object;Ljava/lang/ref/ReferenceQueue;)V 12 1 java/lang/Object <init> ()V
